Pattern,Date,Np,Nw,Nwi,IWRCUM,OPR,WPR
P01,2000-03-01,0,0,0,,,
P01,2000-04-01,0,0,0,,,
P01,2000-05-01,0,0,0,,,
P01,2000-06-01,0,0,0,,,
P01,2000-07-01,0,0,0,,,
P01,2000-08-01,0,0,0,,,
P01,2000-09-01,0,0,0,,,
P01,2000-10-01,0,0,0,,,
P01,2000-11-01,1168,64,0,0,,
P01,2000-12-01,2341,127,0,0,,
P01,2001-01-01,3451,188,0,0,,
P01,2001-02-01,4512,248,0,0,,
P01,2001-03-01,5643,310,0,0,,
P01,2001-04-01,6839,377,0,0,,
P01,2001-05-01,7934,440,0,0,,
P01,2001-06-01,8908,495,0,0,,
P01,2001-07-01,12646,715,0,0,,
P01,2001-08-01,16547,944,0,0,,
P01,2001-09-01,19454,1119,0,0,,
P01,2001-10-01,22742,1313,0,0,,
P01,2001-11-01,26167,1521,0,0,,
P01,2001-12-01,30400,1782,0,0,,
P01,2002-01-01,35082,2061,0,0,,
P01,2002-02-01,38934,2296,0,0,,
P01,2002-03-01,43376,2589,0,0,,
P01,2002-04-01,47245,2832,0,0,,
P01,2002-05-01,51672,3092,0,0,,
P01,2002-06-01,55627,3354,0,0,,
P01,2002-07-01,59988,3622,0,0,,
P01,2002-08-01,63262,3854,0,0,,
P01,2002-09-01,67347,4100,0,0,,
P01,2002-10-01,71465,4371,0,0,,
P01,2002-11-01,75279,4632,0,0,,
P01,2002-12-01,79103,4891,0,0,,
P01,2003-01-01,83198,5126,0,0,,
P01,2003-02-01,86244,5376,0,0,,
P01,2003-03-01,90456,5614,0,0,,
P01,2003-04-01,93856,5855,0,0,,
P01,2003-05-01,97756,6120,0,0,,
P01,2003-06-01,101062,6369,0,0,,
P01,2003-07-01,104734,6614,0,0,,
P01,2003-08-01,107867,6856,0,0,,
P01,2003-09-01,111550,7066,0,0,,
P01,2003-10-01,114939,7343,0,0,,
P01,2003-11-01,118519,7608,0,0,,
P01,2003-12-01,121698,7818,0,0,,
P01,2004-01-01,125628,8059,0,0,,
P01,2004-02-01,128245,8277,0,0,,
P01,2004-03-01,131625,8507,0,0,,
P01,2004-04-01,134848,8755,0,0,,
P01,2004-05-01,138054,8982,0,0,,
P01,2004-06-01,141129,9245,0,0,,
P01,2004-07-01,144520,9496,0,0,,
P01,2004-08-01,147779,9709,0,0,,
P01,2004-09-01,150545,9960,0,0,,
P01,2004-10-01,153978,10169,0,0,,
P01,2004-11-01,156772,10436,0,0,,
P01,2004-12-01,160131,10636,0,0,,
P01,2005-01-01,163234,10885,0,0,,
P01,2005-02-01,165023,11022,0,0,,
P01,2005-03-01,168594,11289,0,0,,
P01,2005-04-01,170808,11520,0,0,,
P01,2005-05-01,173482,11706,0,0,,
P01,2005-06-01,176226,11907,0,0,,
P01,2005-07-01,178978,12102,0,0,,
P01,2005-08-01,182403,12405,0,0,,
P01,2005-09-01,184826,12637,0,0,,
P01,2005-10-01,188472,12809,0,0,,
P01,2005-11-01,190358,13047,0,0,,
P01,2005-12-01,193532,13296,0,0,,
P01,2006-01-01,196416,13509,0,0,,
P01,2006-02-01,197861,13649,0,0,,
P01,2006-03-01,200951,13867,0,0,,
P01,2006-04-01,203545,14066,0,0,,
P01,2006-05-01,206172,14326,0,0,,
P01,2006-06-01,208907,14538,0,0,,
P01,2006-07-01,210637,14791,0,0,,
P01,2006-08-01,214418,14926,0,0,,
P01,2006-09-01,215564,15135,0,0,,
P01,2006-10-01,218506,15370,0,0,,
P01,2006-11-01,220909,15634,0,0,,
P01,2006-12-01,222970,15797,0,0,,
P01,2007-01-01,224978,16064,0,0,,
P01,2007-02-01,227868,16191,0,0,,
P01,2007-03-01,229587,16423,0,0,,
P01,2007-04-01,232675,16690,0,0,,
P01,2007-05-01,235195,17241,0,0,,
P01,2007-06-01,237603,18570,0,0,,
P01,2007-07-01,241770,20778,0,0,,
P01,2007-08-01,248098,23844,0,0,,
P01,2007-09-01,252680,28326,0,0,,
P01,2007-10-01,261357,33836,0,0,,
P01,2007-11-01,269681,40230,0,0,,
P01,2007-12-01,278048,45728,0,0,,
P01,2008-01-01,288132,51569,0,0,,
P01,2008-02-01,297956,58221,0,0,,
P01,2008-03-01,307527,64644,0,0,,
P01,2008-04-01,318200,70171,0,0,,
P01,2008-05-01,330082,76043,0,0,,
P01,2008-06-01,337223,81064,0,0,,
P01,2008-07-01,347779,86191,0,0,,
P01,2008-08-01,359148,91416,0,0,,
P01,2008-09-01,369767,98122,0,0,,
P01,2008-10-01,381277,105639,0,0,,
P01,2008-11-01,388745,113373,0,0,,
P01,2008-12-01,400581,121082,0,0,,
P01,2009-01-01,410337,129417,0,0,,
P01,2009-02-01,418932,137614,0,0,,
P01,2009-03-01,428535,145416,0,0,,
P01,2009-04-01,438161,154459,0,0,,
P01,2009-05-01,446109,163813,0,0,,
P01,2009-06-01,453751,172348,0,0,,
P01,2009-07-01,460580,180980,0,0,,
P01,2009-08-01,470385,191605,0,0,,
P01,2009-09-01,475197,201137,0,0,,
P01,2009-10-01,483588,211266,0,0,,
P01,2009-11-01,490621,221919,0,0,,
P01,2009-12-01,497969,232082,0,0,,
P01,2010-01-01,505469,243012,0,0,,
P01,2010-02-01,511545,254972,0,0,,
P01,2010-03-01,516254,265392,0,0,,
P01,2010-04-01,525095,275833,0,0,,
P01,2010-05-01,528036,288333,0,0,,
P01,2010-06-01,534034,299328,0,0,,
P01,2010-07-01,540912,312094,0,0,,
P01,2010-08-01,547104,325268,0,0,,
P01,2010-09-01,550513,336700,0,0,,
P01,2010-10-01,554980,347390,0,0,,
P01,2010-11-01,560278,359497,0,0,,
P01,2010-12-01,565488,370371,0,0,,
P01,2011-01-01,568052,382589,12096,0.012,,
P01,2011-02-01,574343,394135,31626,0.031,,
P01,2011-03-01,578316,407329,65940,0.063,,
P01,2011-04-01,580555,419204,107553,0.102,,
P01,2011-05-01,586594,435194,170446,0.158,,
P01,2011-06-01,592721,446792,238246,0.217,,
P01,2011-07-01,597680,463667,305500,0.273,,
P01,2011-08-01,605326,485382,376180,0.327,,
P01,2011-09-01,615250,511323,446170,0.376,,
P01,2011-10-01,629187,533625,514147,0.421,,
P01,2011-11-01,642413,561439,582703,0.461,,
P01,2011-12-01,660163,588403,651712,0.496,,
P01,2012-01-01,677726,622508,725080,0.531,,
P01,2012-02-01,696853,656552,798615,0.562,,
P01,2012-03-01,713340,687425,872789,0.592,,
P01,2012-04-01,737303,725315,941453,0.614,,
P01,2012-05-01,756757,757798,1014663,0.637,,
P01,2012-06-01,779126,793463,1087725,0.659,,
P01,2012-07-01,804788,828796,1154709,0.675,,
P01,2012-08-01,820252,864558,1223619,0.691,1.048,0.958
P01,2012-09-01,844725,899471,1293714,0.71,1.038,0.95
P01,2012-10-01,868202,931377,1359958,0.722,1.043,0.953
P01,2012-11-01,893183,966493,1433080,0.737,1.043,0.949
P01,2012-12-01,916966,1000756,1504179,0.749,1.045,0.949
P01,2013-01-01,938530,1041017,1569691,0.758,1.043,0.954
P01,2013-02-01,955105,1082554,1631759,0.765,1.046,0.958
P01,2013-03-01,971906,1116010,1700789,0.778,1.036,0.953
P01,2013-04-01,993086,1162416,1766510,0.786,1.039,0.956
P01,2013-05-01,1009343,1200531,1843056,0.798,1.035,0.952
P01,2013-06-01,1030088,1246778,1911336,0.805,1.031,0.956
P01,2013-07-01,1046276,1290362,1982763,0.814,1.03,0.958
P01,2013-08-01,1062488,1334455,2050222,0.82,1.03,0.965
P01,2013-09-01,1078348,1380808,2117461,0.826,1.03,0.971
P01,2013-10-01,1097066,1422732,2187809,0.833,1.029,0.976
P01,2013-11-01,1111102,1472600,2252333,0.836,1.029,0.984
P01,2013-12-01,1130370,1520351,2326845,0.845,1.026,0.985
P01,2014-01-01,1138849,1567434,2399586,0.851,1.023,0.986
P01,2014-02-01,1155014,1608140,2461987,0.855,1.02,0.992
P01,2014-03-01,1171485,1657288,2537580,0.863,1.013,0.992
P01,2014-04-01,1184028,1705238,2606280,0.868,1.008,0.996
P01,2014-05-01,1188975,1748917,2674564,0.873,1.002,0.999
P01,2014-06-01,1209737,1800288,2741947,0.878,1.001,1
P01,2014-07-01,1213677,1847565,2806564,0.882,1.002,1.001
P01,2014-08-01,1227396,1891460,2881143,0.889,1.001,0.998
P01,2014-09-01,1238074,1932238,2948151,0.894,1.001,0.998
P01,2014-10-01,1255166,1986903,3019247,0.898,1.001,0.998
P01,2014-11-01,1261334,2054852,3087107,0.902,1,1
P01,2014-12-01,1269146,2087999,3163770,0.909,0.998,0.995
P01,2015-01-01,1280413,2137413,3229766,0.912,0.999,0.996
P01,2015-02-01,1283205,2191496,3293880,0.914,1,0.999
P01,2015-03-01,1296456,2237252,3365010,0.918,1,0.999
P01,2015-04-01,1307971,2284679,3433758,0.921,1,1
P01,2015-05-01,1318627,2338919,3503275,0.925,1,1
P01,2015-06-01,1323660,2393817,3570646,0.928,1,0.999
P01,2015-07-01,1331957,2443999,3642244,0.932,1.001,0.999
P01,2015-08-01,1342310,2497445,3709914,0.933,1.002,1.001
P01,2015-09-01,1344805,2550791,3784197,0.938,1.001,1
P01,2015-10-01,1354664,2610335,3853937,0.941,1,1
P01,2015-11-01,1359365,2658709,3929774,0.947,0.999,0.996
P01,2015-12-01,1372097,2711244,3998684,0.949,0.999,0.997
P01,2016-01-01,1378974,2766829,4069451,0.951,0.999,0.997
P01,2016-02-01,1380921,2825816,4130102,0.952,1,1.001
P01,2016-03-01,1393401,2861524,4204064,0.955,1,1
P01,2016-04-01,1400636,2923737,4267920,0.956,1,1.002
P01,2016-05-01,1406796,2976279,4329148,0.959,1,1.002
P01,2016-06-01,1412912,3010774,4393444,0.96,1,1.004
P01,2016-07-01,1425651,3073003,4463547,0.962,1.001,1.004
P01,2016-08-01,1428794,3128695,4533238,0.964,1,1.005
P01,2016-09-01,1434239,3194486,4599946,0.966,1,1.006
P01,2016-10-01,1444003,3243055,4668710,0.968,1,1.006
P01,2016-11-01,1442427,3291299,4743776,0.971,0.999,1.004
P01,2016-12-01,1457364,3351367,4814751,0.973,0.999,1.004
P01,2017-01-01,1460102,3408843,4886348,0.976,0.998,1.003
P01,2017-02-01,1464231,3478254,4948122,0.976,0.998,1.005
P01,2017-03-01,1471621,3517740,5013867,0.977,0.996,1.006
P01,2017-04-01,1475705,3560956,5092752,0.981,0.989,1.006
P01,2017-05-01,1479958,3641399,5167614,0.983,0.982,1.006
P01,2017-06-01,1487252,3695069,5239593,0.984,0.975,1.009
P01,2017-07-01,1496342,3751724,5312325,0.985,0.969,1.01
P01,2017-08-01,1503930,3805337,5381207,0.986,0.963,1.012
P01,2017-09-01,1509314,3861560,5450102,0.987,0.955,1.015
P01,2017-10-01,1510651,3918624,5518014,0.988,0.948,1.018
P01,2017-11-01,1518380,3962560,5591529,0.99,0.939,1.019
P01,2017-12-01,1520369,4015534,5665485,0.994,0.93,1.017
P01,2018-01-01,1527460,4068160,5737669,0.996,0.922,1.019
P01,2018-02-01,1529460,4135280,5801229,0.995,0.916,1.022
P01,2018-03-01,1543213,4190260,5868511,0.996,0.91,1.023
P01,2018-04-01,1547503,4251613,5937763,0.998,0.904,1.024
P01,2018-05-01,1548673,4302799,6018115,1.002,0.896,1.022
P01,2018-06-01,1555971,4362883,6090115,1.003,0.89,1.022
P01,2018-07-01,1551117,4431879,6163842,1.006,0.884,1.022
P01,2018-08-01,1562077,4484503,6240096,1.008,0.879,1.022
P01,2018-09-01,1571329,4537114,6313287,1.009,0.874,1.023
P01,2018-10-01,1570810,4596055,6392229,1.01,0.869,1.023
P01,2018-11-01,1577483,4653644,6463467,1.011,0.865,1.024
P01,2018-12-01,1582485,4719580,6529456,1.011,0.861,1.026
P01,2019-01-01,1584567,4756111,6598435,1.011,0.858,1.027
P01,2019-02-01,1592742,4835449,6663053,1.012,0.854,1.027
P01,2019-03-01,1594657,4893549,6732301,1.013,0.851,1.027
P01,2019-04-01,1602051,4930182,6801574,1.015,0.848,1.026
P01,2019-05-01,1599938,4987895,6874204,1.017,0.844,1.025
P01,2019-06-01,1608271,5058080,6942400,1.017,0.841,1.025
P01,2019-07-01,1608699,5102441,7016980,1.018,0.835,1.025
P01,2019-08-01,1616489,5176418,7085679,1.019,0.83,1.027
P01,2019-09-01,1621437,5247197,7160298,1.02,0.824,1.027
P01,2019-10-01,1623392,5270758,7227645,1.021,0.819,1.028
P01,2019-11-01,1632170,5351040,7296357,1.021,0.814,1.029
P01,2019-12-01,1630467,5427391,7361073,1.021,0.812,1.03
P01,2020-01-01,1644270,5496391,7432180,1.021,0.811,1.03
P01,2020-02-01,1642313,5541452,7497825,1.022,0.81,1.029
P01,2020-03-01,1644126,5597038,7565675,1.023,0.809,1.029
P01,2020-04-01,1650730,5654117,7627346,1.023,0.808,1.029
P01,2020-05-01,1651564,5700336,7696119,1.023,0.807,1.029
P01,2020-06-01,1655818,5760037,7766700,1.024,0.806,1.031
P01,2020-07-01,1664885,5831311,7836769,1.025,0.805,1.032
P01,2020-08-01,1667223,5877246,7908007,1.026,0.804,1.034
P01,2020-09-01,1674438,5946695,7975435,1.026,0.803,1.037
P01,2020-10-01,1676536,6027579,8045012,1.027,0.802,1.039
P01,2020-11-01,1679597,6064590,8109875,1.027,0.801,1.04
P01,2020-12-01,1679583,6109388,8187366,1.029,0.799,1.038
P01,2021-01-01,1684649,6156424,8257512,1.03,0.797,1.037
P01,2021-02-01,1693067,6195964,8318631,1.03,0.796,1.037
P01,2021-03-01,1692585,6267538,8393731,1.032,0.794,1.035
P01,2021-04-01,1694565,6327934,8465911,1.033,0.793,1.033
P01,2021-05-01,1701455,6380833,8541564,1.034,0.794,1.036
P01,2021-06-01,1702454,6451836,8616699,1.036,0.794,1.037
P01,2021-07-01,1711178,6513394,8678823,1.036,0.795,1.04
P01,2021-08-01,1700728,6581463,8752249,1.036,0.796,1.043
P01,2021-09-01,1716146,6625587,8825176,1.036,0.797,1.046
P01,2021-10-01,1710349,6707277,8897630,1.037,0.795,1.052
P01,2021-11-01,1723581,6746430,8962408,1.038,0.791,1.061
P01,2021-12-01,1719270,6833042,9032196,1.038,0.788,1.071
P01,2022-01-01,1728040,6892031,9098220,1.038,0.785,1.08
P01,2022-02-01,1728636,6943923,9158982,1.038,0.782,1.089
P01,2022-03-01,1726684,6978669,9227728,1.038,0.778,1.099
P01,2022-04-01,1736754,7047157,9304714,1.04,0.776,1.101
P01,2022-05-01,1741721,7080092,9376070,1.041,0.775,1.102
P01,2022-06-01,1747556,7142477,9447512,1.042,0.774,1.104
P01,2022-07-01,1747283,7254167,9516409,1.042,0.773,1.106
P01,2022-08-01,1747212,7243668,9587994,1.043,0.772,1.108
P01,2022-09-01,1750773,7336397,9654741,1.043,0.771,1.108
P01,2022-10-01,1751038,7376944,9722452,1.044,0.77,1.106
P01,2022-11-01,1763284,7442026,9789220,1.044,0.769,1.105
P01,2022-12-01,1761649,7516739,9862634,1.044,0.768,1.103
P01,2023-01-01,1757045,7580583,9932654,1.045,0.766,1.101
P01,2023-02-01,1766089,7655880,9999789,1.045,0.765,1.1
P01,2023-03-01,1772229,7692766,10071542,1.047,0.764,1.097
P01,2023-04-01,1768674,7722088,10140116,1.048,0.763,1.095
P01,2023-05-01,1772437,7812156,10208006,1.048,0.762,1.094
P01,2023-06-01,1773282,7839515,10272941,1.049,0.761,1.092
P01,2023-07-01,1781889,7893986,10347589,1.05,0.76,1.091
P01,2023-08-01,1785780,7948768,10419031,1.051,0.759,1.089
P01,2023-09-01,1783308,8022217,10491850,1.052,0.758,1.086
P01,2023-10-01,1783614,8078689,10559731,1.052,0.758,1.085
P01,2023-11-01,1782178,8154578,10624789,1.052,0.757,1.085
P01,2023-12-01,1795141,8198005,10690255,1.052,0.757,1.084
P01,2024-01-01,1789637,8240595,10755783,1.052,0.756,1.083
P01,2024-02-01,1797462,8300201,10819519,1.052,0.757,1.087
P01,2024-03-01,1797985,8383893,10894551,1.053,0.758,1.095
P01,2024-04-01,1801229,8396406,10967682,1.055,0.759,1.101
P01,2024-05-01,1804656,8492574,11039339,1.056,0.761,1.109
P01,2024-06-01,1802082,8521756,11108504,1.056,0.762,1.116
P01,2024-07-01,1809181,8617043,11181555,1.057,0.764,1.123
P01,2024-08-01,1808766,8654425,11254365,1.057,0.765,1.128
P01,2024-09-01,1807857,8788711,11322879,1.057,0.767,1.133
P01,2024-10-01,1815580,8821195,11389281,1.057,0.768,1.137
P01,2024-11-01,1812110,8830360,11460834,1.058,0.77,1.141
P01,2024-12-01,1821711,8920757,11530748,1.058,0.771,1.145
P01,2025-01-01,1811510,8960239,11600535,1.058,0.772,1.145
P01,2025-02-01,1826819,9027418,11663085,1.058,0.772,1.145
P01,2025-03-01,1831529,9089733,11727757,1.058,0.772,1.143
P01,2025-04-01,1827868,9150565,11793313,1.058,0.772,1.142
P01,2025-05-01,1832065,9214805,11872905,1.059,0.772,1.139
P01,2025-06-01,1828966,9232259,11942355,1.06,0.771,1.137
P01,2025-07-01,1836663,9298787,12005654,1.06,0.771,1.134
P01,2025-08-01,1836264,9349071,12076495,1.061,0.771,1.13
P01,2025-09-01,1833612,9436980,12145462,1.061,0.771,1.127
P01,2025-10-01,1834853,9479450,12219072,1.062,0.77,1.123
P01,2025-11-01,1842487,9557925,12285816,1.062,0.77,1.121
P01,2025-12-01,1838808,9597032,12357928,1.062,0.77,1.118
P01,2026-01-01,1845857,9659211,12431290,1.064,0.769,1.114
P01,2026-02-01,1850228,9697561,12502606,1.064,0.769,1.112
P01,2026-03-01,1845465,9778334,12576984,1.064,0.769,1.109
P01,2026-04-01,1856739,9843293,12640536,1.064,0.769,1.107
P01,2026-05-01,1860234,9864448,12715193,1.065,0.766,1.106
P01,2026-06-01,1855776,9959907,12785612,1.065,0.742,1.112
P01,2026-07-01,1861709,10057716,12855610,1.065,0.72,1.119
P01,2026-08-01,1857718,10106027,12929610,1.065,0.697,1.126
P02,2000-03-01,0,0,0,,,
P02,2000-04-01,0,0,0,,,
P02,2000-05-01,0,0,0,,,
P02,2000-06-01,2003,109,0,0,,
P02,2000-07-01,3719,205,0,0,,
P02,2000-08-01,5675,314,0,0,,
P02,2000-09-01,7620,423,0,0,,
P02,2000-10-01,9506,531,0,0,,
P02,2000-11-01,11275,637,0,0,,
P02,2000-12-01,13295,747,0,0,,
P02,2001-01-01,15036,852,0,0,,
P02,2001-02-01,16846,956,0,0,,
P02,2001-03-01,18573,1061,0,0,,
P02,2001-04-01,20006,1150,0,0,,
P02,2001-05-01,23564,1355,0,0,,
P02,2001-06-01,26742,1550,0,0,,
P02,2001-07-01,31774,1855,0,0,,
P02,2001-08-01,36790,2154,0,0,,
P02,2001-09-01,40785,2381,0,0,,
P02,2001-10-01,45441,2683,0,0,,
P02,2001-11-01,49939,2969,0,0,,
P02,2001-12-01,55715,3334,0,0,,
P02,2002-01-01,62004,3704,0,0,,
P02,2002-02-01,66932,4040,0,0,,
P02,2002-03-01,72660,4408,0,0,,
P02,2002-04-01,78012,4733,0,0,,
P02,2002-05-01,83640,5104,0,0,,
P02,2002-06-01,88305,5426,0,0,,
P02,2002-07-01,94357,5805,0,0,,
P02,2002-08-01,98688,6063,0,0,,
P02,2002-09-01,103890,6391,0,0,,
P02,2002-10-01,109153,6739,0,0,,
P02,2002-11-01,113988,7106,0,0,,
P02,2002-12-01,118926,7436,0,0,,
P02,2003-01-01,123818,7786,0,0,,
P02,2003-02-01,128335,8090,0,0,,
P02,2003-03-01,133795,8450,0,0,,
P02,2003-04-01,138060,8752,0,0,,
P02,2003-05-01,143487,9141,0,0,,
P02,2003-06-01,147988,9448,0,0,,
P02,2003-07-01,152930,9748,0,0,,
P02,2003-08-01,156349,10099,0,0,,
P02,2003-09-01,162138,10432,0,0,,
P02,2003-10-01,166207,10720,0,0,,
P02,2003-11-01,170769,11075,0,0,,
P02,2003-12-01,175454,11386,0,0,,
P02,2004-01-01,180227,11780,0,0,,
P02,2004-02-01,184008,12055,0,0,,
P02,2004-03-01,188745,12396,0,0,,
P02,2004-04-01,192280,12683,0,0,,
P02,2004-05-01,196678,12995,0,0,,
P02,2004-06-01,200859,13285,0,0,,
P02,2004-07-01,205867,13644,0,0,,
P02,2004-08-01,210189,13969,0,0,,
P02,2004-09-01,212959,14320,0,0,,
P02,2004-10-01,217709,14610,0,0,,
P02,2004-11-01,220853,14884,0,0,,
P02,2004-12-01,225599,15273,0,0,,
P02,2005-01-01,229435,15521,0,0,,
P02,2005-02-01,232812,15816,0,0,,
P02,2005-03-01,237051,16104,0,0,,
P02,2005-04-01,240150,16464,0,0,,
P02,2005-05-01,245508,16757,0,0,,
P02,2005-06-01,247956,17061,0,0,,
P02,2005-07-01,252673,17356,0,0,,
P02,2005-08-01,256993,17711,0,0,,
P02,2005-09-01,259380,18009,0,0,,
P02,2005-10-01,264459,18308,0,0,,
P02,2005-11-01,268507,18570,0,0,,
P02,2005-12-01,271380,18907,0,0,,
P02,2006-01-01,275790,19251,0,0,,
P02,2006-02-01,278463,19477,0,0,,
P02,2006-03-01,281474,19695,0,0,,
P02,2006-04-01,286071,20026,0,0,,
P02,2006-05-01,289129,20432,0,0,,
P02,2006-06-01,291984,20642,0,0,,
P02,2006-07-01,295570,20961,0,0,,
P02,2006-08-01,299393,21225,0,0,,
P02,2006-09-01,301686,21526,0,0,,
P02,2006-10-01,305084,21727,0,0,,
P02,2006-11-01,307917,22058,0,0,,
P02,2006-12-01,311576,22328,0,0,,
P02,2007-01-01,314600,22692,0,0,,
P02,2007-02-01,318036,22855,0,0,,
P02,2007-03-01,320906,23200,0,0,,
P02,2007-04-01,323535,23543,0,0,,
P02,2007-05-01,327058,24195,0,0,,
P02,2007-06-01,330482,25585,0,0,,
P02,2007-07-01,335800,27830,0,0,,
P02,2007-08-01,342061,31300,0,0,,
P02,2007-09-01,352146,36054,0,0,,
P02,2007-10-01,359170,42177,0,0,,
P02,2007-11-01,368413,49092,0,0,,
P02,2007-12-01,377903,55552,0,0,,
P02,2008-01-01,388735,61760,0,0,,
P02,2008-02-01,398452,68468,0,0,,
P02,2008-03-01,410414,75741,0,0,,
P02,2008-04-01,420793,83282,0,0,,
P02,2008-05-01,430947,90339,0,0,,
P02,2008-06-01,434898,96729,0,0,,
P02,2008-07-01,446880,104684,0,0,,
P02,2008-08-01,456555,112766,0,0,,
P02,2008-09-01,465271,121247,0,0,,
P02,2008-10-01,477000,130506,0,0,,
P02,2008-11-01,485257,139509,0,0,,
P02,2008-12-01,497071,149442,0,0,,
P02,2009-01-01,504806,160045,0,0,,
P02,2009-02-01,513420,169970,0,0,,
P02,2009-03-01,524021,179453,0,0,,
P02,2009-04-01,533513,190013,0,0,,
P02,2009-05-01,541097,199850,0,0,,
P02,2009-06-01,548942,210072,0,0,,
P02,2009-07-01,558442,220224,0,0,,
P02,2009-08-01,567330,231301,0,0,,
P02,2009-09-01,574503,242377,0,0,,
P02,2009-10-01,582124,253866,0,0,,
P02,2009-11-01,589255,264908,0,0,,
P02,2009-12-01,597395,274971,0,0,,
P02,2010-01-01,606193,285002,0,0,,
P02,2010-02-01,611555,297505,0,0,,
P02,2010-03-01,616042,310371,0,0,,
P02,2010-04-01,623844,322710,0,0,,
P02,2010-05-01,628398,333874,0,0,,
P02,2010-06-01,637334,347669,0,0,,
P02,2010-07-01,643588,360483,0,0,,
P02,2010-08-01,649503,372927,0,0,,
P02,2010-09-01,655083,386448,0,0,,
P02,2010-10-01,656791,395662,0,0,,
P02,2010-11-01,662575,408872,0,0,,
P02,2010-12-01,670522,421304,0,0,,
P02,2011-01-01,672225,432964,13166,0.011,,
P02,2011-02-01,677910,447323,36184,0.03,,
P02,2011-03-01,684972,461657,73276,0.061,,
P02,2011-04-01,685564,474844,124660,0.101,,
P02,2011-05-01,692463,491521,199934,0.16,,
P02,2011-06-01,696187,506284,284330,0.224,,
P02,2011-07-01,704018,523976,367909,0.283,,
P02,2011-08-01,710988,551132,444885,0.334,,
P02,2011-09-01,721870,576928,519897,0.38,,
P02,2011-10-01,728879,603461,600163,0.427,,
P02,2011-11-01,742896,639630,683179,0.47,,
P02,2011-12-01,754541,675250,766730,0.509,,
P02,2012-01-01,771256,713868,839605,0.537,,
P02,2012-02-01,789155,760245,919021,0.565,,
P02,2012-03-01,810635,803142,1003769,0.594,,
P02,2012-04-01,830231,853848,1082198,0.615,,
P02,2012-05-01,849906,901053,1160693,0.633,,
P02,2012-06-01,870597,955123,1232417,0.645,0.845,1.032
P02,2012-07-01,896092,1007172,1314827,0.661,0.848,1.04
P02,2012-08-01,920478,1059946,1387423,0.67,0.862,1.052
P02,2012-09-01,940794,1104773,1468993,0.687,0.861,1.051
P02,2012-10-01,966754,1156692,1550839,0.699,0.867,1.056
P02,2012-11-01,991351,1208864,1626958,0.708,0.879,1.063
P02,2012-12-01,1017984,1261674,1705962,0.717,0.896,1.066
P02,2013-01-01,1041356,1320686,1788583,0.726,0.908,1.068
P02,2013-02-01,1062621,1374704,1862089,0.732,0.914,1.075
P02,2013-03-01,1087870,1429049,1948523,0.742,0.921,1.072
P02,2013-04-01,1113098,1487966,2027375,0.748,0.931,1.076
P02,2013-05-01,1138510,1544843,2108037,0.755,0.946,1.079
P02,2013-06-01,1162172,1599732,2184372,0.759,0.96,1.087
P02,2013-07-01,1185541,1662259,2260660,0.763,0.974,1.096
P02,2013-08-01,1208808,1721541,2339180,0.766,0.983,1.105
P02,2013-09-01,1228453,1789663,2417171,0.77,0.99,1.113
P02,2013-10-01,1255843,1853378,2496661,0.774,0.997,1.119
P02,2013-11-01,1274576,1906224,2573050,0.777,1.002,1.125
P02,2013-12-01,1298876,1977480,2660984,0.783,1.008,1.126
P02,2014-01-01,1319339,2034631,2748742,0.788,1.011,1.127
P02,2014-02-01,1334514,2089603,2824757,0.793,1.009,1.128
P02,2014-03-01,1358081,2156025,2905750,0.798,1.014,1.129
P02,2014-04-01,1372044,2217606,2981522,0.8,1.024,1.131
P02,2014-05-01,1394819,2283573,3058677,0.802,1.033,1.133
P02,2014-06-01,1409140,2341091,3136152,0.805,1.039,1.134
P02,2014-07-01,1423170,2408358,3211749,0.807,1.045,1.136
P02,2014-08-01,1441290,2477235,3292888,0.811,1.05,1.135
P02,2014-09-01,1460715,2538704,3377902,0.816,1.055,1.132
P02,2014-10-01,1471399,2603937,3455226,0.818,1.059,1.134
P02,2014-11-01,1491972,2669360,3533874,0.82,1.064,1.135
P02,2014-12-01,1504382,2739465,3614942,0.823,1.068,1.136
P02,2015-01-01,1520019,2811151,3693443,0.825,1.072,1.138
P02,2015-02-01,1530993,2879804,3766355,0.825,1.077,1.142
P02,2015-03-01,1544450,2949060,3848238,0.828,1.08,1.142
P02,2015-04-01,1554649,3018958,3932056,0.831,1.082,1.141
P02,2015-05-01,1560999,3093589,4017702,0.835,1.082,1.138
P02,2015-06-01,1578643,3165085,4094883,0.837,1.084,1.139
P02,2015-07-01,1592714,3236424,4175716,0.839,1.087,1.14
P02,2015-08-01,1599394,3299554,4267776,0.843,1.089,1.138
P02,2015-09-01,1614756,3389886,4343410,0.843,1.092,1.142
P02,2015-10-01,1620390,3461322,4427798,0.845,1.094,1.142
P02,2015-11-01,1643610,3526159,4506518,0.846,1.096,1.144
P02,2015-12-01,1642436,3595056,4581333,0.847,1.098,1.148
P02,2016-01-01,1655036,3676661,4659050,0.848,1.1,1.149
P02,2016-02-01,1663596,3744317,4732783,0.849,1.101,1.151
P02,2016-03-01,1673630,3816674,4813172,0.85,1.103,1.153
P02,2016-04-01,1688852,3894055,4897805,0.852,1.103,1.153
P02,2016-05-01,1697528,3965851,4980972,0.856,1.103,1.15
P02,2016-06-01,1701917,4022806,5067087,0.859,1.102,1.148
P02,2016-07-01,1717899,4081398,5156540,0.862,1.102,1.145
P02,2016-08-01,1718729,4171140,5235630,0.863,1.102,1.146
P02,2016-09-01,1728765,4245495,5312758,0.864,1.102,1.148
P02,2016-10-01,1742236,4339463,5390583,0.864,1.096,1.151
P02,2016-11-01,1750774,4413461,5467647,0.865,1.089,1.154
P02,2016-12-01,1761622,4460801,5551369,0.866,1.082,1.155
P02,2017-01-01,1768932,4542086,5632954,0.868,1.075,1.157
P02,2017-02-01,1770885,4640445,5707566,0.868,1.069,1.16
P02,2017-03-01,1781650,4713830,5786963,0.869,1.06,1.164
P02,2017-04-01,1784342,4772230,5867018,0.87,1.051,1.166
P02,2017-05-01,1793332,4860669,5946202,0.871,1.043,1.169
P02,2017-06-01,1810442,4945148,6027175,0.871,1.034,1.172
P02,2017-07-01,1811141,5001260,6115280,0.874,1.025,1.172
P02,2017-08-01,1818844,5084469,6198360,0.875,1.018,1.174
P02,2017-09-01,1833434,5162965,6282084,0.876,1.011,1.175
P02,2017-10-01,1832351,5250398,6361031,0.876,1.005,1.178
P02,2017-11-01,1842498,5332604,6440915,0.876,0.999,1.18
P02,2017-12-01,1846381,5382694,6513747,0.878,0.993,1.181
P02,2018-01-01,1856351,5491493,6605231,0.88,0.987,1.179
P02,2018-02-01,1865591,5543628,6682292,0.88,0.982,1.181
P02,2018-03-01,1870711,5623082,6766079,0.882,0.977,1.181
P02,2018-04-01,1874883,5701227,6843479,0.882,0.973,1.183
P02,2018-05-01,1880009,5765725,6925676,0.883,0.968,1.184
P02,2018-06-01,1888100,5828645,7012904,0.885,0.964,1.181
P02,2018-07-01,1900259,5905144,7096852,0.887,0.96,1.18
P02,2018-08-01,1901343,5990684,7177951,0.888,0.956,1.178
P02,2018-09-01,1907258,6066992,7253851,0.888,0.953,1.18
P02,2018-10-01,1910631,6140907,7330263,0.888,0.951,1.181
P02,2018-11-01,1924920,6230109,7409421,0.888,0.945,1.183
P02,2018-12-01,1927220,6321423,7489168,0.888,0.939,1.184
P02,2019-01-01,1930179,6394119,7570577,0.889,0.933,1.186
P02,2019-02-01,1938013,6443721,7644492,0.889,0.928,1.188
P02,2019-03-01,1948827,6550762,7726171,0.89,0.921,1.188
P02,2019-04-01,1960686,6617355,7807204,0.891,0.919,1.187
P02,2019-05-01,1952098,6685337,7887974,0.892,0.918,1.186
P02,2019-06-01,1957038,6782481,7968833,0.892,0.917,1.186
P02,2019-07-01,1963572,6859352,8050255,0.892,0.916,1.186
P02,2019-08-01,1981313,6932248,8131766,0.894,0.914,1.184
P02,2019-09-01,1979467,7026321,8216378,0.894,0.913,1.185
P02,2019-10-01,1981952,7063739,8295732,0.895,0.912,1.188
P02,2019-11-01,1995591,7152045,8375007,0.895,0.911,1.192
P02,2019-12-01,1994870,7252671,8457513,0.895,0.91,1.195
P02,2020-01-01,2005298,7356382,8542050,0.896,0.909,1.197
P02,2020-02-01,2010961,7432871,8614536,0.896,0.908,1.199
P02,2020-03-01,2020149,7510635,8699547,0.896,0.906,1.198
P02,2020-04-01,2013827,7603022,8776851,0.897,0.904,1.197
P02,2020-05-01,2021925,7633777,8864566,0.898,0.902,1.195
P02,2020-06-01,2031027,7742656,8944741,0.899,0.901,1.194
P02,2020-07-01,2035118,7795891,9028031,0.901,0.9,1.193
P02,2020-08-01,2035490,7888328,9111945,0.901,0.902,1.197
P02,2020-09-01,2044064,7962689,9190404,0.901,0.903,1.2
P02,2020-10-01,2052012,8041919,9266326,0.901,0.904,1.204
P02,2020-11-01,2054942,8104603,9347317,0.901,0.905,1.208
P02,2020-12-01,2054333,8168235,9420880,0.901,0.905,1.215
P02,2021-01-01,2069393,8266789,9505951,0.903,0.9,1.225
P02,2021-02-01,2070987,8327662,9576712,0.903,0.896,1.237
P02,2021-03-01,2070125,8414295,9657074,0.903,0.892,1.248
P02,2021-04-01,2073786,8507849,9736910,0.904,0.888,1.259
P02,2021-05-01,2079795,8577992,9822296,0.904,0.884,1.269
P02,2021-06-01,2086245,8637567,9900638,0.905,0.883,1.272
P02,2021-07-01,2086313,8729664,9981842,0.905,0.882,1.274
P02,2021-08-01,2097551,8791676,10067282,0.906,0.881,1.276
P02,2021-09-01,2095966,8885433,10146914,0.906,0.88,1.279
P02,2021-10-01,2098613,8976702,10224209,0.906,0.879,1.281
P02,2021-11-01,2113838,9022825,10299752,0.906,0.878,1.279
P02,2021-12-01,2119422,9140187,10385944,0.907,0.877,1.277
P02,2022-01-01,2119964,9219254,10470608,0.908,0.876,1.274
P02,2022-02-01,2113193,9260392,10547564,0.908,0.875,1.272
P02,2022-03-01,2126904,9370887,10623882,0.908,0.874,1.271
P02,2022-04-01,2130446,9451270,10696516,0.907,0.873,1.271
P02,2022-05-01,2132780,9512530,10777680,0.908,0.873,1.269
P02,2022-06-01,2132106,9619809,10851852,0.908,0.872,1.269
P02,2022-07-01,2137872,9731064,10930905,0.908,0.871,1.267
P02,2022-08-01,2141303,9797355,11008036,0.908,0.87,1.267
P02,2022-09-01,2147558,9848709,11086723,0.908,0.87,1.265
P02,2022-10-01,2155392,9873252,11161768,0.908,0.869,1.263
P02,2022-11-01,2157805,9988794,11235904,0.908,0.869,1.262
P02,2022-12-01,2151777,10094708,11320413,0.909,0.868,1.26
P02,2023-01-01,2157351,10176389,11409752,0.91,0.867,1.257
P02,2023-02-01,2163095,10241184,11481636,0.91,0.869,1.264
P02,2023-03-01,2173733,10339009,11565686,0.911,0.87,1.273
P02,2023-04-01,2167040,10383055,11641016,0.911,0.872,1.281
P02,2023-05-01,2178952,10458723,11721778,0.912,0.874,1.291
P02,2023-06-01,2184718,10518791,11797639,0.912,0.876,1.3
P02,2023-07-01,2182203,10643962,11877039,0.912,0.878,1.308
P02,2023-08-01,2187239,10682084,11958070,0.913,0.88,1.314
P02,2023-09-01,2192063,10828382,12044314,0.913,0.882,1.318
P02,2023-10-01,2198952,10825405,12127955,0.914,0.884,1.324
P02,2023-11-01,2190562,10907274,12206936,0.914,0.886,1.33
P02,2023-12-01,2199360,11048618,12292223,0.914,0.887,1.331
P02,2024-01-01,2204656,11076552,12377808,0.915,0.887,1.328
P02,2024-02-01,2201351,11170875,12451480,0.915,0.887,1.327
P02,2024-03-01,2206198,11279501,12532498,0.915,0.888,1.325
P02,2024-04-01,2215141,11342982,12607879,0.915,0.888,1.322
P02,2024-05-01,2221650,11436117,12689896,0.916,0.888,1.318
P02,2024-06-01,2220566,11509686,12766846,0.916,0.887,1.315
P02,2024-07-01,2221770,11594476,12841081,0.916,0.888,1.312
P02,2024-08-01,2228040,11703111,12921638,0.916,0.887,1.308
P02,2024-09-01,2230194,11723480,12997421,0.916,0.887,1.305
P02,2024-10-01,2228840,11770139,13078660,0.916,0.887,1.301
P02,2024-11-01,2238706,11872839,13156978,0.916,0.887,1.299
P02,2024-12-01,2237994,11958990,13237438,0.916,0.887,1.296
P02,2025-01-01,2234513,12062799,13312179,0.916,0.887,1.294
P02,2025-02-01,2242451,12137477,13382232,0.916,0.887,1.292
P02,2025-03-01,2246457,12203802,13460479,0.916,0.887,1.289
P02,2025-04-01,2247531,12308679,13538671,0.916,0.863,1.296
P02,2025-05-01,2255019,12409153,13618031,0.916,0.835,1.305
P02,2025-06-01,2254485,12445628,13693328,0.917,0.81,1.312
P02,2025-07-01,2261366,12521756,13768441,0.917,0.787,1.32
P02,2025-08-01,2255207,12602085,13851878,0.917,0.763,1.328
P02,2025-09-01,2265409,12674539,13929005,0.917,0.755,1.332
P02,2025-10-01,2265448,12764983,14004598,0.917,0.754,1.333
P02,2025-11-01,2265230,12881964,14087590,0.918,0.754,1.333
P02,2025-12-01,2269995,12935354,14170382,0.919,0.753,1.332
P02,2026-01-01,2269737,13022402,14247699,0.919,0.752,1.333
P02,2026-02-01,2276160,13085700,14325228,0.919,0.752,1.333
P02,2026-03-01,2280794,13195672,14403891,0.919,0.751,1.33
P02,2026-04-01,2275829,13232022,14482500,0.919,0.751,1.328
P02,2026-05-01,2279120,13357365,14563202,0.919,0.75,1.325
P02,2026-06-01,2276321,13407076,14647109,0.919,0.75,1.322
P02,2026-07-01,2285510,13523841,14720992,0.919,0.743,1.324
P02,2026-08-01,2285988,13565098,14807317,0.919,0.719,1.332
P03,2000-03-01,0,0,0,,,
P03,2000-04-01,0,0,0,,,
P03,2000-05-01,0,0,0,,,
P03,2000-06-01,1512,83,0,0,,
P03,2000-07-01,2813,155,0,0,,
P03,2000-08-01,4278,238,0,0,,
P03,2000-09-01,5750,319,0,0,,
P03,2000-10-01,7173,401,0,0,,
P03,2000-11-01,8534,479,0,0,,
P03,2000-12-01,12302,689,0,0,,
P03,2001-01-01,15775,890,0,0,,
P03,2001-02-01,19049,1071,0,0,,
P03,2001-03-01,22743,1282,0,0,,
P03,2001-04-01,25790,1460,0,0,,
P03,2001-05-01,30652,1738,0,0,,
P03,2001-06-01,34935,1996,0,0,,
P03,2001-07-01,39402,2259,0,0,,
P03,2001-08-01,44120,2533,0,0,,
P03,2001-09-01,50329,2909,0,0,,
P03,2001-10-01,56716,3286,0,0,,
P03,2001-11-01,63078,3666,0,0,,
P03,2001-12-01,69446,4048,0,0,,
P03,2002-01-01,76090,4457,0,0,,
P03,2002-02-01,81535,4786,0,0,,
P03,2002-03-01,87270,5160,0,0,,
P03,2002-04-01,93572,5536,0,0,,
P03,2002-05-01,99749,5912,0,0,,
P03,2002-06-01,105972,6306,0,0,,
P03,2002-07-01,111588,6657,0,0,,
P03,2002-08-01,117332,7026,0,0,,
P03,2002-09-01,122707,7344,0,0,,
P03,2002-10-01,128433,7794,0,0,,
P03,2002-11-01,133980,8125,0,0,,
P03,2002-12-01,139703,8477,0,0,,
P03,2003-01-01,145092,8853,0,0,,
P03,2003-02-01,149710,9151,0,0,,
P03,2003-03-01,156116,9529,0,0,,
P03,2003-04-01,160767,9868,0,0,,
P03,2003-05-01,166395,10266,0,0,,
P03,2003-06-01,171185,10625,0,0,,
P03,2003-07-01,176028,10955,0,0,,
P03,2003-08-01,181529,11325,0,0,,
P03,2003-09-01,185637,11644,0,0,,
P03,2003-10-01,190860,12052,0,0,,
P03,2003-11-01,196973,12362,0,0,,
P03,2003-12-01,200398,12679,0,0,,
P03,2004-01-01,206038,13041,0,0,,
P03,2004-02-01,210193,13308,0,0,,
P03,2004-03-01,215272,13764,0,0,,
P03,2004-04-01,220044,14004,0,0,,
P03,2004-05-01,224318,14344,0,0,,
P03,2004-06-01,228903,14648,0,0,,
P03,2004-07-01,232852,15026,0,0,,
P03,2004-08-01,238579,15386,0,0,,
P03,2004-09-01,242360,15705,0,0,,
P03,2004-10-01,247639,16047,0,0,,
P03,2004-11-01,251664,16338,0,0,,
P03,2004-12-01,256025,16681,0,0,,
P03,2005-01-01,260511,16980,0,0,,
P03,2005-02-01,264365,17347,0,0,,
P03,2005-03-01,268902,17659,0,0,,
P03,2005-04-01,273343,18022,0,0,,
P03,2005-05-01,276281,18312,0,0,,
P03,2005-06-01,280749,18604,0,0,,
P03,2005-07-01,284778,18972,0,0,,
P03,2005-08-01,289846,19271,0,0,,
P03,2005-09-01,292984,19700,0,0,,
P03,2005-10-01,296840,20022,0,0,,
P03,2005-11-01,300612,20282,0,0,,
P03,2005-12-01,304248,20584,0,0,,
P03,2006-01-01,309028,20857,0,0,,
P03,2006-02-01,312205,21103,0,0,,
P03,2006-03-01,316111,21466,0,0,,
P03,2006-04-01,320324,21785,0,0,,
P03,2006-05-01,323946,22179,0,0,,
P03,2006-06-01,327919,22460,0,0,,
P03,2006-07-01,332252,22663,0,0,,
P03,2006-08-01,335903,23103,0,0,,
P03,2006-09-01,338110,23356,0,0,,
P03,2006-10-01,342537,23715,0,0,,
P03,2006-11-01,345700,23893,0,0,,
P03,2006-12-01,348795,24215,0,0,,
P03,2007-01-01,352412,24549,0,0,,
P03,2007-02-01,355543,24865,0,0,,
P03,2007-03-01,359110,25157,0,0,,
P03,2007-04-01,361851,25364,0,0,,
P03,2007-05-01,365131,25757,0,0,,
P03,2007-06-01,369027,26429,0,0,,
P03,2007-07-01,373461,27400,0,0,,
P03,2007-08-01,376906,28446,0,0,,
P03,2007-09-01,381665,29965,0,0,,
P03,2007-10-01,386108,32077,0,0,,
P03,2007-11-01,390643,34092,0,0,,
P03,2007-12-01,397319,36370,0,0,,
P03,2008-01-01,401771,38512,0,0,,
P03,2008-02-01,407296,40722,0,0,,
P03,2008-03-01,412142,43051,0,0,,
P03,2008-04-01,415949,45841,0,0,,
P03,2008-05-01,421287,48360,0,0,,
P03,2008-06-01,423971,51349,0,0,,
P03,2008-07-01,429928,54643,0,0,,
P03,2008-08-01,434274,57408,0,0,,
P03,2008-09-01,439409,60584,0,0,,
P03,2008-10-01,441878,63373,0,0,,
P03,2008-11-01,448820,66755,0,0,,
P03,2008-12-01,452879,69705,0,0,,
P03,2009-01-01,457851,72998,0,0,,
P03,2009-02-01,459988,76073,0,0,,
P03,2009-03-01,464250,79604,0,0,,
P03,2009-04-01,468634,82779,0,0,,
P03,2009-05-01,473797,85936,0,0,,
P03,2009-06-01,479670,88725,0,0,,
P03,2009-07-01,481331,92050,0,0,,
P03,2009-08-01,486502,95136,0,0,,
P03,2009-09-01,489922,98599,0,0,,
P03,2009-10-01,494202,102118,0,0,,
P03,2009-11-01,499004,105600,0,0,,
P03,2009-12-01,502121,109097,0,0,,
P03,2010-01-01,504325,112142,0,0,,
P03,2010-02-01,508677,115785,0,0,,
P03,2010-03-01,512407,119562,0,0,,
P03,2010-04-01,515217,123157,0,0,,
P03,2010-05-01,520119,127418,0,0,,
P03,2010-06-01,520725,130946,0,0,,
P03,2010-07-01,526651,135133,0,0,,
P03,2010-08-01,528446,138253,0,0,,
P03,2010-09-01,532527,142592,0,0,,
P03,2010-10-01,533989,146235,0,0,,
P03,2010-11-01,538011,150453,0,0,,
P03,2010-12-01,542353,154565,0,0,,
P03,2011-01-01,545382,158164,0,0,,
P03,2011-02-01,548033,162356,0,0,,
P03,2011-03-01,551899,166845,0,0,,
P03,2011-04-01,552734,170917,0,0,,
P03,2011-05-01,554653,175790,0,0,,
P03,2011-06-01,558513,180712,10959,0.014,,
P03,2011-07-01,559990,187296,33353,0.041,,
P03,2011-08-01,565121,194514,65395,0.08,,
P03,2011-09-01,568853,204037,109852,0.133,,
P03,2011-10-01,572502,214322,165739,0.196,,
P03,2011-11-01,576851,226810,232774,0.27,,
P03,2011-12-01,584157,241501,300806,0.341,,
P03,2012-01-01,594801,257754,369710,0.407,,
P03,2012-02-01,603568,277827,440598,0.468,,
P03,2012-03-01,618210,297694,508962,0.52,,
P03,2012-04-01,634238,324083,572376,0.561,,
P03,2012-05-01,652238,348244,638502,0.599,,
P03,2012-06-01,673991,376058,705291,0.633,,
P03,2012-07-01,693413,402995,769160,0.66,,
P03,2012-08-01,720258,432252,836669,0.686,,
P03,2012-09-01,740172,460407,899951,0.707,,
P03,2012-10-01,766527,486485,970628,0.731,,
P03,2012-11-01,790814,514842,1043930,0.755,,
P03,2012-12-01,817229,542985,1111160,0.77,,
P03,2013-01-01,847619,570756,1182109,0.787,,
P03,2013-02-01,866751,605420,1236572,0.793,,
P03,2013-03-01,899643,631290,1306322,0.808,1.333,0.645
P03,2013-04-01,923995,658140,1369442,0.817,1.333,0.652
P03,2013-05-01,953822,688143,1441809,0.832,1.326,0.653
P03,2013-06-01,980025,717990,1506483,0.84,1.326,0.66
P03,2013-07-01,1007079,748962,1575470,0.85,1.318,0.666
P03,2013-08-01,1031291,782905,1640412,0.857,1.308,0.675
P03,2013-09-01,1052413,818814,1704027,0.862,1.299,0.686
P03,2013-10-01,1078641,854962,1770792,0.87,1.291,0.692
P03,2013-11-01,1100255,888904,1834800,0.877,1.287,0.697
P03,2013-12-01,1121514,918259,1904305,0.883,1.288,0.703
P03,2014-01-01,1149473,953831,1977654,0.892,1.285,0.704
P03,2014-02-01,1166925,989011,2043291,0.901,1.276,0.706
P03,2014-03-01,1188402,1023475,2109914,0.907,1.271,0.711
P03,2014-04-01,1210616,1060298,2182046,0.914,1.265,0.714
P03,2014-05-01,1233589,1101749,2253321,0.92,1.267,0.72
P03,2014-06-01,1251212,1137157,2321175,0.925,1.264,0.728
P03,2014-07-01,1267067,1178106,2386253,0.929,1.262,0.736
P03,2014-08-01,1285257,1219961,2458464,0.935,1.256,0.742
P03,2014-09-01,1299105,1255361,2522157,0.939,1.252,0.75
P03,2014-10-01,1311220,1301998,2583624,0.941,1.247,0.759
P03,2014-11-01,1328766,1348197,2653290,0.946,1.242,0.765
P03,2014-12-01,1347610,1386058,2719506,0.95,1.236,0.771
P03,2015-01-01,1359817,1431541,2790648,0.954,1.23,0.776
P03,2015-02-01,1377687,1474510,2859464,0.958,1.224,0.782
P03,2015-03-01,1391120,1516625,2924539,0.96,1.219,0.789
P03,2015-04-01,1405452,1557561,2989522,0.962,1.211,0.796
P03,2015-05-01,1420812,1601909,3058906,0.967,1.205,0.8
P03,2015-06-01,1428538,1657389,3120937,0.969,1.205,0.805
P03,2015-07-01,1450121,1696466,3189794,0.971,1.205,0.809
P03,2015-08-01,1454993,1742665,3258642,0.974,1.206,0.814
P03,2015-09-01,1473257,1793493,3322461,0.975,1.205,0.819
P03,2015-10-01,1480160,1836868,3391266,0.978,1.203,0.822
P03,2015-11-01,1485760,1889697,3455799,0.98,1.201,0.827
P03,2015-12-01,1507842,1937414,3519392,0.981,1.201,0.832
P03,2016-01-01,1503204,1979534,3587580,0.985,1.2,0.833
P03,2016-02-01,1520777,2022119,3651101,0.987,1.2,0.836
P03,2016-03-01,1534094,2076519,3719348,0.989,1.2,0.839
P03,2016-04-01,1540606,2125151,3787820,0.991,1.2,0.842
P03,2016-05-01,1555180,2177317,3848698,0.991,1.2,0.847
P03,2016-06-01,1567627,2224333,3909475,0.992,1.2,0.851
P03,2016-07-01,1574212,2273865,3977343,0.994,1.2,0.853
P03,2016-08-01,1578470,2327382,4043119,0.995,1.201,0.856
P03,2016-09-01,1598285,2386620,4106305,0.995,1.201,0.86
P03,2016-10-01,1597790,2435012,4169833,0.995,1.203,0.864
P03,2016-11-01,1614516,2488587,4236223,0.996,1.204,0.868
P03,2016-12-01,1619933,2531619,4310583,0.997,1.205,0.87
P03,2017-01-01,1634792,2587996,4373423,0.998,1.207,0.873
P03,2017-02-01,1648508,2639286,4432469,0.996,1.209,0.879
P03,2017-03-01,1657381,2700994,4500945,0.997,1.212,0.882
P03,2017-04-01,1668743,2751529,4562829,0.997,1.214,0.884
P03,2017-05-01,1677853,2789715,4631972,0.998,1.216,0.886
P03,2017-06-01,1691952,2851974,4694606,0.998,1.219,0.889
P03,2017-07-01,1699022,2891532,4770283,1,1.221,0.89
P03,2017-08-01,1706085,2969039,4838666,1,1.224,0.893
P03,2017-09-01,1720270,3015693,4903589,1.001,1.227,0.895
P03,2017-10-01,1734405,3068374,4968084,1,1.229,0.899
P03,2017-11-01,1740898,3117943,5030466,1,1.231,0.903
P03,2017-12-01,1749411,3186128,5094751,0.999,1.233,0.906
P03,2018-01-01,1764496,3219556,5164873,1.001,1.234,0.907
P03,2018-02-01,1768974,3276564,5228634,1.001,1.235,0.91
P03,2018-03-01,1776214,3328411,5294373,1.001,1.236,0.912
P03,2018-04-01,1790935,3382486,5364534,1.002,1.238,0.913
P03,2018-05-01,1797001,3451534,5433035,1.002,1.239,0.914
P03,2018-06-01,1805420,3497222,5493314,1.002,1.24,0.917
P03,2018-07-01,1820364,3554081,5564945,1.003,1.241,0.918
P03,2018-08-01,1818115,3599843,5633514,1.005,1.241,0.917
P03,2018-09-01,1834376,3665413,5705619,1.005,1.235,0.92
P03,2018-10-01,1844496,3712565,5773881,1.006,1.23,0.923
P03,2018-11-01,1856779,3782697,5842101,1.006,1.223,0.926
P03,2018-12-01,1859300,3837067,5908602,1.006,1.217,0.929
P03,2019-01-01,1864592,3889612,5980532,1.008,1.209,0.93
P03,2019-02-01,1870289,3946139,6043593,1.008,1.203,0.933
P03,2019-03-01,1887452,4004918,6112215,1.008,1.195,0.936
P03,2019-04-01,1884672,4049260,6182535,1.01,1.185,0.937
P03,2019-05-01,1890844,4107860,6252651,1.011,1.176,0.94
P03,2019-06-01,1899098,4159007,6316443,1.011,1.168,0.943
P03,2019-07-01,1908705,4226304,6389380,1.012,1.159,0.946
P03,2019-08-01,1917418,4279724,6458649,1.014,1.15,0.946
P03,2019-09-01,1924252,4331343,6530499,1.015,1.142,0.948
P03,2019-10-01,1927095,4373226,6601018,1.016,1.135,0.95
P03,2019-11-01,1929293,4449249,6667747,1.016,1.129,0.953
P03,2019-12-01,1940624,4506194,6735497,1.016,1.123,0.955
P03,2020-01-01,1943446,4546071,6808884,1.017,1.116,0.957
P03,2020-02-01,1956140,4627273,6873252,1.016,1.111,0.959
P03,2020-03-01,1953773,4667644,6940122,1.016,1.105,0.962
P03,2020-04-01,1967321,4747500,7005828,1.017,1.1,0.964
P03,2020-05-01,1960631,4797906,7076474,1.017,1.095,0.965
P03,2020-06-01,1972090,4844666,7143878,1.019,1.09,0.965
P03,2020-07-01,1977495,4898276,7213303,1.02,1.085,0.965
P03,2020-08-01,1985175,4957204,7287089,1.021,1.08,0.967
P03,2020-09-01,1995192,5011140,7351802,1.021,1.076,0.969
P03,2020-10-01,1999850,5084934,7422162,1.021,1.072,0.97
P03,2020-11-01,2000205,5124033,7487034,1.022,1.068,0.97
P03,2020-12-01,2008565,5184285,7556794,1.022,1.065,0.972
P03,2021-01-01,2011236,5250810,7622957,1.023,1.061,0.971
P03,2021-02-01,2013749,5296830,7694979,1.024,1.057,0.971
P03,2021-03-01,2021481,5361513,7762208,1.024,1.054,0.972
P03,2021-04-01,2027786,5394720,7827449,1.024,1.05,0.974
P03,2021-05-01,2033955,5495804,7895547,1.024,1.044,0.976
P03,2021-06-01,2038253,5549618,7965240,1.024,1.038,0.977
P03,2021-07-01,2034023,5595347,8029023,1.024,1.033,0.979
P03,2021-08-01,2052290,5661178,8096956,1.024,1.028,0.981
P03,2021-09-01,2057320,5720080,8164618,1.024,1.022,0.982
P03,2021-10-01,2054027,5782289,8233525,1.024,1.016,0.984
P03,2021-11-01,2066398,5848213,8302030,1.024,1.015,0.985
P03,2021-12-01,2075400,5890856,8376830,1.025,1.013,0.984
P03,2022-01-01,2068019,5986882,8445535,1.025,1.012,0.985
P03,2022-02-01,2075893,6036301,8510397,1.024,1.011,0.986
P03,2022-03-01,2080424,6097498,8586186,1.025,1.01,0.986
P03,2022-04-01,2095218,6155119,8650161,1.024,1.01,0.987
P03,2022-05-01,2097761,6211937,8719477,1.025,1.009,0.989
P03,2022-06-01,2102047,6264956,8786209,1.024,1.008,0.992
P03,2022-07-01,2099186,6343615,8854756,1.024,1.008,0.995
P03,2022-08-01,2106292,6404379,8920392,1.024,1.008,0.998
P03,2022-09-01,2123558,6460941,8985897,1.023,1.008,1.001
P03,2022-10-01,2135530,6509864,9054547,1.022,1.009,1.004
P03,2022-11-01,2132358,6573665,9124729,1.022,1.009,1.006
P03,2022-12-01,2139608,6646546,9192352,1.021,1.009,1.007
P03,2023-01-01,2144904,6748243,9257306,1.02,1.009,1.008
P03,2023-02-01,2156060,6753890,9318895,1.018,1.01,1.011
P03,2023-03-01,2163425,6843243,9383853,1.018,1.01,1.011
P03,2023-04-01,2166220,6911074,9451476,1.017,1.01,1.011
P03,2023-05-01,2175734,6980551,9516287,1.016,1.011,1.013
P03,2023-06-01,2181551,7034374,9586535,1.016,1.013,1.015
P03,2023-07-01,2195382,7116294,9658065,1.016,1.016,1.018
P03,2023-08-01,2196062,7180091,9727768,1.015,1.019,1.021
P03,2023-09-01,2206575,7227997,9798367,1.015,1.022,1.024
P03,2023-10-01,2212163,7293823,9864081,1.013,1.026,1.028
P03,2023-11-01,2228014,7387569,9934641,1.012,1.029,1.032
P03,2023-12-01,2229803,7428459,10001062,1.011,1.03,1.038
P03,2024-01-01,2246176,7504679,10069469,1.01,1.029,1.047
P03,2024-02-01,2254554,7584113,10126791,1.008,1.027,1.057
P03,2024-03-01,2256211,7651913,10194278,1.007,1.026,1.067
P03,2024-04-01,2267669,7683926,10258025,1.006,1.024,1.076
P03,2024-05-01,2276559,7775175,10325320,1.006,1.022,1.084
P03,2024-06-01,2286228,7789181,10390549,1.005,1.02,1.094
P03,2024-07-01,2286545,7879846,10457059,1.004,1.021,1.098
P03,2024-08-01,2300898,7942311,10527742,1.004,1.021,1.101
P03,2024-09-01,2312630,8008262,10598440,1.004,1.021,1.103
P03,2024-10-01,2313389,8107607,10665248,1.003,1.022,1.106
P03,2024-11-01,2314623,8163859,10726592,1.002,1.022,1.109
P03,2024-12-01,2319570,8233519,10798720,1.002,1.023,1.112
P03,2025-01-01,2330185,8260769,10868699,1.002,1.023,1.113
P03,2025-02-01,2332046,8339363,10929949,1.001,1.024,1.113
P03,2025-03-01,2341872,8422518,11004030,1.001,1.025,1.112
P03,2025-04-01,2357226,8466778,11064543,1,1.025,1.113
P03,2025-05-01,2355263,8546464,11138053,1,1.026,1.111
P03,2025-06-01,2364387,8646831,11208859,1,1.026,1.109
P03,2025-07-01,2370717,8660302,11275023,1,1.026,1.109
P03,2025-08-01,2368797,8771598,11344515,0.999,1.027,1.109
P03,2025-09-01,2385398,8800949,11409840,0.998,1.027,1.11
P03,2025-10-01,2379001,8886014,11475821,0.997,1.027,1.11
P03,2025-11-01,2401112,8958941,11544314,0.997,1.028,1.111
P03,2025-12-01,2398220,9024820,11608881,0.996,1.028,1.11
P03,2026-01-01,2403441,9097791,11672545,0.996,1.028,1.111
P03,2026-02-01,2413749,9155369,11732684,0.995,1.028,1.112
P03,2026-03-01,2415231,9206450,11804604,0.995,1.028,1.111
P03,2026-04-01,2418581,9314899,11865045,0.994,1.029,1.111
P03,2026-05-01,2429076,9299665,11933762,0.994,1.028,1.11
P03,2026-06-01,2429112,9379897,12002783,0.994,1.029,1.109
P03,2026-07-01,2431589,9437876,12074458,0.994,1.029,1.108
P03,2026-08-01,2445258,9536335,12147457,0.994,1.029,1.108
P04,2000-03-01,0,0,0,,,
P04,2000-04-01,0,0,0,,,
P04,2000-05-01,0,0,0,,,
P04,2000-06-01,0,0,0,,,
P04,2000-07-01,1246,65,0,0,,
P04,2000-08-01,2569,133,0,0,,
P04,2000-09-01,4354,228,0,0,,
P04,2000-10-01,6158,323,0,0,,
P04,2000-11-01,7656,406,0,0,,
P04,2000-12-01,9695,520,0,0,,
P04,2001-01-01,11582,615,0,0,,
P04,2001-02-01,13407,719,0,0,,
P04,2001-03-01,15359,827,0,0,,
P04,2001-04-01,17304,942,0,0,,
P04,2001-05-01,19145,1039,0,0,,
P04,2001-06-01,20848,1136,0,0,,
P04,2001-07-01,22564,1236,0,0,,
P04,2001-08-01,24288,1336,0,0,,
P04,2001-09-01,26375,1455,0,0,,
P04,2001-10-01,28656,1591,0,0,,
P04,2001-11-01,30783,1714,0,0,,
P04,2001-12-01,32829,1831,0,0,,
P04,2002-01-01,34973,1964,0,0,,
P04,2002-02-01,36715,2069,0,0,,
P04,2002-03-01,38774,2197,0,0,,
P04,2002-04-01,40697,2314,0,0,,
P04,2002-05-01,42607,2436,0,0,,
P04,2002-06-01,44805,2563,0,0,,
P04,2002-07-01,46648,2686,0,0,,
P04,2002-08-01,48645,2813,0,0,,
P04,2002-09-01,50504,2928,0,0,,
P04,2002-10-01,52465,3067,0,0,,
P04,2002-11-01,54424,3171,0,0,,
P04,2002-12-01,56211,3292,0,0,,
P04,2003-01-01,57979,3430,0,0,,
P04,2003-02-01,59654,3533,0,0,,
P04,2003-03-01,61764,3645,0,0,,
P04,2003-04-01,63491,3772,0,0,,
P04,2003-05-01,64780,3874,0,0,,
P04,2003-06-01,66980,4002,0,0,,
P04,2003-07-01,68690,4121,0,0,,
P04,2003-08-01,70344,4246,0,0,,
P04,2003-09-01,72176,4339,0,0,,
P04,2003-10-01,73995,4465,0,0,,
P04,2003-11-01,75446,4596,0,0,,
P04,2003-12-01,76982,4707,0,0,,
P04,2004-01-01,78513,4823,0,0,,
P04,2004-02-01,79887,4909,0,0,,
P04,2004-03-01,81661,4998,0,0,,
P04,2004-04-01,83431,5121,0,0,,
P04,2004-05-01,84301,5232,0,0,,
P04,2004-06-01,86183,5330,0,0,,
P04,2004-07-01,87962,5456,0,0,,
P04,2004-08-01,89362,5570,0,0,,
P04,2004-09-01,91005,5665,0,0,,
P04,2004-10-01,92185,5800,0,0,,
P04,2004-11-01,93601,5903,0,0,,
P04,2004-12-01,94969,6009,0,0,,
P04,2005-01-01,96502,6115,0,0,,
P04,2005-02-01,97945,6218,0,0,,
P04,2005-03-01,99180,6327,0,0,,
P04,2005-04-01,100780,6423,0,0,,
P04,2005-05-01,101813,6520,0,0,,
P04,2005-06-01,103569,6643,0,0,,
P04,2005-07-01,104972,6722,0,0,,
P04,2005-08-01,106422,6826,0,0,,
P04,2005-09-01,107322,6927,0,0,,
P04,2005-10-01,108792,7048,0,0,,
P04,2005-11-01,110105,7163,0,0,,
P04,2005-12-01,111781,7205,0,0,,
P04,2006-01-01,112293,7362,0,0,,
P04,2006-02-01,113162,7422,0,0,,
P04,2006-03-01,114786,7549,0,0,,
P04,2006-04-01,116629,7588,0,0,,
P04,2006-05-01,117257,7730,0,0,,
P04,2006-06-01,118990,7852,0,0,,
P04,2006-07-01,119979,7933,0,0,,
P04,2006-08-01,121149,8042,0,0,,
P04,2006-09-01,121782,8115,0,0,,
P04,2006-10-01,123468,8232,0,0,,
P04,2006-11-01,124592,8340,0,0,,
P04,2006-12-01,125643,8436,0,0,,
P04,2007-01-01,126697,8498,0,0,,
P04,2007-02-01,128199,8638,0,0,,
P04,2007-03-01,129271,8681,0,0,,
P04,2007-04-01,129926,8776,0,0,,
P04,2007-05-01,130930,8931,0,0,,
P04,2007-06-01,132253,8987,0,0,,
P04,2007-07-01,133640,9108,0,0,,
P04,2007-08-01,134015,9191,0,0,,
P04,2007-09-01,134895,9260,0,0,,
P04,2007-10-01,136373,9371,0,0,,
P04,2007-11-01,136985,9395,0,0,,
P04,2007-12-01,137852,9539,0,0,,
P04,2008-01-01,139402,9581,0,0,,
P04,2008-02-01,139805,9713,0,0,,
P04,2008-03-01,140896,9785,0,0,,
P04,2008-04-01,141625,9882,0,0,,
P04,2008-05-01,142989,9932,0,0,,
P04,2008-06-01,143494,10060,0,0,,
P04,2008-07-01,144283,10123,0,0,,
P04,2008-08-01,145657,10183,0,0,,
P04,2008-09-01,146555,10283,0,0,,
P04,2008-10-01,147311,10347,0,0,,
P04,2008-11-01,148196,10439,0,0,,
P04,2008-12-01,149256,10558,0,0,,
P04,2009-01-01,150508,10677,0,0,,
P04,2009-02-01,150937,10711,0,0,,
P04,2009-03-01,151453,10818,0,0,,
P04,2009-04-01,152539,10840,0,0,,
P04,2009-05-01,153313,10987,0,0,,
P04,2009-06-01,154509,11046,0,0,,
P04,2009-07-01,154892,11097,0,0,,
P04,2009-08-01,155843,11228,0,0,,
P04,2009-09-01,157375,11277,0,0,,
P04,2009-10-01,157640,11350,0,0,,
P04,2009-11-01,158268,11444,0,0,,
P04,2009-12-01,158778,11500,0,0,,
P04,2010-01-01,160612,11612,0,0,,
P04,2010-02-01,160852,11640,0,0,,
P04,2010-03-01,161331,11771,0,0,,
P04,2010-04-01,161873,11827,0,0,,
P04,2010-05-01,162770,11916,0,0,,
P04,2010-06-01,163216,12002,0,0,,
P04,2010-07-01,164558,12034,0,0,,
P04,2010-08-01,164587,12092,0,0,,
P04,2010-09-01,165666,12199,0,0,,
P04,2010-10-01,166295,12272,0,0,,
P04,2010-11-01,166626,12355,0,0,,
P04,2010-12-01,167768,12392,0,0,,
P04,2011-01-01,168819,12483,0,0,,
P04,2011-02-01,168937,12601,0,0,,
P04,2011-03-01,169478,12603,0,0,,
P04,2011-04-01,170498,12734,0,0,,
P04,2011-05-01,171287,12804,0,0,,
P04,2011-06-01,171597,12818,0,0,,
P04,2011-07-01,172746,12901,0,0,,
P04,2011-08-01,173602,12987,0,0,,
P04,2011-09-01,174243,13077,0,0,,
P04,2011-10-01,174726,13192,0,0,,
P04,2011-11-01,175334,13481,0,0,,
P04,2011-12-01,176174,13858,0,0,,
P04,2012-01-01,177354,14420,0,0,,
P04,2012-02-01,178854,15313,0,0,,
P04,2012-03-01,179861,16332,0,0,,
P04,2012-04-01,181865,17499,0,0,,
P04,2012-05-01,183650,18852,0,0,,
P04,2012-06-01,186099,20118,0,0,,
P04,2012-07-01,188258,21436,0,0,,
P04,2012-08-01,190580,22830,0,0,,
P04,2012-09-01,193982,24154,0,0,,
P04,2012-10-01,196120,25592,0,0,,
P04,2012-11-01,198791,26958,0,0,,
P04,2012-12-01,202599,28444,0,0,,
P04,2013-01-01,205696,29726,0,0,,
P04,2013-02-01,207718,31761,0,0,,
P04,2013-03-01,210298,33038,0,0,,
P04,2013-04-01,213395,34560,0,0,,
P04,2013-05-01,217747,35945,0,0,,
P04,2013-06-01,219689,37354,0,0,,
P04,2013-07-01,221489,38713,0,0,,
P04,2013-08-01,225356,40826,0,0,,
P04,2013-09-01,227749,43120,0,0,,
P04,2013-10-01,231205,44759,0,0,,
P04,2013-11-01,232388,46861,0,0,,
P04,2013-12-01,235277,49056,0,0,,
P04,2014-01-01,237808,51193,0,0,,
P04,2014-02-01,239409,53149,0,0,,
P04,2014-03-01,242276,55503,0,0,,
P04,2014-04-01,244711,57493,0,0,,
P04,2014-05-01,247390,59610,0,0,,
P04,2014-06-01,248520,62237,0,0,,
P04,2014-07-01,250466,65133,0,0,,
P04,2014-08-01,254239,67469,0,0,,
P04,2014-09-01,254359,69760,0,0,,
P04,2014-10-01,256501,73079,0,0,,
P04,2014-11-01,258772,75568,0,0,,
P04,2014-12-01,260294,78107,0,0,,
P04,2015-01-01,260619,80850,0,0,,
P04,2015-02-01,263121,83857,0,0,,
P04,2015-03-01,265144,86866,0,0,,
P04,2015-04-01,266996,89582,0,0,,
P04,2015-05-01,268286,92957,0,0,,
P04,2015-06-01,269000,95759,0,0,,
P04,2015-07-01,271034,99245,0,0,,
P04,2015-08-01,271833,102340,0,0,,
P04,2015-09-01,274190,105486,0,0,,
P04,2015-10-01,274114,108223,0,0,,
P04,2015-11-01,277121,111572,0,0,,
P04,2015-12-01,277375,115069,0,0,,
P04,2016-01-01,279041,118362,0,0,,
P04,2016-02-01,279663,121175,0,0,,
P04,2016-03-01,281683,124449,0,0,,
P04,2016-04-01,282248,127933,0,0,,
P04,2016-05-01,283643,131011,0,0,,
P04,2016-06-01,284310,134602,0,0,,
P04,2016-07-01,285683,138353,0,0,,
P04,2016-08-01,287238,142295,0,0,,
P04,2016-09-01,290343,146725,0,0,,
P04,2016-10-01,292451,150837,0,0,,
P04,2016-11-01,293690,155829,0,0,,
P04,2016-12-01,295913,160923,0,0,,
P04,2017-01-01,299229,166333,0,0,,
P04,2017-02-01,301318,171352,0,0,,
P04,2017-03-01,303955,176815,0,0,,
P04,2017-04-01,306090,181185,0,0,,
P04,2017-05-01,308969,186081,0,0,,
P04,2017-06-01,312685,191226,0,0,,
P04,2017-07-01,315050,196448,0,0,,
P04,2017-08-01,319089,202377,0,0,,
P04,2017-09-01,321563,208406,0,0,,
P04,2017-10-01,324551,212690,0,0,,
P04,2017-11-01,327141,218868,0,0,,
P04,2017-12-01,328784,223787,0,0,,
P04,2018-01-01,331883,228922,0,0,,
P04,2018-02-01,334214,235637,0,0,,
P04,2018-03-01,335891,241212,0,0,,
P04,2018-04-01,340079,246690,0,0,,
P04,2018-05-01,343415,252716,0,0,,
P04,2018-06-01,342645,258726,0,0,,
P04,2018-07-01,346793,265379,0,0,,
P04,2018-08-01,347913,272549,0,0,,
P04,2018-09-01,351885,277665,0,0,,
P04,2018-10-01,354345,284469,0,0,,
P04,2018-11-01,356442,290903,0,0,,
P04,2018-12-01,357793,296517,0,0,,
P04,2019-01-01,359437,302034,0,0,,
P04,2019-02-01,363572,308567,0,0,,
P04,2019-03-01,364390,314460,0,0,,
P04,2019-04-01,365245,322329,0,0,,
P04,2019-05-01,365039,328897,0,0,,
P04,2019-06-01,368529,334704,0,0,,
P04,2019-07-01,371044,340884,0,0,,
P04,2019-08-01,371730,348061,0,0,,
P04,2019-09-01,372717,354843,0,0,,
P04,2019-10-01,375449,360821,0,0,,
P04,2019-11-01,375267,368828,0,0,,
P04,2019-12-01,378160,375391,0,0,,
P04,2020-01-01,378124,381056,0,0,,
P04,2020-02-01,380487,388426,0,0,,
P04,2020-03-01,383114,395424,0,0,,
P04,2020-04-01,382301,402906,0,0,,
P04,2020-05-01,384965,408453,0,0,,
P04,2020-06-01,386440,417036,0,0,,
P04,2020-07-01,385566,421865,0,0,,
P04,2020-08-01,387674,430554,0,0,,
P04,2020-09-01,389756,438538,0,0,,
P04,2020-10-01,393168,446188,0,0,,
P04,2020-11-01,393117,450529,0,0,,
P04,2020-12-01,391955,460054,0,0,,
P04,2021-01-01,394262,465135,0,0,,
P04,2021-02-01,395532,471830,0,0,,
P04,2021-03-01,395676,481116,0,0,,
P04,2021-04-01,396889,486867,0,0,,
P04,2021-05-01,397992,494271,0,0,,
P04,2021-06-01,401260,503361,5109,0.005,,
P04,2021-07-01,401607,509267,15962,0.017,,
P04,2021-08-01,402383,517101,30734,0.032,,
P04,2021-09-01,403899,525373,50723,0.052,,
P04,2021-10-01,403513,533620,79934,0.082,,
P04,2021-11-01,406503,540758,110525,0.112,,
P04,2021-12-01,405770,546589,142015,0.143,,
P04,2022-01-01,408130,553679,176040,0.176,,
P04,2022-02-01,408927,562279,204388,0.202,,
P04,2022-03-01,411296,571570,236358,0.231,,
P04,2022-04-01,412683,581834,268830,0.26,,
P04,2022-05-01,414739,590209,298224,0.285,,
P04,2022-06-01,418230,601684,327858,0.309,,
P04,2022-07-01,419706,610516,361437,0.337,,
P04,2022-08-01,425160,621459,394306,0.363,,
P04,2022-09-01,426208,632426,424496,0.386,,
P04,2022-10-01,431820,643932,460722,0.412,,
P04,2022-11-01,433971,655556,491796,0.434,,
P04,2022-12-01,439610,666222,523884,0.455,,
P04,2023-01-01,444647,679493,556403,0.477,,
P04,2023-02-01,447487,690064,582256,0.492,,
P04,2023-03-01,451070,703147,614744,0.512,,
P04,2023-04-01,456307,715261,645062,0.53,,
P04,2023-05-01,462720,728056,678675,0.549,,
P04,2023-06-01,467707,737872,710037,0.567,,
P04,2023-07-01,471577,753409,742323,0.584,,
P04,2023-08-01,477556,765345,773996,0.6,,
P04,2023-09-01,482152,778770,803561,0.614,,
P04,2023-10-01,489907,794634,837295,0.63,,
P04,2023-11-01,493765,805334,870550,0.646,,
P04,2023-12-01,500030,817699,900803,0.659,0.566,1.216
P04,2024-01-01,505055,832399,933176,0.673,0.567,1.204
P04,2024-02-01,510210,847671,961399,0.684,0.567,1.197
P04,2024-03-01,515726,860893,993283,0.697,0.566,1.186
P04,2024-04-01,522429,871052,1025983,0.71,0.566,1.174
P04,2024-05-01,529840,880011,1057138,0.723,0.568,1.164
P04,2024-06-01,533029,895114,1086895,0.734,0.565,1.157
P04,2024-07-01,539355,910091,1119175,0.747,0.562,1.147
P04,2024-08-01,542433,918543,1148907,0.758,0.559,1.138
P04,2024-09-01,548526,930005,1179168,0.769,0.556,1.131
P04,2024-10-01,553809,943969,1210528,0.782,0.554,1.119
P04,2024-11-01,556715,955888,1239793,0.792,0.554,1.11
P04,2024-12-01,562119,964136,1272222,0.804,0.554,1.099
P04,2025-01-01,567651,974793,1303851,0.815,0.553,1.088
P04,2025-02-01,571670,989806,1333806,0.825,0.554,1.079
P04,2025-03-01,576361,1003295,1363838,0.834,0.555,1.072
P04,2025-04-01,581388,1018424,1397252,0.845,0.555,1.062
P04,2025-05-01,586359,1028693,1428336,0.854,0.556,1.056
P04,2025-06-01,588930,1044044,1458180,0.862,0.556,1.05
P04,2025-07-01,595422,1053743,1489174,0.871,0.555,1.043
P04,2025-08-01,597879,1069820,1521228,0.881,0.555,1.038
P04,2025-09-01,603244,1080846,1554153,0.89,0.554,1.033
P04,2025-10-01,605805,1098851,1583969,0.897,0.554,1.031
P04,2025-11-01,610008,1114477,1615472,0.905,0.554,1.028
P04,2025-12-01,613172,1130621,1645229,0.911,0.553,1.026
P04,2026-01-01,618994,1145633,1674877,0.918,0.552,1.024
P04,2026-02-01,621415,1159568,1703333,0.924,0.552,1.023
P04,2026-03-01,625354,1177210,1733565,0.932,0.55,1.019
P04,2026-04-01,626740,1187116,1763136,0.938,0.549,1.017
P04,2026-05-01,629839,1202342,1792986,0.946,0.547,1.013
P04,2026-06-01,633061,1221691,1822728,0.952,0.547,1.011
P04,2026-07-01,636842,1238075,1854003,0.958,0.546,1.008
P04,2026-08-01,641933,1247869,1882861,0.963,0.546,1.006
P05,2000-03-01,0,0,0,,,
P05,2000-04-01,0,0,0,,,
P05,2000-05-01,0,0,0,,,
P05,2000-06-01,0,0,0,,,
P05,2000-07-01,0,0,0,,,
P05,2000-08-01,0,0,0,,,
P05,2000-09-01,2508,135,0,0,,
P05,2000-10-01,5031,269,0,0,,
P05,2000-11-01,11899,643,0,0,,
P05,2000-12-01,19035,1028,0,0,,
P05,2001-01-01,25233,1365,0,0,,
P05,2001-02-01,31065,1695,0,0,,
P05,2001-03-01,37923,2077,0,0,,
P05,2001-04-01,44677,2447,0,0,,
P05,2001-05-01,50901,2811,0,0,,
P05,2001-06-01,57072,3173,0,0,,
P05,2001-07-01,62410,3463,0,0,,
P05,2001-08-01,68549,3844,0,0,,
P05,2001-09-01,74372,4173,0,0,,
P05,2001-10-01,80492,4523,0,0,,
P05,2001-11-01,86546,4874,0,0,,
P05,2001-12-01,93968,5322,0,0,,
P05,2002-01-01,102230,5802,0,0,,
P05,2002-02-01,108976,6222,0,0,,
P05,2002-03-01,116887,6714,0,0,,
P05,2002-04-01,123578,7098,0,0,,
P05,2002-05-01,131495,7593,0,0,,
P05,2002-06-01,139194,8071,0,0,,
P05,2002-07-01,146277,8500,0,0,,
P05,2002-08-01,152237,8944,0,0,,
P05,2002-09-01,158936,9350,0,0,,
P05,2002-10-01,165694,9801,0,0,,
P05,2002-11-01,173583,10314,0,0,,
P05,2002-12-01,180370,10708,0,0,,
P05,2003-01-01,187160,11194,0,0,,
P05,2003-02-01,194450,11621,0,0,,
P05,2003-03-01,200899,12091,0,0,,
P05,2003-04-01,207668,12518,0,0,,
P05,2003-05-01,215290,12994,0,0,,
P05,2003-06-01,220570,13387,0,0,,
P05,2003-07-01,226052,13869,0,0,,
P05,2003-08-01,232947,14309,0,0,,
P05,2003-09-01,240147,14696,0,0,,
P05,2003-10-01,245733,15174,0,0,,
P05,2003-11-01,252457,15549,0,0,,
P05,2003-12-01,257733,15991,0,0,,
P05,2004-01-01,264301,16414,0,0,,
P05,2004-02-01,269097,16786,0,0,,
P05,2004-03-01,276133,17217,0,0,,
P05,2004-04-01,281160,17610,0,0,,
P05,2004-05-01,286822,18058,0,0,,
P05,2004-06-01,292411,18469,0,0,,
P05,2004-07-01,299115,18874,0,0,,
P05,2004-08-01,305135,19335,0,0,,
P05,2004-09-01,310522,19737,0,0,,
P05,2004-10-01,316429,20163,0,0,,
P05,2004-11-01,322381,20666,0,0,,
P05,2004-12-01,326703,21008,0,0,,
P05,2005-01-01,332373,21405,0,0,,
P05,2005-02-01,337614,21752,0,0,,
P05,2005-03-01,343371,22220,0,0,,
P05,2005-04-01,347891,22601,0,0,,
P05,2005-05-01,352839,22933,0,0,,
P05,2005-06-01,356613,23340,0,0,,
P05,2005-07-01,362132,23656,0,0,,
P05,2005-08-01,367444,24139,0,0,,
P05,2005-09-01,371936,24444,0,0,,
P05,2005-10-01,376287,24889,0,0,,
P05,2005-11-01,382812,25293,0,0,,
P05,2005-12-01,384518,25570,0,0,,
P05,2006-01-01,390867,26035,0,0,,
P05,2006-02-01,395260,26418,0,0,,
P05,2006-03-01,399962,26683,0,0,,
P05,2006-04-01,405866,27054,0,0,,
P05,2006-05-01,408258,27480,0,0,,
P05,2006-06-01,413263,27855,0,0,,
P05,2006-07-01,418985,28204,0,0,,
P05,2006-08-01,422044,28609,0,0,,
P05,2006-09-01,428200,28976,0,0,,
P05,2006-10-01,429456,29286,0,0,,
P05,2006-11-01,435886,29775,0,0,,
P05,2006-12-01,439966,29887,0,0,,
P05,2007-01-01,444023,30290,16067,0.031,,
P05,2007-02-01,447867,30723,46503,0.089,,
P05,2007-03-01,451743,31073,96621,0.183,,
P05,2007-04-01,454444,31835,160398,0.301,,
P05,2007-05-01,461011,33655,241562,0.447,,
P05,2007-06-01,467942,38297,340268,0.616,,
P05,2007-07-01,479432,46669,437422,0.763,,
P05,2007-08-01,497056,59404,543814,0.899,,
P05,2007-09-01,518040,77126,647008,1.001,,
P05,2007-10-01,543426,98393,752114,1.08,,
P05,2007-11-01,570781,122906,846962,1.126,,
P05,2007-12-01,606323,146755,947724,1.169,,
P05,2008-01-01,639999,170752,1052191,1.206,,
P05,2008-02-01,674882,195580,1147172,1.226,,
P05,2008-03-01,714966,222017,1241275,1.237,,
P05,2008-04-01,749309,243524,1349428,1.262,,
P05,2008-05-01,790563,268329,1444518,1.271,1.225,0.249
P05,2008-06-01,825098,291784,1537479,1.284,1.219,0.258
P05,2008-07-01,863405,313461,1634710,1.294,1.222,0.266
P05,2008-08-01,913824,334445,1741329,1.307,1.232,0.27
P05,2008-09-01,947548,362380,1839897,1.313,1.226,0.281
P05,2008-10-01,983646,394090,1934974,1.314,1.228,0.293
P05,2008-11-01,1017172,423590,2036311,1.321,1.233,0.301
P05,2008-12-01,1059278,452935,2139534,1.325,1.24,0.309
P05,2009-01-01,1100131,489285,2240970,1.326,1.246,0.318
P05,2009-02-01,1129861,525764,2329970,1.321,1.252,0.33
P05,2009-03-01,1162737,550374,2436706,1.332,1.255,0.335
P05,2009-04-01,1202470,584727,2534950,1.334,1.263,0.344
P05,2009-05-01,1229507,626540,2627206,1.333,1.267,0.355
P05,2009-06-01,1253048,661763,2722597,1.335,1.268,0.365
P05,2009-07-01,1282584,697080,2822433,1.341,1.265,0.373
P05,2009-08-01,1312040,736128,2918601,1.343,1.265,0.381
P05,2009-09-01,1340218,775956,3012648,1.344,1.262,0.39
P05,2009-10-01,1359768,816507,3111178,1.347,1.259,0.398
P05,2009-11-01,1385663,855991,3200306,1.346,1.257,0.408
P05,2009-12-01,1404422,893736,3294291,1.349,1.251,0.415
P05,2010-01-01,1433833,939805,3399856,1.353,1.254,0.421
P05,2010-02-01,1453111,984523,3489542,1.351,1.258,0.43
P05,2010-03-01,1476704,1035028,3594564,1.356,1.259,0.435
P05,2010-04-01,1499562,1075669,3692799,1.359,1.259,0.441
P05,2010-05-01,1522813,1120590,3801454,1.365,1.259,0.446
P05,2010-06-01,1532611,1173888,3899443,1.363,1.263,0.454
P05,2010-07-01,1556410,1220304,3996582,1.363,1.267,0.461
P05,2010-08-01,1571954,1279348,4092161,1.362,1.27,0.468
P05,2010-09-01,1590854,1324812,4186172,1.362,1.271,0.474
P05,2010-10-01,1602248,1376988,4281736,1.364,1.272,0.48
P05,2010-11-01,1625424,1425807,4373449,1.364,1.274,0.485
P05,2010-12-01,1635340,1474408,4468073,1.365,1.276,0.49
P05,2011-01-01,1652818,1523764,4570466,1.368,1.276,0.494
P05,2011-02-01,1673872,1573023,4661794,1.368,1.277,0.5
P05,2011-03-01,1684178,1619540,4761031,1.373,1.276,0.502
P05,2011-04-01,1700194,1671888,4857454,1.374,1.277,0.506
P05,2011-05-01,1716049,1721864,4972613,1.378,1.279,0.51
P05,2011-06-01,1737657,1771388,5072429,1.381,1.279,0.513
P05,2011-07-01,1737098,1825850,5163274,1.379,1.28,0.519
P05,2011-08-01,1751814,1887650,5267592,1.378,1.283,0.524
P05,2011-09-01,1780308,1958944,5360538,1.373,1.286,0.532
P05,2011-10-01,1795527,2004184,5467355,1.375,1.288,0.535
P05,2011-11-01,1811705,2068925,5571698,1.373,1.292,0.541
P05,2011-12-01,1825977,2142792,5672380,1.369,1.297,0.547
P05,2012-01-01,1849543,2215574,5762487,1.36,1.305,0.555
P05,2012-02-01,1871792,2285505,5850030,1.35,1.313,0.563
P05,2012-03-01,1887846,2347810,5945417,1.344,1.321,0.57
P05,2012-04-01,1910890,2422139,6044081,1.338,1.329,0.576
P05,2012-05-01,1932676,2488594,6146849,1.333,1.337,0.581
P05,2012-06-01,1954334,2561126,6236270,1.325,1.338,0.589
P05,2012-07-01,1974033,2639147,6340182,1.319,1.336,0.596
P05,2012-08-01,1992573,2708498,6443539,1.316,1.333,0.601
P05,2012-09-01,2016950,2771838,6550447,1.315,1.328,0.605
P05,2012-10-01,2035096,2832693,6652917,1.31,1.325,0.611
P05,2012-11-01,2064828,2914124,6746022,1.303,1.323,0.619
P05,2012-12-01,2088806,2978212,6849166,1.298,1.318,0.625
P05,2013-01-01,2100279,3066959,6947256,1.293,1.312,0.632
P05,2013-02-01,2117296,3151035,7034711,1.286,1.308,0.64
P05,2013-03-01,2143729,3224101,7133651,1.281,1.304,0.646
P05,2013-04-01,2159795,3295952,7233152,1.276,1.302,0.652
P05,2013-05-01,2170806,3370449,7341565,1.272,1.298,0.657
P05,2013-06-01,2200827,3447779,7432117,1.266,1.296,0.663
P05,2013-07-01,2225530,3532084,7539894,1.263,1.292,0.669
P05,2013-08-01,2240179,3624040,7642244,1.259,1.288,0.674
P05,2013-09-01,2244037,3695289,7741508,1.255,1.286,0.68
P05,2013-10-01,2271512,3790860,7837992,1.251,1.283,0.685
P05,2013-11-01,2295694,3868191,7933954,1.246,1.281,0.691
P05,2013-12-01,2310522,3927543,8033122,1.242,1.278,0.696
P05,2014-01-01,2327531,4016376,8129898,1.238,1.277,0.701
P05,2014-02-01,2332629,4093877,8222486,1.235,1.275,0.705
P05,2014-03-01,2345843,4178302,8307882,1.23,1.275,0.71
P05,2014-04-01,2359158,4272380,8398728,1.226,1.273,0.715
P05,2014-05-01,2374471,4337773,8504239,1.225,1.27,0.717
P05,2014-06-01,2389326,4428469,8594827,1.222,1.265,0.722
P05,2014-07-01,2393996,4484064,8698048,1.22,1.258,0.726
P05,2014-08-01,2416115,4562554,8804713,1.219,1.25,0.729
P05,2014-09-01,2431658,4649256,8902849,1.217,1.243,0.733
P05,2014-10-01,2444371,4730375,8996630,1.213,1.237,0.738
P05,2014-11-01,2449855,4809852,9094499,1.211,1.237,0.742
P05,2014-12-01,2465201,4914973,9203101,1.21,1.237,0.744
P05,2015-01-01,2481067,4993093,9310234,1.208,1.236,0.746
P05,2015-02-01,2487570,5081040,9412196,1.206,1.236,0.75
P05,2015-03-01,2500189,5155973,9508485,1.203,1.236,0.754
P05,2015-04-01,2508729,5230318,9607695,1.201,1.235,0.759
P05,2015-05-01,2516811,5295529,9706421,1.199,1.234,0.764
P05,2015-06-01,2526152,5409203,9794645,1.197,1.234,0.769
P05,2015-07-01,2534604,5525626,9894068,1.194,1.233,0.775
P05,2015-08-01,2551659,5575840,9992180,1.192,1.233,0.779
P05,2015-09-01,2556758,5665632,10099493,1.191,1.231,0.781
P05,2015-10-01,2573089,5748219,10200479,1.189,1.229,0.783
P05,2015-11-01,2577936,5827707,10300397,1.187,1.228,0.785
P05,2015-12-01,2593262,5939265,10404439,1.186,1.226,0.788
P05,2016-01-01,2598561,5984185,10499987,1.184,1.228,0.793
P05,2016-02-01,2604839,6105660,10590194,1.18,1.23,0.799
P05,2016-03-01,2613655,6191338,10695684,1.179,1.232,0.804
P05,2016-04-01,2625227,6272807,10793613,1.177,1.234,0.81
P05,2016-05-01,2635451,6390127,10904686,1.177,1.235,0.815
P05,2016-06-01,2643145,6465046,11000995,1.174,1.23,0.827
P05,2016-07-01,2663001,6540526,11107084,1.174,1.223,0.837
P05,2016-08-01,2663541,6648122,11209470,1.172,1.217,0.849
P05,2016-09-01,2679985,6710377,11303778,1.169,1.213,0.861
P05,2016-10-01,2680801,6826935,11405043,1.167,1.21,0.87
P05,2016-11-01,2695495,6909429,11504361,1.164,1.211,0.875
P05,2016-12-01,2701937,7024686,11604014,1.162,1.212,0.881
P05,2017-01-01,2711566,7092083,11705836,1.159,1.213,0.886
P05,2017-02-01,2733672,7199203,11798687,1.156,1.214,0.892
P05,2017-03-01,2751638,7320134,11896383,1.153,1.216,0.895
P05,2017-04-01,2761971,7372315,11992383,1.151,1.218,0.896
P05,2017-05-01,2780194,7463308,12096454,1.148,1.22,0.897
P05,2017-06-01,2782981,7570051,12190648,1.145,1.223,0.9
P05,2017-07-01,2816055,7652970,12294696,1.143,1.225,0.9
P05,2017-08-01,2820748,7786478,12389630,1.14,1.229,0.903
P05,2017-09-01,2839208,7904496,12490490,1.136,1.233,0.905
P05,2017-10-01,2852290,7964676,12591600,1.134,1.236,0.907
P05,2017-11-01,2873534,8047329,12686676,1.131,1.24,0.909
P05,2017-12-01,2884275,8144273,12782054,1.129,1.244,0.91
P05,2018-01-01,2903365,8256650,12883169,1.126,1.249,0.911
P05,2018-02-01,2917348,8364961,12973761,1.123,1.253,0.913
P05,2018-03-01,2942990,8444250,13065595,1.12,1.257,0.915
P05,2018-04-01,2944321,8552284,13157596,1.117,1.261,0.917
P05,2018-05-01,2974911,8613802,13257329,1.115,1.266,0.917
P05,2018-06-01,2999199,8720113,13354391,1.113,1.274,0.927
P05,2018-07-01,3005461,8790552,13463598,1.112,1.283,0.937
P05,2018-08-01,3015493,8942080,13554189,1.109,1.29,0.947
P05,2018-09-01,3044597,9006514,13653354,1.106,1.298,0.958
P05,2018-10-01,3057421,9107476,13760394,1.104,1.307,0.968
P05,2018-11-01,3076225,9202820,13852953,1.101,1.314,0.975
P05,2018-12-01,3077926,9296002,13954212,1.099,1.321,0.982
P05,2019-01-01,3084227,9414737,14054122,1.097,1.327,0.989
P05,2019-02-01,3107483,9489165,14146706,1.094,1.333,0.997
P05,2019-03-01,3132968,9591452,14249378,1.094,1.338,1
P05,2019-04-01,3140848,9690985,14347211,1.092,1.341,1
P05,2019-05-01,3147882,9788647,14454667,1.093,1.343,0.998
P05,2019-06-01,3146325,9880277,14556361,1.091,1.346,0.999
P05,2019-07-01,3165644,9945050,14660849,1.089,1.348,1
P05,2019-08-01,3182249,10066851,14758360,1.087,1.351,1
P05,2019-09-01,3193141,10180242,14854309,1.085,1.353,0.999
P05,2019-10-01,3199546,10332922,14949383,1.083,1.355,0.999
P05,2019-11-01,3208047,10402788,15043265,1.081,1.358,1
P05,2019-12-01,3224704,10481604,15134987,1.078,1.36,1
P05,2020-01-01,3235845,10600564,15229668,1.076,1.362,1.001
P05,2020-02-01,3239823,10725539,15316131,1.075,1.363,1.001
P05,2020-03-01,3245283,10790203,15413477,1.073,1.365,1.001
P05,2020-04-01,3248266,10889748,15512861,1.072,1.367,1
P05,2020-05-01,3272966,11011300,15614898,1.07,1.369,1
P05,2020-06-01,3282448,11143098,15713283,1.068,1.33,1.008
P05,2020-07-01,3274627,11225623,15804376,1.067,1.289,1.017
P05,2020-08-01,3300628,11364474,15901515,1.065,1.249,1.027
P05,2020-09-01,3299476,11396778,15996294,1.063,1.212,1.036
P05,2020-10-01,3304600,11516423,16094000,1.062,1.177,1.046
P05,2020-11-01,3323656,11589198,16189376,1.061,1.174,1.048
P05,2020-12-01,3319985,11722036,16282751,1.059,1.174,1.051
P05,2021-01-01,3333641,11792814,16379992,1.059,1.174,1.053
P05,2021-02-01,3330387,11865624,16469897,1.058,1.175,1.055
P05,2021-03-01,3339613,12040016,16564537,1.056,1.175,1.058
P05,2021-04-01,3360694,12086075,16663744,1.055,1.176,1.058
P05,2021-05-01,3371579,12223421,16765306,1.054,1.176,1.058
P05,2021-06-01,3375418,12344590,16867924,1.053,1.176,1.057
P05,2021-07-01,3366760,12439660,16971687,1.052,1.176,1.056
P05,2021-08-01,3400306,12549549,17081660,1.052,1.164,1.058
P05,2021-09-01,3394013,12606435,17190356,1.051,1.125,1.067
P05,2021-10-01,3399581,12697406,17293558,1.051,1.089,1.075
P05,2021-11-01,3417760,12865748,17380645,1.049,1.062,1.084
P05,2021-12-01,3419705,12901082,17481419,1.048,1.031,1.093
P05,2022-01-01,3416949,13054092,17579355,1.046,1.019,1.098
P05,2022-02-01,3434558,13117478,17678559,1.045,1.018,1.101
P05,2022-03-01,3434512,13260814,17772768,1.044,1.018,1.103
P05,2022-04-01,3459481,13310714,17860890,1.044,1.018,1.105
P05,2022-05-01,3454711,13435402,17961742,1.043,1.018,1.107
P05,2022-06-01,3462984,13548839,18062035,1.042,1.017,1.107
P05,2022-07-01,3475574,13635822,18162444,1.041,1.017,1.106
P05,2022-08-01,3459742,13746930,18268300,1.04,1.016,1.104
P05,2022-09-01,3485943,13870314,18359125,1.039,1.016,1.103
P05,2022-10-01,3484708,13926387,18460061,1.038,1.016,1.102
P05,2022-11-01,3492526,14031136,18556703,1.037,1.016,1.102
P05,2022-12-01,3505548,14171755,18661693,1.036,1.016,1.101
P05,2023-01-01,3493968,14272045,18757471,1.035,1.015,1.101
P05,2023-02-01,3508806,14392343,18852565,1.034,1.015,1.1
P05,2023-03-01,3513579,14485793,18956873,1.033,1.015,1.099
P05,2023-04-01,3525025,14571805,19055627,1.033,1.015,1.099
P05,2023-05-01,3518854,14719040,19151061,1.031,1.014,1.098
P05,2023-06-01,3543337,14793893,19253235,1.032,1.014,1.096
P05,2023-07-01,3531676,14882415,19361307,1.031,1.014,1.095
P05,2023-08-01,3550286,14997677,19466478,1.03,1.014,1.099
P05,2023-09-01,3545429,15123446,19565874,1.029,1.016,1.106
P05,2023-10-01,3560091,15207842,19663518,1.028,1.018,1.114
P05,2023-11-01,3566081,15346428,19761362,1.027,1.02,1.123
P05,2023-12-01,3554885,15482734,19862010,1.026,1.022,1.131
P05,2024-01-01,3568809,15557457,19964915,1.025,1.024,1.139
P05,2024-02-01,3574815,15647294,20051254,1.024,1.025,1.146
P05,2024-03-01,3581832,15731395,20154195,1.023,1.027,1.155
P05,2024-04-01,3590196,15834345,20246655,1.022,1.029,1.162
P05,2024-05-01,3587280,16001138,20341304,1.021,1.031,1.17
P05,2024-06-01,3608745,16141385,20438480,1.02,1.032,1.178
P05,2024-07-01,3608203,16156920,20543208,1.02,1.034,1.185
P05,2024-08-01,3599582,16287674,20647541,1.019,1.036,1.193
P05,2024-09-01,3626384,16383712,20741972,1.018,1.037,1.202
P05,2024-10-01,3617701,16491537,20851222,1.017,1.039,1.21
P05,2024-11-01,3637217,16632563,20954746,1.017,1.041,1.218
P05,2024-12-01,3624567,16701196,21058410,1.016,1.043,1.226
P05,2025-01-01,3640558,16844382,21164164,1.016,1.044,1.234
P05,2025-02-01,3639701,16916825,21256052,1.015,1.045,1.241
P05,2025-03-01,3643284,17045130,21353342,1.014,1.047,1.249
P05,2025-04-01,3641858,17167650,21440015,1.013,1.049,1.257
P05,2025-05-01,3657537,17299598,21549938,1.012,1.05,1.265
P05,2025-06-01,3675805,17337699,21657596,1.012,1.052,1.272
P05,2025-07-01,3672785,17463395,21756297,1.012,1.053,1.28
P05,2025-08-01,3662368,17641255,21861281,1.011,1.055,1.288
P05,2025-09-01,3669991,17711833,21957227,1.01,1.057,1.297
P05,2025-10-01,3682005,17798852,22057246,1.009,1.058,1.305
P05,2025-11-01,3679458,17966388,22160113,1.009,1.06,1.313
P05,2025-12-01,3684593,18041070,22263640,1.008,1.061,1.321
P05,2026-01-01,3691943,18172057,22362053,1.007,1.063,1.329
P05,2026-02-01,3697963,18257467,22455819,1.006,1.064,1.337
P05,2026-03-01,3695851,18292672,22560013,1.006,1.065,1.345
P05,2026-04-01,3701537,18435073,22649668,1.005,1.067,1.353
P05,2026-05-01,3707361,18616645,22756699,1.004,1.068,1.361
P05,2026-06-01,3703707,18775710,22857400,1.004,1.069,1.369
P05,2026-07-01,3709601,18843207,22952772,1.003,1.071,1.377
P05,2026-08-01,3728293,18944311,23060893,1.002,1.072,1.386
P06,2000-03-01,0,0,0,,,
P06,2000-04-01,0,0,0,,,
P06,2000-05-01,0,0,0,,,
P06,2000-06-01,0,0,0,,,
P06,2000-07-01,0,0,0,,,
P06,2000-08-01,0,0,0,,,
P06,2000-09-01,0,0,0,,,
P06,2000-10-01,0,0,0,,,
P06,2000-11-01,2050,111,0,0,,
P06,2000-12-01,4353,237,0,0,,
P06,2001-01-01,6162,335,0,0,,
P06,2001-02-01,7917,433,0,0,,
P06,2001-03-01,10082,554,0,0,,
P06,2001-04-01,12008,661,0,0,,
P06,2001-05-01,16474,920,0,0,,
P06,2001-06-01,20459,1146,0,0,,
P06,2001-07-01,24700,1398,0,0,,
P06,2001-08-01,28661,1628,0,0,,
P06,2001-09-01,32511,1866,0,0,,
P06,2001-10-01,36641,2100,0,0,,
P06,2001-11-01,40294,2339,0,0,,
P06,2001-12-01,46149,2682,0,0,,
P06,2002-01-01,53800,3151,0,0,,
P06,2002-02-01,60743,3591,0,0,,
P06,2002-03-01,68339,4064,0,0,,
P06,2002-04-01,75226,4463,0,0,,
P06,2002-05-01,82492,4936,0,0,,
P06,2002-06-01,89518,5383,0,0,,
P06,2002-07-01,96527,5803,0,0,,
P06,2002-08-01,102170,6133,0,0,,
P06,2002-09-01,109086,6594,0,0,,
P06,2002-10-01,115474,7022,0,0,,
P06,2002-11-01,121194,7413,0,0,,
P06,2002-12-01,128182,7874,0,0,,
P06,2003-01-01,134879,8313,0,0,,
P06,2003-02-01,141301,8752,0,0,,
P06,2003-03-01,148253,9218,0,0,,
P06,2003-04-01,155256,9617,0,0,,
P06,2003-05-01,161627,10072,0,0,,
P06,2003-06-01,166594,10504,0,0,,
P06,2003-07-01,173466,10935,0,0,,
P06,2003-08-01,179470,11339,0,0,,
P06,2003-09-01,185490,11710,0,0,,
P06,2003-10-01,192106,12088,0,0,,
P06,2003-11-01,197874,12556,0,0,,
P06,2003-12-01,203867,13035,0,0,,
P06,2004-01-01,209724,13478,0,0,,
P06,2004-02-01,215252,13801,0,0,,
P06,2004-03-01,221616,14287,0,0,,
P06,2004-04-01,227127,14642,0,0,,
P06,2004-05-01,232594,15062,0,0,,
P06,2004-06-01,238589,15518,0,0,,
P06,2004-07-01,244164,15943,0,0,,
P06,2004-08-01,250011,16405,0,0,,
P06,2004-09-01,254676,16757,0,0,,
P06,2004-10-01,260521,17223,0,0,,
P06,2004-11-01,264592,17487,0,0,,
P06,2004-12-01,270114,17825,0,0,,
P06,2005-01-01,275733,18284,0,0,,
P06,2005-02-01,280783,18606,0,0,,
P06,2005-03-01,285436,19111,0,0,,
P06,2005-04-01,291175,19487,0,0,,
P06,2005-05-01,296810,19869,0,0,,
P06,2005-06-01,300755,20285,0,0,,
P06,2005-07-01,306564,20642,0,0,,
P06,2005-08-01,313111,21102,0,0,,
P06,2005-09-01,316400,21418,0,0,,
P06,2005-10-01,321033,21860,0,0,,
P06,2005-11-01,326187,22281,0,0,,
P06,2005-12-01,329971,22645,0,0,,
P06,2006-01-01,335589,22974,0,0,,
P06,2006-02-01,340241,23240,0,0,,
P06,2006-03-01,344450,23728,0,0,,
P06,2006-04-01,348674,24026,0,0,,
P06,2006-05-01,353577,24453,0,0,,
P06,2006-06-01,356553,24808,0,0,,
P06,2006-07-01,362423,25181,0,0,,
P06,2006-08-01,367456,25665,0,0,,
P06,2006-09-01,370988,26018,0,0,,
P06,2006-10-01,375943,26407,0,0,,
P06,2006-11-01,378730,26720,0,0,,
P06,2006-12-01,385884,26984,0,0,,
P06,2007-01-01,387652,27403,16359,0.036,,
P06,2007-02-01,391694,27702,47590,0.104,,
P06,2007-03-01,396653,28112,95079,0.206,,
P06,2007-04-01,399819,28695,158784,0.34,,
P06,2007-05-01,404135,30342,249797,0.527,,
P06,2007-06-01,410750,33791,350450,0.721,,
P06,2007-07-01,422669,40054,450294,0.893,,
P06,2007-08-01,437192,50004,562998,1.061,,
P06,2007-09-01,455801,64015,659217,1.169,,
P06,2007-10-01,475579,80543,758147,1.259,,
P06,2007-11-01,496910,98711,852881,1.325,,
P06,2007-12-01,521880,118252,954310,1.382,,
P06,2008-01-01,548420,135434,1058666,1.438,,
P06,2008-02-01,571718,155641,1148879,1.467,,
P06,2008-03-01,600935,175034,1243776,1.491,,
P06,2008-04-01,623136,196684,1337424,1.514,0.895,0.199
P06,2008-05-01,651391,218079,1445670,1.552,0.873,0.208
P06,2008-06-01,669731,240423,1539240,1.577,0.856,0.218
P06,2008-07-01,692615,262192,1629596,1.59,0.853,0.229
P06,2008-08-01,722271,284842,1741385,1.617,0.85,0.235
P06,2008-09-01,748656,309735,1842290,1.635,0.849,0.243
P06,2008-10-01,767635,336311,1940885,1.646,0.849,0.252
P06,2008-11-01,790815,361064,2045258,1.663,0.847,0.259
P06,2008-12-01,819878,387752,2162184,1.682,0.848,0.264
P06,2009-01-01,841288,416262,2263681,1.688,0.856,0.273
P06,2009-02-01,865273,447479,2356873,1.689,0.862,0.283
P06,2009-03-01,888766,474415,2458513,1.701,0.866,0.289
P06,2009-04-01,909358,502712,2554447,1.702,0.872,0.297
P06,2009-05-01,927841,532620,2665424,1.716,0.872,0.302
P06,2009-06-01,947734,560174,2767808,1.723,0.873,0.307
P06,2009-07-01,970187,588616,2864026,1.731,0.873,0.312
P06,2009-08-01,990402,618375,2979135,1.744,0.872,0.316
P06,2009-09-01,1012868,650140,3071682,1.743,0.881,0.322
P06,2009-10-01,1028047,681586,3168659,1.746,0.889,0.327
P06,2009-11-01,1050425,714818,3267347,1.75,0.894,0.332
P06,2009-12-01,1065485,746921,3364734,1.757,0.898,0.335
P06,2010-01-01,1088535,774750,3475326,1.766,0.905,0.337
P06,2010-02-01,1099494,812668,3565285,1.766,0.91,0.342
P06,2010-03-01,1119116,844483,3673955,1.775,0.914,0.345
P06,2010-04-01,1127928,881714,3774551,1.78,0.916,0.348
P06,2010-05-01,1144677,910635,3878218,1.786,0.92,0.352
P06,2010-06-01,1160528,951349,3976063,1.788,0.924,0.356
P06,2010-07-01,1177954,991354,4080174,1.791,0.927,0.36
P06,2010-08-01,1180424,1025114,4187276,1.796,0.93,0.363
P06,2010-09-01,1198868,1066159,4288952,1.801,0.931,0.366
P06,2010-10-01,1212198,1101526,4392910,1.81,0.933,0.367
P06,2010-11-01,1222493,1133475,4490152,1.812,0.936,0.371
P06,2010-12-01,1236642,1172916,4595434,1.816,0.938,0.374
P06,2011-01-01,1251697,1205839,4692012,1.819,0.94,0.377
P06,2011-02-01,1259723,1251470,4786380,1.819,0.942,0.381
P06,2011-03-01,1264476,1278010,4896684,1.831,0.94,0.381
P06,2011-04-01,1279699,1321712,5000106,1.835,0.941,0.384
P06,2011-05-01,1287763,1367978,5097747,1.833,0.943,0.388
P06,2011-06-01,1300733,1402105,5202936,1.841,0.943,0.389
P06,2011-07-01,1305582,1447375,5304185,1.841,0.944,0.393
P06,2011-08-01,1319630,1489156,5400499,1.835,0.947,0.398
P06,2011-09-01,1329471,1540436,5491207,1.827,0.95,0.403
P06,2011-10-01,1343687,1586275,5611778,1.834,0.943,0.405
P06,2011-11-01,1357225,1632539,5703953,1.823,0.942,0.412
P06,2011-12-01,1375504,1694959,5813303,1.815,0.94,0.417
P06,2012-01-01,1393677,1752894,5917866,1.801,0.943,0.425
P06,2012-02-01,1415515,1820098,6012548,1.782,0.946,0.433
P06,2012-03-01,1437584,1886550,6111956,1.764,0.95,0.441
P06,2012-04-01,1468424,1949343,6220868,1.749,0.953,0.448
P06,2012-05-01,1489201,2020389,6328255,1.731,0.959,0.456
P06,2012-06-01,1522657,2087155,6419437,1.708,0.97,0.465
P06,2012-07-01,1554793,2154181,6514024,1.687,0.982,0.473
P06,2012-08-01,1584583,2218631,6618001,1.67,0.993,0.48
P06,2012-09-01,1611639,2278695,6717037,1.656,1.002,0.485
P06,2012-10-01,1646666,2356203,6815623,1.638,1.014,0.492
P06,2012-11-01,1680379,2422258,6915721,1.622,1.026,0.499
P06,2012-12-01,1716542,2487897,7009936,1.603,1.041,0.506
P06,2013-01-01,1743962,2566824,7113597,1.588,1.053,0.512
P06,2013-02-01,1775047,2629811,7204144,1.573,1.062,0.519
P06,2013-03-01,1798777,2711441,7308136,1.558,1.075,0.525
P06,2013-04-01,1833898,2784748,7404916,1.543,1.088,0.531
P06,2013-05-01,1863640,2842347,7505989,1.535,1.096,0.535
P06,2013-06-01,1888858,2913541,7605796,1.522,1.106,0.541
P06,2013-07-01,1925797,2991308,7708325,1.509,1.114,0.547
P06,2013-08-01,1945986,3068223,7812442,1.497,1.119,0.553
P06,2013-09-01,1964249,3158286,7911850,1.487,1.121,0.559
P06,2013-10-01,1997327,3238278,8013958,1.477,1.123,0.565
P06,2013-11-01,2019500,3321292,8107224,1.465,1.129,0.572
P06,2013-12-01,2047413,3388518,8207894,1.454,1.139,0.578
P06,2014-01-01,2077253,3470694,8315098,1.445,1.148,0.582
P06,2014-02-01,2097839,3548056,8401509,1.435,1.156,0.588
P06,2014-03-01,2121827,3635285,8502054,1.427,1.163,0.593
P06,2014-04-01,2138622,3720882,8594148,1.418,1.171,0.6
P06,2014-05-01,2160155,3802461,8690400,1.409,1.179,0.607
P06,2014-06-01,2181423,3879088,8781120,1.4,1.185,0.615
P06,2014-07-01,2203011,3953966,8878346,1.392,1.191,0.622
P06,2014-08-01,2219764,4042548,8979154,1.388,1.194,0.626
P06,2014-09-01,2240475,4114020,9080758,1.382,1.198,0.63
P06,2014-10-01,2256753,4178067,9183985,1.379,1.199,0.632
P06,2014-11-01,2275072,4283915,9286924,1.372,1.202,0.637
P06,2014-12-01,2279133,4364779,9388480,1.366,1.207,0.643
P06,2015-01-01,2306055,4453888,9490824,1.359,1.214,0.65
P06,2015-02-01,2313985,4557189,9582039,1.351,1.221,0.658
P06,2015-03-01,2326055,4638153,9682774,1.345,1.228,0.665
P06,2015-04-01,2355116,4714371,9792088,1.34,1.232,0.673
P06,2015-05-01,2366525,4808210,9891263,1.335,1.229,0.686
P06,2015-06-01,2379645,4918400,9995318,1.33,1.226,0.699
P06,2015-07-01,2395956,4993459,10099109,1.325,1.223,0.712
P06,2015-08-01,2414653,5088481,10204565,1.32,1.22,0.724
P06,2015-09-01,2425257,5179065,10308422,1.314,1.222,0.732
P06,2015-10-01,2428284,5265825,10410440,1.309,1.223,0.738
P06,2015-11-01,2447567,5361128,10511579,1.304,1.225,0.745
P06,2015-12-01,2465575,5461586,10611055,1.299,1.226,0.752
P06,2016-01-01,2470879,5559622,10709418,1.294,1.228,0.755
P06,2016-02-01,2491810,5668143,10806182,1.289,1.229,0.759
P06,2016-03-01,2501339,5743160,10911179,1.285,1.23,0.762
P06,2016-04-01,2507540,5836999,11004680,1.28,1.231,0.765
P06,2016-05-01,2525651,5925674,11098774,1.275,1.233,0.769
P06,2016-06-01,2547248,6039203,11199463,1.27,1.234,0.773
P06,2016-07-01,2540588,6094746,11304411,1.269,1.234,0.774
P06,2016-08-01,2555058,6196717,11403738,1.266,1.235,0.777
P06,2016-09-01,2574844,6308139,11496513,1.261,1.236,0.781
P06,2016-10-01,2571293,6384633,11596128,1.256,1.238,0.784
P06,2016-11-01,2594828,6498600,11695644,1.252,1.24,0.787
P06,2016-12-01,2603004,6566534,11791307,1.248,1.242,0.79
P06,2017-01-01,2615379,6683096,11887627,1.244,1.244,0.793
P06,2017-02-01,2626420,6804367,11974340,1.238,1.25,0.805
P06,2017-03-01,2647338,6894326,12072635,1.234,1.257,0.817
P06,2017-04-01,2651268,6963267,12173729,1.232,1.263,0.826
P06,2017-05-01,2664284,7064368,12274857,1.228,1.27,0.839
P06,2017-06-01,2678012,7179619,12372033,1.224,1.277,0.848
P06,2017-07-01,2681598,7261502,12476959,1.222,1.283,0.856
P06,2017-08-01,2693634,7355305,12574277,1.218,1.29,0.864
P06,2017-09-01,2704049,7460788,12671969,1.214,1.297,0.872
P06,2017-10-01,2727689,7552625,12771814,1.21,1.303,0.879
P06,2017-11-01,2743064,7693470,12873646,1.206,1.307,0.881
P06,2017-12-01,2754106,7770418,12965899,1.203,1.311,0.884
P06,2018-01-01,2756258,7858369,13069312,1.2,1.314,0.885
P06,2018-02-01,2775077,7973038,13163356,1.196,1.318,0.887
P06,2018-03-01,2783460,8062885,13260906,1.193,1.32,0.887
P06,2018-04-01,2791692,8160109,13357434,1.19,1.323,0.888
P06,2018-05-01,2801123,8246900,13458556,1.187,1.327,0.888
P06,2018-06-01,2812676,8317508,13559065,1.186,1.329,0.887
P06,2018-07-01,2819726,8403487,13661886,1.183,1.332,0.887
P06,2018-08-01,2844755,8522827,13777591,1.184,1.333,0.885
P06,2018-09-01,2850712,8601813,13874587,1.18,1.336,0.886
P06,2018-10-01,2859663,8714188,13979674,1.178,1.339,0.887
P06,2018-11-01,2863641,8842245,14080992,1.175,1.306,0.893
P06,2018-12-01,2873479,8929610,14189365,1.174,1.253,0.903
P06,2019-01-01,2899142,9031958,14280515,1.17,1.213,0.914
P06,2019-02-01,2891760,9116120,14373903,1.167,1.174,0.924
P06,2019-03-01,2900040,9221647,14476510,1.166,1.148,0.931
P06,2019-04-01,2914364,9319462,14573236,1.165,1.149,0.933
P06,2019-05-01,2922254,9361867,14681649,1.164,1.149,0.935
P06,2019-06-01,2928898,9508161,14779170,1.161,1.15,0.939
P06,2019-07-01,2939973,9602805,14887047,1.159,1.15,0.942
P06,2019-08-01,2953837,9747029,14983274,1.157,1.151,0.943
P06,2019-09-01,2951729,9807620,15093302,1.156,1.151,0.943
P06,2019-10-01,2974041,9939483,15198017,1.154,1.152,0.943
P06,2019-11-01,2966076,10029905,15290714,1.151,1.152,0.945
P06,2019-12-01,2994359,10143769,15405253,1.15,1.106,0.954
P06,2020-01-01,2994180,10231618,15512057,1.147,1.066,0.965
P06,2020-02-01,2989377,10312484,15608633,1.145,1.034,0.975
P06,2020-03-01,3009794,10425046,15712905,1.142,1,0.985
P06,2020-04-01,3009234,10574559,15803787,1.14,1,0.989
P06,2020-05-01,3014037,10620429,15902314,1.137,1,0.993
P06,2020-06-01,3023117,10742899,15995179,1.135,1,0.996
P06,2020-07-01,3037751,10886274,16093412,1.134,1,0.998
P06,2020-08-01,3041920,10978640,16194642,1.132,1,1
P06,2020-09-01,3057791,11083984,16291107,1.13,1,1
P06,2020-10-01,3048509,11182376,16397384,1.128,1,1
P06,2020-11-01,3064535,11315937,16490876,1.125,1,1
P06,2020-12-01,3059732,11450725,16591527,1.124,1,1
P06,2021-01-01,3079229,11458846,16688343,1.124,1,0.998
P06,2021-02-01,3088534,11579193,16771209,1.121,1,0.999
P06,2021-03-01,3095432,11662665,16868788,1.119,1,1
P06,2021-04-01,3095863,11787410,16967212,1.117,1,1
P06,2021-05-01,3106761,11888038,17069993,1.116,1,1
P06,2021-06-01,3106769,12000996,17170760,1.114,1,1
P06,2021-07-01,3115939,12078895,17275664,1.113,1,1
P06,2021-08-01,3125532,12202009,17380357,1.111,1,1
P06,2021-09-01,3132733,12301208,17479285,1.109,1.002,1.006
P06,2021-10-01,3148570,12363973,17583808,1.109,1.004,1.013
P06,2021-11-01,3136886,12509611,17689914,1.108,1.006,1.022
P06,2021-12-01,3142729,12610947,17793653,1.106,1.008,1.031
P06,2022-01-01,3151915,12716698,17888656,1.104,1.01,1.04
P06,2022-02-01,3153748,12869951,17983324,1.103,1.012,1.048
P06,2022-03-01,3166641,12978827,18077932,1.101,1.014,1.057
P06,2022-04-01,3177924,13070165,18186175,1.1,1.017,1.066
P06,2022-05-01,3181519,13167731,18289849,1.099,1.019,1.074
P06,2022-06-01,3193635,13261995,18392557,1.097,1.021,1.083
P06,2022-07-01,3189995,13341864,18498868,1.096,1.023,1.092
P06,2022-08-01,3190951,13497139,18596410,1.095,1.025,1.101
P06,2022-09-01,3193352,13566839,18692779,1.093,1.027,1.109
P06,2022-10-01,3206372,13668728,18795268,1.092,1.029,1.118
P06,2022-11-01,3214973,13796282,18898492,1.091,1.031,1.127
P06,2022-12-01,3215346,13922448,19003210,1.09,1.033,1.136
P06,2023-01-01,3229405,14021121,19102007,1.088,1.036,1.145
P06,2023-02-01,3234064,14088171,19189960,1.086,1.037,1.154
P06,2023-03-01,3241531,14213495,19294654,1.085,1.039,1.162
P06,2023-04-01,3242609,14323252,19397400,1.084,1.041,1.17
P06,2023-05-01,3246439,14423347,19498873,1.083,1.043,1.179
P06,2023-06-01,3257379,14547272,19593349,1.082,1.045,1.188
P06,2023-07-01,3263702,14673212,19689750,1.08,1.047,1.197
P06,2023-08-01,3273661,14767926,19792459,1.079,1.049,1.205
P06,2023-09-01,3272470,14851349,19882915,1.078,1.05,1.214
P06,2023-10-01,3268978,15035226,19984979,1.076,1.052,1.223
P06,2023-11-01,3283245,15094291,20087099,1.075,1.054,1.232
P06,2023-12-01,3266388,15184413,20185846,1.074,1.056,1.241
P06,2024-01-01,3285628,15343231,20285608,1.073,1.058,1.25
P06,2024-02-01,3297060,15406420,20384152,1.071,1.059,1.259
P06,2024-03-01,3297504,15492173,20476824,1.07,1.061,1.268
P06,2024-04-01,3305846,15615592,20582721,1.068,1.063,1.277
P06,2024-05-01,3318744,15776318,20691912,1.068,1.065,1.286
P06,2024-06-01,3308831,15829698,20799546,1.068,1.066,1.294
P06,2024-07-01,3306073,15951501,20905247,1.067,1.068,1.303
P06,2024-08-01,3322300,16037929,21012380,1.066,1.07,1.312
P06,2024-09-01,3326766,16189346,21106940,1.064,1.071,1.321
P06,2024-10-01,3332404,16303940,21228252,1.064,1.073,1.331
P06,2024-11-01,3328803,16388847,21327402,1.063,1.075,1.34
P06,2024-12-01,3335772,16501958,21433434,1.062,1.076,1.349
P06,2025-01-01,3335235,16675553,21537405,1.061,1.078,1.358
P06,2025-02-01,3340362,16745057,21635943,1.061,1.079,1.366
P06,2025-03-01,3350439,16814005,21743377,1.06,1.081,1.375
P06,2025-04-01,3364283,16952533,21838018,1.059,1.082,1.384
P06,2025-05-01,3357617,17073713,21942326,1.057,1.084,1.393
P06,2025-06-01,3352515,17109801,22038701,1.057,1.085,1.401
P06,2025-07-01,3363536,17237454,22138568,1.056,1.087,1.41
P06,2025-08-01,3366663,17431573,22234984,1.055,1.088,1.419
P06,2025-09-01,3379257,17480913,22340035,1.054,1.09,1.428
P06,2025-10-01,3379042,17684186,22443296,1.053,1.092,1.437
P06,2025-11-01,3387582,17772900,22546313,1.052,1.093,1.446
P06,2025-12-01,3400489,17807726,22656648,1.052,1.095,1.455
P06,2026-01-01,3397873,17913754,22759990,1.051,1.096,1.464
P06,2026-02-01,3389148,18074514,22845155,1.049,1.097,1.473
P06,2026-03-01,3392203,18080574,22951723,1.049,1.099,1.482
P06,2026-04-01,3410282,18220813,23047612,1.048,1.1,1.491
P06,2026-05-01,3422076,18347884,23150030,1.047,1.102,1.5
P06,2026-06-01,3423526,18429111,23248244,1.046,1.103,1.509
P06,2026-07-01,3414252,18580905,23349723,1.045,1.104,1.519
P06,2026-08-01,3415442,18707059,23457218,1.044,1.106,1.528
P07,2000-03-01,0,0,0,,,
P07,2000-04-01,0,0,0,,,
P07,2000-05-01,0,0,0,,,
P07,2000-06-01,0,0,0,,,
P07,2000-07-01,0,0,0,,,
P07,2000-08-01,0,0,0,,,
P07,2000-09-01,916,49,0,0,,
P07,2000-10-01,1849,99,0,0,,
P07,2000-11-01,2774,149,0,0,,
P07,2000-12-01,5484,296,0,0,,
P07,2001-01-01,8073,439,0,0,,
P07,2001-02-01,10401,567,0,0,,
P07,2001-03-01,13004,718,0,0,,
P07,2001-04-01,15515,852,0,0,,
P07,2001-05-01,19022,1053,0,0,,
P07,2001-06-01,22088,1239,0,0,,
P07,2001-07-01,25519,1436,0,0,,
P07,2001-08-01,28687,1608,0,0,,
P07,2001-09-01,31893,1806,0,0,,
P07,2001-10-01,34912,1978,0,0,,
P07,2001-11-01,38020,2171,0,0,,
P07,2001-12-01,41233,2362,0,0,,
P07,2002-01-01,45226,2599,0,0,,
P07,2002-02-01,48755,2808,0,0,,
P07,2002-03-01,52886,3068,0,0,,
P07,2002-04-01,56570,3286,0,0,,
P07,2002-05-01,60542,3551,0,0,,
P07,2002-06-01,64252,3791,0,0,,
P07,2002-07-01,68019,4009,0,0,,
P07,2002-08-01,71577,4220,0,0,,
P07,2002-09-01,74916,4453,0,0,,
P07,2002-10-01,78709,4703,0,0,,
P07,2002-11-01,81821,4903,0,0,,
P07,2002-12-01,85628,5121,0,0,,
P07,2003-01-01,88984,5346,0,0,,
P07,2003-02-01,91950,5549,0,0,,
P07,2003-03-01,95558,5814,0,0,,
P07,2003-04-01,98841,6029,0,0,,
P07,2003-05-01,102115,6217,0,0,,
P07,2003-06-01,105722,6470,0,0,,
P07,2003-07-01,108370,6645,0,0,,
P07,2003-08-01,111730,6881,0,0,,
P07,2003-09-01,114628,7085,0,0,,
P07,2003-10-01,117476,7284,0,0,,
P07,2003-11-01,121232,7553,0,0,,
P07,2003-12-01,124260,7729,0,0,,
P07,2004-01-01,127366,7967,0,0,,
P07,2004-02-01,130433,8160,0,0,,
P07,2004-03-01,133057,8362,0,0,,
P07,2004-04-01,135641,8608,0,0,,
P07,2004-05-01,139050,8798,0,0,,
P07,2004-06-01,142133,9021,0,0,,
P07,2004-07-01,144768,9238,0,0,,
P07,2004-08-01,148469,9442,0,0,,
P07,2004-09-01,150907,9665,0,0,,
P07,2004-10-01,153405,9884,0,0,,
P07,2004-11-01,155989,10060,0,0,,
P07,2004-12-01,159013,10311,0,0,,
P07,2005-01-01,161729,10521,0,0,,
P07,2005-02-01,164373,10656,0,0,,
P07,2005-03-01,167292,10905,0,0,,
P07,2005-04-01,169858,11165,0,0,,
P07,2005-05-01,172378,11312,0,0,,
P07,2005-06-01,174554,11449,0,0,,
P07,2005-07-01,177098,11691,0,0,,
P07,2005-08-01,179557,11850,0,0,,
P07,2005-09-01,182674,12089,0,0,,
P07,2005-10-01,184543,12301,0,0,,
P07,2005-11-01,186989,12453,0,0,,
P07,2005-12-01,189667,12711,0,0,,
P07,2006-01-01,192921,12881,0,0,,
P07,2006-02-01,193937,13061,0,0,,
P07,2006-03-01,196484,13209,0,0,,
P07,2006-04-01,199248,13421,0,0,,
P07,2006-05-01,201136,13645,0,0,,
P07,2006-06-01,204756,13801,0,0,,
P07,2006-07-01,206425,13986,0,0,,
P07,2006-08-01,208366,14253,0,0,,
P07,2006-09-01,210776,14373,0,0,,
P07,2006-10-01,212245,14567,0,0,,
P07,2006-11-01,213722,14730,0,0,,
P07,2006-12-01,217118,14940,0,0,,
P07,2007-01-01,219339,15139,0,0,,
P07,2007-02-01,221250,15302,0,0,,
P07,2007-03-01,223175,15537,0,0,,
P07,2007-04-01,225385,15684,0,0,,
P07,2007-05-01,227862,16147,0,0,,
P07,2007-06-01,230287,16831,0,0,,
P07,2007-07-01,234025,17900,0,0,,
P07,2007-08-01,238182,19496,0,0,,
P07,2007-09-01,241528,21798,0,0,,
P07,2007-10-01,245474,24719,0,0,,
P07,2007-11-01,249991,28170,0,0,,
P07,2007-12-01,256397,32327,0,0,,
P07,2008-01-01,264049,36896,0,0,,
P07,2008-02-01,269432,41061,0,0,,
P07,2008-03-01,274608,46431,0,0,,
P07,2008-04-01,282099,53257,0,0,,
P07,2008-05-01,288759,59714,0,0,,
P07,2008-06-01,293682,67017,0,0,,
P07,2008-07-01,300650,74287,0,0,,
P07,2008-08-01,307926,80842,0,0,,
P07,2008-09-01,314013,88361,0,0,,
P07,2008-10-01,320297,96389,0,0,,
P07,2008-11-01,325543,103796,0,0,,
P07,2008-12-01,332686,111700,0,0,,
P07,2009-01-01,340203,119024,0,0,,
P07,2009-02-01,344951,127925,0,0,,
P07,2009-03-01,349129,136194,0,0,,
P07,2009-04-01,354755,144195,0,0,,
P07,2009-05-01,360916,152163,0,0,,
P07,2009-06-01,367396,158882,0,0,,
P07,2009-07-01,371879,165669,0,0,,
P07,2009-08-01,378081,174583,0,0,,
P07,2009-09-01,382434,184293,0,0,,
P07,2009-10-01,387903,193715,0,0,,
P07,2009-11-01,394327,201504,0,0,,
P07,2009-12-01,398539,210133,0,0,,
P07,2010-01-01,402946,219134,0,0,,
P07,2010-02-01,407910,228495,0,0,,
P07,2010-03-01,410883,238033,0,0,,
P07,2010-04-01,415193,247396,0,0,,
P07,2010-05-01,421293,257791,0,0,,
P07,2010-06-01,423256,267614,0,0,,
P07,2010-07-01,427140,277038,0,0,,
P07,2010-08-01,430365,288533,0,0,,
P07,2010-09-01,434876,296857,0,0,,
P07,2010-10-01,438846,307989,0,0,,
P07,2010-11-01,440943,317948,0,0,,
P07,2010-12-01,444979,329980,0,0,,
P07,2011-01-01,446653,339446,0,0,,
P07,2011-02-01,450905,349468,0,0,,
P07,2011-03-01,453230,361113,0,0,,
P07,2011-04-01,457123,371536,0,0,,
P07,2011-05-01,462140,382721,0,0,,
P07,2011-06-01,463684,395245,14181,0.016,,
P07,2011-07-01,465004,406288,43104,0.047,,
P07,2011-08-01,467731,421223,84660,0.091,,
P07,2011-09-01,469157,431646,137870,0.145,,
P07,2011-10-01,476188,446539,207825,0.215,,
P07,2011-11-01,479436,459405,282957,0.287,,
P07,2011-12-01,484941,477181,364658,0.362,,
P07,2012-01-01,493193,493840,446243,0.431,,
P07,2012-02-01,502418,511969,529856,0.497,,
P07,2012-03-01,515819,535014,614933,0.559,,
P07,2012-04-01,528359,554484,696218,0.613,,
P07,2012-05-01,543425,576837,776483,0.662,,
P07,2012-06-01,560386,598993,864623,0.712,,
P07,2012-07-01,578783,618290,952384,0.759,,
P07,2012-08-01,597559,642004,1044404,0.804,,
P07,2012-09-01,620441,663814,1121942,0.836,0.703,0.795
P07,2012-10-01,635816,687362,1203822,0.869,0.708,0.78
P07,2012-11-01,656362,708322,1276282,0.894,0.718,0.77
P07,2012-12-01,678574,729376,1361361,0.924,0.724,0.756
P07,2013-01-01,699873,748439,1446971,0.954,0.726,0.743
P07,2013-02-01,709670,773143,1520983,0.979,0.724,0.731
P07,2013-03-01,729233,794185,1605043,1.005,0.731,0.717
P07,2013-04-01,750528,815904,1689157,1.029,0.737,0.705
P07,2013-05-01,768196,839216,1771713,1.054,0.739,0.692
P07,2013-06-01,785668,862868,1853979,1.075,0.744,0.685
P07,2013-07-01,803399,885077,1945072,1.099,0.749,0.677
P07,2013-08-01,819959,916605,2035012,1.12,0.753,0.671
P07,2013-09-01,835484,940886,2112394,1.137,0.755,0.668
P07,2013-10-01,849811,971118,2197710,1.155,0.755,0.665
P07,2013-11-01,866480,997624,2276118,1.169,0.756,0.663
P07,2013-12-01,880562,1021547,2359281,1.185,0.757,0.659
P07,2014-01-01,889941,1051064,2445387,1.201,0.757,0.656
P07,2014-02-01,905576,1081923,2527763,1.217,0.754,0.652
P07,2014-03-01,920806,1112560,2611051,1.23,0.758,0.648
P07,2014-04-01,933381,1139717,2693518,1.244,0.762,0.644
P07,2014-05-01,942805,1172135,2776985,1.256,0.766,0.64
P07,2014-06-01,956492,1202596,2859224,1.269,0.768,0.637
P07,2014-07-01,964886,1232973,2945835,1.282,0.77,0.633
P07,2014-08-01,978783,1265693,3026218,1.295,0.773,0.628
P07,2014-09-01,987170,1295799,3110407,1.307,0.774,0.625
P07,2014-10-01,996017,1320508,3190744,1.32,0.775,0.621
P07,2014-11-01,1007183,1356135,3275694,1.332,0.776,0.619
P07,2014-12-01,1014619,1387777,3366881,1.345,0.778,0.615
P07,2015-01-01,1025535,1424148,3457193,1.356,0.78,0.612
P07,2015-02-01,1037475,1456839,3537872,1.364,0.782,0.611
P07,2015-03-01,1044767,1494150,3621944,1.373,0.783,0.609
P07,2015-04-01,1047295,1527567,3703470,1.381,0.785,0.608
P07,2015-05-01,1062396,1558327,3787058,1.39,0.787,0.606
P07,2015-06-01,1067213,1591131,3870392,1.397,0.788,0.605
P07,2015-07-01,1078185,1635077,3955747,1.405,0.79,0.604
P07,2015-08-01,1088219,1668902,4049414,1.415,0.791,0.602
P07,2015-09-01,1092919,1713400,4132250,1.421,0.792,0.602
P07,2015-10-01,1102968,1740791,4212509,1.427,0.793,0.602
P07,2015-11-01,1106931,1782444,4298744,1.434,0.794,0.602
P07,2015-12-01,1110495,1819426,4375853,1.438,0.795,0.603
P07,2016-01-01,1123716,1845469,4464141,1.446,0.795,0.601
P07,2016-02-01,1125073,1895681,4543288,1.452,0.796,0.6
P07,2016-03-01,1136709,1929111,4636108,1.46,0.796,0.598
P07,2016-04-01,1140513,1960614,4720405,1.469,0.795,0.596
P07,2016-05-01,1152041,1999720,4801359,1.474,0.79,0.596
P07,2016-06-01,1154518,2033945,4889748,1.481,0.783,0.596
P07,2016-07-01,1159189,2063830,4971953,1.489,0.777,0.595
P07,2016-08-01,1163100,2104999,5059786,1.495,0.771,0.595
P07,2016-09-01,1171050,2144802,5140453,1.498,0.765,0.597
P07,2016-10-01,1183805,2195007,5228180,1.503,0.758,0.598
P07,2016-11-01,1185341,2224185,5306666,1.504,0.753,0.6
P07,2016-12-01,1196887,2266959,5386680,1.506,0.749,0.602
P07,2017-01-01,1206376,2303238,5471747,1.509,0.743,0.603
P07,2017-02-01,1209230,2339633,5542366,1.508,0.741,0.605
P07,2017-03-01,1219662,2382389,5634278,1.514,0.736,0.604
P07,2017-04-01,1226922,2419577,5715946,1.519,0.733,0.604
P07,2017-05-01,1233760,2471665,5803382,1.522,0.73,0.605
P07,2017-06-01,1240397,2503023,5895947,1.525,0.728,0.604
P07,2017-07-01,1252332,2536875,5983934,1.528,0.726,0.605
P07,2017-08-01,1256159,2578324,6065040,1.529,0.726,0.606
P07,2017-09-01,1264802,2619594,6148524,1.531,0.724,0.606
P07,2017-10-01,1277540,2664060,6229362,1.531,0.724,0.607
P07,2017-11-01,1277658,2705037,6311055,1.531,0.723,0.608
P07,2017-12-01,1291613,2749339,6398547,1.533,0.722,0.608
P07,2018-01-01,1304141,2798800,6477107,1.534,0.722,0.608
P07,2018-02-01,1300195,2847532,6563078,1.535,0.72,0.609
P07,2018-03-01,1310408,2885741,6648328,1.537,0.716,0.61
P07,2018-04-01,1319493,2942235,6734692,1.538,0.713,0.611
P07,2018-05-01,1327156,2971111,6820745,1.54,0.709,0.611
P07,2018-06-01,1332263,3008679,6898718,1.542,0.706,0.611
P07,2018-07-01,1343688,3054573,6988717,1.544,0.706,0.611
P07,2018-08-01,1344475,3097279,7069097,1.546,0.707,0.61
P07,2018-09-01,1355214,3139321,7154879,1.547,0.708,0.61
P07,2018-10-01,1358581,3174539,7238433,1.548,0.709,0.61
P07,2018-11-01,1371305,3220788,7326525,1.55,0.709,0.611
P07,2018-12-01,1371467,3263235,7415192,1.552,0.709,0.613
P07,2019-01-01,1373954,3309701,7506468,1.557,0.708,0.614
P07,2019-02-01,1383258,3343514,7583437,1.557,0.708,0.616
P07,2019-03-01,1388028,3395348,7674937,1.559,0.707,0.617
P07,2019-04-01,1390287,3429204,7762126,1.562,0.706,0.616
P07,2019-05-01,1402165,3504203,7840987,1.562,0.706,0.616
P07,2019-06-01,1406276,3527576,7927513,1.564,0.705,0.616
P07,2019-07-01,1410737,3573814,8008020,1.564,0.704,0.616
P07,2019-08-01,1414957,3608654,8094931,1.565,0.706,0.619
P07,2019-09-01,1425498,3663984,8177122,1.566,0.708,0.621
P07,2019-10-01,1421889,3708527,8260813,1.567,0.71,0.623
P07,2019-11-01,1431600,3756611,8344345,1.568,0.711,0.626
P07,2019-12-01,1437507,3793992,8433795,1.57,0.709,0.632
P07,2020-01-01,1435185,3838991,8515115,1.57,0.706,0.64
P07,2020-02-01,1443801,3886479,8590712,1.57,0.703,0.647
P07,2020-03-01,1443814,3935819,8673144,1.57,0.699,0.654
P07,2020-04-01,1455163,3985309,8757372,1.572,0.697,0.66
P07,2020-05-01,1452950,4025028,8840644,1.573,0.696,0.662
P07,2020-06-01,1453680,4070647,8925268,1.574,0.696,0.664
P07,2020-07-01,1468184,4109905,9008826,1.576,0.695,0.665
P07,2020-08-01,1465737,4156914,9098016,1.577,0.694,0.667
P07,2020-09-01,1472174,4199404,9178950,1.578,0.694,0.666
P07,2020-10-01,1478258,4253931,9264200,1.579,0.693,0.665
P07,2020-11-01,1480016,4281797,9344993,1.582,0.692,0.663
P07,2020-12-01,1484930,4332929,9429712,1.584,0.691,0.662
P07,2021-01-01,1487355,4360290,9509522,1.586,0.69,0.66
P07,2021-02-01,1493368,4418195,9576165,1.584,0.69,0.661
P07,2021-03-01,1492268,4449203,9660860,1.585,0.69,0.661
P07,2021-04-01,1497358,4481909,9741953,1.586,0.689,0.66
P07,2021-05-01,1498157,4535806,9824345,1.586,0.689,0.66
P07,2021-06-01,1507143,4588571,9902219,1.586,0.689,0.66
P07,2021-07-01,1511204,4632818,9977586,1.585,0.689,0.66
P07,2021-08-01,1518592,4673822,10061066,1.586,0.689,0.659
P07,2021-09-01,1515318,4718483,10150664,1.588,0.688,0.657
P07,2021-10-01,1515059,4754406,10233821,1.59,0.689,0.66
P07,2021-11-01,1522741,4808882,10310207,1.591,0.691,0.666
P07,2021-12-01,1526156,4862845,10392041,1.59,0.694,0.672
P07,2022-01-01,1528893,4901293,10471835,1.59,0.696,0.679
P07,2022-02-01,1537292,4953121,10544327,1.589,0.698,0.685
P07,2022-03-01,1538969,4990465,10618408,1.589,0.7,0.689
P07,2022-04-01,1538748,5059749,10708855,1.59,0.703,0.693
P07,2022-05-01,1544515,5083987,10795193,1.592,0.705,0.696
P07,2022-06-01,1548925,5136128,10874444,1.592,0.707,0.7
P07,2022-07-01,1548100,5169514,10969009,1.594,0.708,0.7
P07,2022-08-01,1553009,5240175,11055782,1.595,0.709,0.699
P07,2022-09-01,1556907,5278772,11144542,1.595,0.71,0.698
P07,2022-10-01,1562166,5317065,11231209,1.597,0.711,0.696
P07,2022-11-01,1567606,5382030,11322532,1.598,0.711,0.694
P07,2022-12-01,1573080,5405900,11410272,1.599,0.712,0.691
P07,2023-01-01,1570587,5473768,11498466,1.599,0.713,0.689
P07,2023-02-01,1576645,5533607,11578636,1.598,0.713,0.688
P07,2023-03-01,1580928,5571215,11667402,1.6,0.713,0.685
P07,2023-04-01,1580907,5600415,11745492,1.6,0.714,0.684
P07,2023-05-01,1588259,5655117,11831281,1.6,0.715,0.682
P07,2023-06-01,1596641,5715253,11916805,1.6,0.715,0.681
P07,2023-07-01,1598975,5766634,12003642,1.601,0.716,0.679
P07,2023-08-01,1601648,5796929,12087413,1.6,0.69,0.685
P07,2023-09-01,1601297,5844213,12161207,1.599,0.668,0.69
P07,2023-10-01,1602468,5866867,12247161,1.599,0.645,0.696
P07,2023-11-01,1604503,5933405,12330168,1.599,0.623,0.702
P07,2023-12-01,1616811,5997669,12418131,1.6,0.613,0.705
P07,2024-01-01,1618379,6053935,12503477,1.6,0.613,0.705
P07,2024-02-01,1618783,6085753,12578790,1.599,0.614,0.707
P07,2024-03-01,1628917,6118241,12662415,1.599,0.614,0.707
P07,2024-04-01,1632520,6210042,12739095,1.598,0.614,0.708
P07,2024-05-01,1628130,6223659,12826729,1.599,0.614,0.706
P07,2024-06-01,1632644,6272098,12907525,1.6,0.614,0.705
P07,2024-07-01,1643084,6299361,12988689,1.6,0.614,0.704
P07,2024-08-01,1641246,6345248,13073930,1.601,0.614,0.702
P07,2024-09-01,1640224,6386949,13154222,1.601,0.6,0.705
P07,2024-10-01,1645935,6450570,13243431,1.602,0.578,0.71
P07,2024-11-01,1648906,6504056,13327146,1.603,0.56,0.715
P07,2024-12-01,1648713,6552165,13407916,1.603,0.543,0.72
P07,2025-01-01,1653142,6591705,13500123,1.605,0.532,0.723
P07,2025-02-01,1656321,6671281,13587206,1.606,0.531,0.723
P07,2025-03-01,1656375,6700205,13670853,1.606,0.531,0.724
P07,2025-04-01,1664163,6746729,13754388,1.606,0.531,0.725
P07,2025-05-01,1664598,6778032,13847363,1.607,0.531,0.724
P07,2025-06-01,1669537,6825571,13930457,1.609,0.531,0.722
P07,2025-07-01,1673390,6861475,14014554,1.609,0.53,0.72
P07,2025-08-01,1678987,6901036,14097780,1.609,0.53,0.718
P07,2025-09-01,1679810,6966090,14185298,1.609,0.53,0.717
P07,2025-10-01,1681882,7033035,14271255,1.609,0.53,0.715
P07,2025-11-01,1686878,7069714,14350323,1.608,0.53,0.714
P07,2025-12-01,1688452,7128157,14434284,1.608,0.53,0.713
P07,2026-01-01,1699996,7169025,14524081,1.608,0.53,0.711
P07,2026-02-01,1691811,7204549,14605217,1.608,0.529,0.71
P07,2026-03-01,1689988,7266020,14678786,1.608,0.529,0.71
P07,2026-04-01,1694890,7353651,14765600,1.608,0.529,0.708
P07,2026-05-01,1708946,7367408,14849434,1.608,0.529,0.707
P07,2026-06-01,1702897,7423403,14930266,1.608,0.529,0.707
P07,2026-07-01,1702541,7481310,15019682,1.608,0.53,0.712
P07,2026-08-01,1700819,7494438,15103094,1.608,0.531,0.716
P08,2000-03-01,0,0,0,,,
P08,2000-04-01,0,0,0,,,
P08,2000-05-01,0,0,0,,,
P08,2000-06-01,0,0,0,,,
P08,2000-07-01,0,0,0,,,
P08,2000-08-01,0,0,0,,,
P08,2000-09-01,2688,144,0,0,,
P08,2000-10-01,5678,304,0,0,,
P08,2000-11-01,8012,431,0,0,,
P08,2000-12-01,12050,651,0,0,,
P08,2001-01-01,15733,850,0,0,,
P08,2001-02-01,19193,1043,0,0,,
P08,2001-03-01,22965,1253,0,0,,
P08,2001-04-01,26487,1448,0,0,,
P08,2001-05-01,30127,1661,0,0,,
P08,2001-06-01,33621,1853,0,0,,
P08,2001-07-01,37190,2058,0,0,,
P08,2001-08-01,40638,2251,0,0,,
P08,2001-09-01,44101,2471,0,0,,
P08,2001-10-01,47599,2659,0,0,,
P08,2001-11-01,51484,2893,0,0,,
P08,2001-12-01,55374,3122,0,0,,
P08,2002-01-01,59229,3364,0,0,,
P08,2002-02-01,62613,3576,0,0,,
P08,2002-03-01,66542,3818,0,0,,
P08,2002-04-01,70308,4048,0,0,,
P08,2002-05-01,73899,4279,0,0,,
P08,2002-06-01,78037,4526,0,0,,
P08,2002-07-01,82012,4749,0,0,,
P08,2002-08-01,86068,4993,0,0,,
P08,2002-09-01,89485,5220,0,0,,
P08,2002-10-01,93339,5489,0,0,,
P08,2002-11-01,96558,5690,0,0,,
P08,2002-12-01,99733,5926,0,0,,
P08,2003-01-01,103738,6153,0,0,,
P08,2003-02-01,107016,6356,0,0,,
P08,2003-03-01,110418,6602,0,0,,
P08,2003-04-01,113943,6815,0,0,,
P08,2003-05-01,117204,7024,0,0,,
P08,2003-06-01,120234,7250,0,0,,
P08,2003-07-01,123304,7450,0,0,,
P08,2003-08-01,126568,7657,0,0,,
P08,2003-09-01,129632,7895,0,0,,
P08,2003-10-01,133131,8116,0,0,,
P08,2003-11-01,135921,8324,0,0,,
P08,2003-12-01,139010,8542,0,0,,
P08,2004-01-01,142613,8768,0,0,,
P08,2004-02-01,144652,9010,0,0,,
P08,2004-03-01,147830,9181,0,0,,
P08,2004-04-01,151463,9372,0,0,,
P08,2004-05-01,153972,9581,0,0,,
P08,2004-06-01,157190,9795,0,0,,
P08,2004-07-01,159112,10031,0,0,,
P08,2004-08-01,162659,10234,0,0,,
P08,2004-09-01,165255,10439,0,0,,
P08,2004-10-01,168132,10640,0,0,,
P08,2004-11-01,171261,10847,0,0,,
P08,2004-12-01,174389,11026,0,0,,
P08,2005-01-01,176757,11233,0,0,,
P08,2005-02-01,178798,11413,0,0,,
P08,2005-03-01,181017,11632,0,0,,
P08,2005-04-01,183887,11836,0,0,,
P08,2005-05-01,186446,11995,0,0,,
P08,2005-06-01,189393,12233,0,0,,
P08,2005-07-01,191732,12386,0,0,,
P08,2005-08-01,193881,12618,0,0,,
P08,2005-09-01,196173,12820,0,0,,
P08,2005-10-01,199772,13007,0,0,,
P08,2005-11-01,201526,13210,0,0,,
P08,2005-12-01,203724,13393,0,0,,
P08,2006-01-01,206702,13570,0,0,,
P08,2006-02-01,209107,13765,0,0,,
P08,2006-03-01,210397,13957,0,0,,
P08,2006-04-01,213227,14131,0,0,,
P08,2006-05-01,215749,14312,0,0,,
P08,2006-06-01,217327,14532,0,0,,
P08,2006-07-01,220440,14631,0,0,,
P08,2006-08-01,222859,14893,0,0,,
P08,2006-09-01,224388,15109,0,0,,
P08,2006-10-01,227077,15291,0,0,,
P08,2006-11-01,228344,15395,0,0,,
P08,2006-12-01,230826,15648,0,0,,
P08,2007-01-01,233319,15783,0,0,,
P08,2007-02-01,235660,15970,0,0,,
P08,2007-03-01,237656,16186,0,0,,
P08,2007-04-01,239711,16344,0,0,,
P08,2007-05-01,241478,16542,0,0,,
P08,2007-06-01,243870,16681,0,0,,
P08,2007-07-01,245772,16914,0,0,,
P08,2007-08-01,247346,17016,0,0,,
P08,2007-09-01,250180,17335,0,0,,
P08,2007-10-01,252151,17941,0,0,,
P08,2007-11-01,254926,19132,0,0,,
P08,2007-12-01,257080,21374,0,0,,
P08,2008-01-01,260928,24350,0,0,,
P08,2008-02-01,264399,27330,0,0,,
P08,2008-03-01,269037,31695,0,0,,
P08,2008-04-01,275104,37453,0,0,,
P08,2008-05-01,279265,42409,0,0,,
P08,2008-06-01,284994,48478,0,0,,
P08,2008-07-01,291911,53884,0,0,,
P08,2008-08-01,296951,59719,0,0,,
P08,2008-09-01,302084,65284,0,0,,
P08,2008-10-01,305985,69610,0,0,,
P08,2008-11-01,310874,76191,0,0,,
P08,2008-12-01,316272,82859,0,0,,
P08,2009-01-01,320912,89289,0,0,,
P08,2009-02-01,325538,96047,0,0,,
P08,2009-03-01,329691,102069,0,0,,
P08,2009-04-01,336654,109808,0,0,,
P08,2009-05-01,340048,116020,0,0,,
P08,2009-06-01,344249,122554,0,0,,
P08,2009-07-01,349443,127177,0,0,,
P08,2009-08-01,353715,135206,0,0,,
P08,2009-09-01,357099,141436,0,0,,
P08,2009-10-01,360688,149502,0,0,,
P08,2009-11-01,364211,156966,0,0,,
P08,2009-12-01,366930,164723,0,0,,
P08,2010-01-01,370475,171770,0,0,,
P08,2010-02-01,375209,180332,0,0,,
P08,2010-03-01,377652,188520,0,0,,
P08,2010-04-01,381774,196915,0,0,,
P08,2010-05-01,384055,205146,0,0,,
P08,2010-06-01,387889,213000,0,0,,
P08,2010-07-01,391643,221880,0,0,,
P08,2010-08-01,394010,230808,0,0,,
P08,2010-09-01,397609,238827,0,0,,
P08,2010-10-01,398137,249226,0,0,,
P08,2010-11-01,402174,259063,0,0,,
P08,2010-12-01,404357,268494,0,0,,
P08,2011-01-01,405789,277054,0,0,,
P08,2011-02-01,408473,284556,0,0,,
P08,2011-03-01,409923,294399,0,0,,
P08,2011-04-01,412228,302838,0,0,,
P08,2011-05-01,416417,311970,0,0,,
P08,2011-06-01,417203,321318,0,0,,
P08,2011-07-01,420971,330271,0,0,,
P08,2011-08-01,421859,339572,0,0,,
P08,2011-09-01,424441,347782,0,0,,
P08,2011-10-01,426569,357281,0,0,,
P08,2011-11-01,427252,367257,0,0,,
P08,2011-12-01,429106,379065,0,0,,
P08,2012-01-01,434081,389941,0,0,,
P08,2012-02-01,437641,401584,0,0,,
P08,2012-03-01,444463,414175,0,0,,
P08,2012-04-01,450503,425394,0,0,,
P08,2012-05-01,456462,440458,0,0,,
P08,2012-06-01,465069,451699,0,0,,
P08,2012-07-01,475008,463045,0,0,,
P08,2012-08-01,481694,475206,0,0,,
P08,2012-09-01,490329,487997,0,0,,
P08,2012-10-01,498711,501237,0,0,,
P08,2012-11-01,506308,512519,0,0,,
P08,2012-12-01,515662,526973,0,0,,
P08,2013-01-01,525851,539653,0,0,,
P08,2013-02-01,531284,549299,0,0,,
P08,2013-03-01,538271,560027,0,0,,
P08,2013-04-01,548626,573595,0,0,,
P08,2013-05-01,558442,587165,0,0,,
P08,2013-06-01,564350,600422,0,0,,
P08,2013-07-01,573610,615499,0,0,,
P08,2013-08-01,580179,629306,0,0,,
P08,2013-09-01,585968,646350,0,0,,
P08,2013-10-01,592066,662127,0,0,,
P08,2013-11-01,600071,676591,0,0,,
P08,2013-12-01,607731,692745,0,0,,
P08,2014-01-01,613817,707624,0,0,,
P08,2014-02-01,618089,722574,0,0,,
P08,2014-03-01,624149,738097,0,0,,
P08,2014-04-01,629062,752131,0,0,,
P08,2014-05-01,636023,768475,0,0,,
P08,2014-06-01,641610,784817,0,0,,
P08,2014-07-01,647093,803724,0,0,,
P08,2014-08-01,650866,821414,0,0,,
P08,2014-09-01,655760,836993,0,0,,
P08,2014-10-01,659304,850483,0,0,,
P08,2014-11-01,664621,868452,0,0,,
P08,2014-12-01,668167,883133,0,0,,
P08,2015-01-01,674031,903827,0,0,,
P08,2015-02-01,679168,919606,0,0,,
P08,2015-03-01,685247,937892,0,0,,
P08,2015-04-01,682787,958525,0,0,,
P08,2015-05-01,688125,973710,0,0,,
P08,2015-06-01,695892,991677,0,0,,
P08,2015-07-01,696238,1010934,0,0,,
P08,2015-08-01,701206,1026534,0,0,,
P08,2015-09-01,705348,1048258,0,0,,
P08,2015-10-01,707791,1066968,0,0,,
P08,2015-11-01,710103,1081439,0,0,,
P08,2015-12-01,713364,1100616,0,0,,
P08,2016-01-01,714019,1119022,10577,0.006,,
P08,2016-02-01,723272,1141760,29192,0.015,,
P08,2016-03-01,723000,1161926,59814,0.031,,
P08,2016-04-01,726344,1170550,101541,0.052,,
P08,2016-05-01,730027,1187307,149994,0.075,,
P08,2016-06-01,728535,1203523,206703,0.103,,
P08,2016-07-01,736543,1218563,270743,0.133,,
P08,2016-08-01,742428,1247782,331153,0.161,,
P08,2016-09-01,748056,1270390,390436,0.187,,
P08,2016-10-01,753744,1293477,451930,0.213,,
P08,2016-11-01,760732,1325329,510847,0.237,,
P08,2016-12-01,771164,1351683,570333,0.26,,
P08,2017-01-01,777856,1376057,630039,0.282,,
P08,2017-02-01,788642,1397683,687030,0.303,,
P08,2017-03-01,799432,1421724,745534,0.324,,
P08,2017-04-01,809786,1453600,801988,0.343,,
P08,2017-05-01,821557,1473583,869782,0.366,,
P08,2017-06-01,832367,1498611,928534,0.384,,
P08,2017-07-01,844835,1526185,987303,0.402,,
P08,2017-08-01,861749,1551456,1047555,0.419,0.695,1.987
P08,2017-09-01,868669,1587155,1105413,0.435,0.693,1.945
P08,2017-10-01,883269,1615648,1170690,0.453,0.685,1.897
P08,2017-11-01,892711,1640804,1227639,0.468,0.674,1.863
P08,2017-12-01,899336,1664913,1288560,0.484,0.664,1.829
P08,2018-01-01,913901,1706419,1351487,0.5,0.652,1.793
P08,2018-02-01,925396,1726582,1410763,0.514,0.647,1.763
P08,2018-03-01,932779,1758330,1470180,0.528,0.645,1.73
P08,2018-04-01,944696,1804769,1529439,0.54,0.645,1.703
P08,2018-05-01,954280,1828344,1598098,0.557,0.641,1.665
P08,2018-06-01,962191,1849301,1657774,0.569,0.638,1.639
P08,2018-07-01,974681,1887279,1721665,0.582,0.637,1.612
P08,2018-08-01,981505,1923847,1784025,0.595,0.639,1.59
P08,2018-09-01,995073,1958267,1843644,0.606,0.641,1.573
P08,2018-10-01,1003131,1982842,1907829,0.618,0.643,1.553
P08,2018-11-01,1014112,2019592,1965186,0.628,0.641,1.539
P08,2018-12-01,1018463,2048572,2031337,0.64,0.639,1.52
P08,2019-01-01,1026147,2076829,2094038,0.653,0.634,1.5
P08,2019-02-01,1033865,2113010,2153291,0.663,0.631,1.485
P08,2019-03-01,1041503,2162070,2215508,0.673,0.629,1.471
P08,2019-04-01,1048286,2184072,2276966,0.684,0.625,1.454
P08,2019-05-01,1055107,2218534,2339248,0.694,0.622,1.44
P08,2019-06-01,1063430,2243935,2396110,0.702,0.618,1.428
P08,2019-07-01,1071000,2282681,2456672,0.712,0.616,1.412
P08,2019-08-01,1075528,2314122,2517094,0.721,0.617,1.397
P08,2019-09-01,1078468,2334521,2574925,0.729,0.617,1.384
P08,2019-10-01,1083450,2379313,2635843,0.738,0.616,1.369
P08,2019-11-01,1093715,2414365,2694082,0.746,0.617,1.358
P08,2019-12-01,1097497,2444592,2756330,0.754,0.616,1.345
P08,2020-01-01,1102621,2486512,2819437,0.763,0.617,1.33
P08,2020-02-01,1109334,2520847,2879896,0.771,0.617,1.318
P08,2020-03-01,1114538,2568870,2939856,0.778,0.618,1.307
P08,2020-04-01,1118563,2597989,3001908,0.786,0.618,1.295
P08,2020-05-01,1121805,2630715,3064392,0.794,0.618,1.284
P08,2020-06-01,1125503,2667013,3125835,0.8,0.619,1.274
P08,2020-07-01,1131480,2717143,3189394,0.808,0.62,1.263
P08,2020-08-01,1141400,2737689,3253586,0.815,0.621,1.254
P08,2020-09-01,1144318,2782743,3313547,0.821,0.621,1.245
P08,2020-10-01,1147439,2819689,3375956,0.828,0.622,1.236
P08,2020-11-01,1151255,2834056,3437135,0.835,0.62,1.226
P08,2020-12-01,1157162,2886618,3495741,0.842,0.621,1.217
P08,2021-01-01,1164114,2926099,3559036,0.848,0.621,1.208
P08,2021-02-01,1162245,2960389,3616901,0.854,0.622,1.201
P08,2021-03-01,1166710,2995409,3680721,0.861,0.622,1.192
P08,2021-04-01,1175231,3027345,3738426,0.866,0.623,1.186
P08,2021-05-01,1178331,3062336,3801558,0.872,0.623,1.179
P08,2021-06-01,1178441,3102703,3864276,0.878,0.624,1.172
P08,2021-07-01,1185787,3126952,3928111,0.884,0.624,1.165
P08,2021-08-01,1193445,3168119,3993502,0.89,0.625,1.157
P08,2021-09-01,1197198,3209388,4049920,0.895,0.625,1.153
P08,2021-10-01,1199891,3241724,4108910,0.9,0.625,1.148
P08,2021-11-01,1201791,3275863,4164641,0.906,0.624,1.141
P08,2021-12-01,1203620,3313980,4229955,0.911,0.625,1.134
P08,2022-01-01,1209556,3358524,4290975,0.916,0.625,1.129
P08,2022-02-01,1215670,3386747,4351749,0.921,0.625,1.123
P08,2022-03-01,1212730,3423393,4413982,0.926,0.625,1.117
P08,2022-04-01,1219784,3470225,4471642,0.93,0.626,1.113
P08,2022-05-01,1228540,3508613,4527408,0.933,0.625,1.111
P08,2022-06-01,1230470,3541452,4582956,0.936,0.624,1.109
P08,2022-07-01,1240613,3591199,4644624,0.94,0.622,1.106
P08,2022-08-01,1242976,3634033,4706875,0.944,0.62,1.102
P08,2022-09-01,1247266,3660706,4767475,0.947,0.618,1.1
P08,2022-10-01,1254814,3708811,4830297,0.952,0.617,1.096
P08,2022-11-01,1259986,3743298,4891809,0.955,0.615,1.094
P08,2022-12-01,1266556,3778415,4950070,0.957,0.613,1.094
P08,2023-01-01,1269172,3828458,5019197,0.961,0.61,1.09
P08,2023-02-01,1273911,3859654,5075382,0.963,0.608,1.091
P08,2023-03-01,1281963,3912639,5138445,0.967,0.606,1.088
P08,2023-04-01,1284840,3951586,5197989,0.969,0.604,1.087
P08,2023-05-01,1297502,3994907,5265637,0.973,0.603,1.084
P08,2023-06-01,1301105,4028465,5327581,0.976,0.603,1.082
P08,2023-07-01,1308481,4076742,5385737,0.978,0.602,1.081
P08,2023-08-01,1310472,4127517,5449464,0.98,0.602,1.078
P08,2023-09-01,1316079,4174669,5511672,0.983,0.601,1.077
P08,2023-10-01,1328755,4201101,5571917,0.984,0.602,1.075
P08,2023-11-01,1329945,4258159,5631800,0.986,0.603,1.074
P08,2023-12-01,1340043,4282727,5693686,0.988,0.603,1.072
P08,2024-01-01,1345166,4326477,5755276,0.991,0.603,1.07
P08,2024-02-01,1352169,4376491,5811879,0.992,0.604,1.069
P08,2024-03-01,1358008,4414816,5835783,0.988,0.607,1.075
P08,2024-04-01,1362976,4458232,5858193,0.984,0.61,1.08
P08,2024-05-01,1372306,4471895,5882763,0.981,0.613,1.084
P08,2024-06-01,1365234,4525253,5907636,0.978,0.616,1.088
P08,2024-07-01,1380606,4558930,5932542,0.976,0.618,1.091
P08,2024-08-01,1383388,4598003,5955801,0.974,0.62,1.093
P08,2024-09-01,1384823,4645915,5980455,0.972,0.623,1.096
P08,2024-10-01,1388127,4657424,6007357,0.97,0.625,1.098
P08,2024-11-01,1396800,4700605,6033199,0.968,0.627,1.1
P08,2024-12-01,1400203,4710676,6056334,0.966,0.63,1.103
P08,2025-01-01,1405100,4769788,6080006,0.964,0.632,1.106
P08,2025-02-01,1411130,4810148,6131346,0.966,0.633,1.103
P08,2025-03-01,1412156,4830084,6194087,0.97,0.632,1.098
P08,2025-04-01,1420150,4871091,6253418,0.973,0.631,1.095
P08,2025-05-01,1424984,4900218,6317114,0.976,0.63,1.092
P08,2025-06-01,1433400,4970102,6382208,0.978,0.628,1.089
P08,2025-07-01,1439979,4999252,6449546,0.983,0.624,1.085
P08,2025-08-01,1443241,5046855,6514684,0.986,0.62,1.082
P08,2025-09-01,1445796,5061258,6572910,0.987,0.619,1.082
P08,2025-10-01,1443735,5115560,6635431,0.989,0.62,1.079
P08,2025-11-01,1455593,5184805,6692008,0.99,0.621,1.078
P08,2025-12-01,1453839,5222663,6752818,0.992,0.621,1.075
P08,2026-01-01,1463745,5249506,6813203,0.993,0.622,1.073
P08,2026-02-01,1462968,5289811,6869539,0.995,0.622,1.07
P08,2026-03-01,1466761,5325743,6931207,0.998,0.622,1.069
P08,2026-04-01,1475471,5390611,6991102,0.999,0.623,1.069
P08,2026-05-01,1480769,5424372,7054280,1.001,0.623,1.069
P08,2026-06-01,1484173,5476126,7109705,1.002,0.624,1.071
P08,2026-07-01,1490389,5498552,7167154,1.003,0.624,1.072
P08,2026-08-01,1493494,5550389,7230425,1.005,0.624,1.072
P09,2000-03-01,0,0,0,,,
P09,2000-04-01,0,0,0,,,
P09,2000-05-01,0,0,0,,,
P09,2000-06-01,0,0,0,,,
P09,2000-07-01,0,0,0,,,
P09,2000-08-01,0,0,0,,,
P09,2000-09-01,735,40,0,0,,
P09,2000-10-01,1468,79,0,0,,
P09,2000-11-01,2836,152,0,0,,
P09,2000-12-01,4261,230,0,0,,
P09,2001-01-01,5456,296,0,0,,
P09,2001-02-01,6612,360,0,0,,
P09,2001-03-01,7961,436,0,0,,
P09,2001-04-01,9268,508,0,0,,
P09,2001-05-01,11818,652,0,0,,
P09,2001-06-01,14230,792,0,0,,
P09,2001-07-01,16211,907,0,0,,
P09,2001-08-01,18784,1055,0,0,,
P09,2001-09-01,21031,1182,0,0,,
P09,2001-10-01,23521,1331,0,0,,
P09,2001-11-01,25756,1462,0,0,,
P09,2001-12-01,29257,1665,0,0,,
P09,2002-01-01,32444,1868,0,0,,
P09,2002-02-01,35439,2053,0,0,,
P09,2002-03-01,38408,2229,0,0,,
P09,2002-04-01,41450,2418,0,0,,
P09,2002-05-01,44871,2625,0,0,,
P09,2002-06-01,47840,2817,0,0,,
P09,2002-07-01,51066,3008,0,0,,
P09,2002-08-01,54628,3219,0,0,,
P09,2002-09-01,57678,3417,0,0,,
P09,2002-10-01,60476,3615,0,0,,
P09,2002-11-01,63144,3779,0,0,,
P09,2002-12-01,66213,3971,0,0,,
P09,2003-01-01,69186,4157,0,0,,
P09,2003-02-01,71882,4329,0,0,,
P09,2003-03-01,74769,4545,0,0,,
P09,2003-04-01,77780,4732,0,0,,
P09,2003-05-01,80659,4920,0,0,,
P09,2003-06-01,83212,5111,0,0,,
P09,2003-07-01,86314,5285,0,0,,
P09,2003-08-01,88534,5475,0,0,,
P09,2003-09-01,91650,5659,0,0,,
P09,2003-10-01,94186,5833,0,0,,
P09,2003-11-01,96847,6017,0,0,,
P09,2003-12-01,99335,6197,0,0,,
P09,2004-01-01,101978,6389,0,0,,
P09,2004-02-01,104161,6539,0,0,,
P09,2004-03-01,106861,6724,0,0,,
P09,2004-04-01,109585,6903,0,0,,
P09,2004-05-01,111810,7086,0,0,,
P09,2004-06-01,114508,7248,0,0,,
P09,2004-07-01,116422,7403,0,0,,
P09,2004-08-01,118722,7598,0,0,,
P09,2004-09-01,121007,7781,0,0,,
P09,2004-10-01,123629,7930,0,0,,
P09,2004-11-01,125477,8115,0,0,,
P09,2004-12-01,127976,8284,0,0,,
P09,2005-01-01,130329,8452,0,0,,
P09,2005-02-01,132943,8618,0,0,,
P09,2005-03-01,134811,8792,0,0,,
P09,2005-04-01,136895,8938,0,0,,
P09,2005-05-01,139212,9102,0,0,,
P09,2005-06-01,141522,9282,0,0,,
P09,2005-07-01,143078,9452,0,0,,
P09,2005-08-01,146113,9604,0,0,,
P09,2005-09-01,147778,9798,0,0,,
P09,2005-10-01,149639,9963,0,0,,
P09,2005-11-01,151604,10070,0,0,,
P09,2005-12-01,153553,10243,0,0,,
P09,2006-01-01,156110,10404,0,0,,
P09,2006-02-01,157787,10530,0,0,,
P09,2006-03-01,159719,10725,0,0,,
P09,2006-04-01,161857,10875,0,0,,
P09,2006-05-01,163341,11037,0,0,,
P09,2006-06-01,165073,11170,0,0,,
P09,2006-07-01,167050,11358,0,0,,
P09,2006-08-01,169512,11492,0,0,,
P09,2006-09-01,171316,11690,0,0,,
P09,2006-10-01,172743,11844,0,0,,
P09,2006-11-01,174504,11927,0,0,,
P09,2006-12-01,176666,12184,0,0,,
P09,2007-01-01,178147,12295,0,0,,
P09,2007-02-01,180002,12374,0,0,,
P09,2007-03-01,181451,12567,0,0,,
P09,2007-04-01,183747,12800,0,0,,
P09,2007-05-01,185080,13129,0,0,,
P09,2007-06-01,187153,13966,0,0,,
P09,2007-07-01,190563,15370,0,0,,
P09,2007-08-01,193604,17505,0,0,,
P09,2007-09-01,198408,20321,0,0,,
P09,2007-10-01,202795,23569,0,0,,
P09,2007-11-01,208380,27655,0,0,,
P09,2007-12-01,214605,31483,0,0,,
P09,2008-01-01,222196,35374,0,0,,
P09,2008-02-01,227911,39332,0,0,,
P09,2008-03-01,234835,43436,0,0,,
P09,2008-04-01,241015,46989,0,0,,
P09,2008-05-01,249251,51194,0,0,,
P09,2008-06-01,256677,55340,0,0,,
P09,2008-07-01,264518,59214,0,0,,
P09,2008-08-01,272052,62377,0,0,,
P09,2008-09-01,278400,67409,0,0,,
P09,2008-10-01,284331,72347,0,0,,
P09,2008-11-01,292522,76982,0,0,,
P09,2008-12-01,299151,81691,0,0,,
P09,2009-01-01,306360,87177,0,0,,
P09,2009-02-01,311855,93062,0,0,,
P09,2009-03-01,317335,97540,0,0,,
P09,2009-04-01,323831,102848,0,0,,
P09,2009-05-01,330192,108421,0,0,,
P09,2009-06-01,334403,115370,0,0,,
P09,2009-07-01,340713,120878,0,0,,
P09,2009-08-01,344896,126469,0,0,,
P09,2009-09-01,349267,132416,0,0,,
P09,2009-10-01,355145,139551,0,0,,
P09,2009-11-01,358769,145988,0,0,,
P09,2009-12-01,363729,151579,0,0,,
P09,2010-01-01,368456,158536,0,0,,
P09,2010-02-01,371760,166068,0,0,,
P09,2010-03-01,376534,173156,0,0,,
P09,2010-04-01,378938,179255,0,0,,
P09,2010-05-01,383544,187364,0,0,,
P09,2010-06-01,387478,195014,0,0,,
P09,2010-07-01,392376,203606,0,0,,
P09,2010-08-01,393008,212737,0,0,,
P09,2010-09-01,397828,219761,0,0,,
P09,2010-10-01,403387,229337,0,0,,
P09,2010-11-01,405461,237358,0,0,,
P09,2010-12-01,407726,245118,0,0,,
P09,2011-01-01,414136,253678,0,0,,
P09,2011-02-01,415082,261679,0,0,,
P09,2011-03-01,418972,267234,0,0,,
P09,2011-04-01,420401,274854,0,0,,
P09,2011-05-01,424883,283387,0,0,,
P09,2011-06-01,427662,292957,0,0,,
P09,2011-07-01,429479,301836,0,0,,
P09,2011-08-01,432934,310903,0,0,,
P09,2011-09-01,435614,319855,0,0,,
P09,2011-10-01,438545,329947,0,0,,
P09,2011-11-01,441634,339569,0,0,,
P09,2011-12-01,444342,349988,0,0,,
P09,2012-01-01,448313,359564,0,0,,
P09,2012-02-01,452162,373432,0,0,,
P09,2012-03-01,457324,383637,0,0,,
P09,2012-04-01,460048,394112,0,0,,
P09,2012-05-01,464333,404060,0,0,,
P09,2012-06-01,465327,415840,0,0,,
P09,2012-07-01,470102,426621,0,0,,
P09,2012-08-01,474313,438023,0,0,,
P09,2012-09-01,477990,450880,0,0,,
P09,2012-10-01,480309,463551,0,0,,
P09,2012-11-01,483805,475835,0,0,,
P09,2012-12-01,487351,485987,0,0,,
P09,2013-01-01,491533,497002,0,0,,
P09,2013-02-01,496624,509842,0,0,,
P09,2013-03-01,500779,522303,0,0,,
P09,2013-04-01,505042,535032,0,0,,
P09,2013-05-01,508156,545230,0,0,,
P09,2013-06-01,512893,556761,0,0,,
P09,2013-07-01,515220,568922,0,0,,
P09,2013-08-01,520650,581009,0,0,,
P09,2013-09-01,522070,593512,0,0,,
P09,2013-10-01,526897,607383,0,0,,
P09,2013-11-01,529923,623835,0,0,,
P09,2013-12-01,532400,633038,0,0,,
P09,2014-01-01,536811,643221,0,0,,
P09,2014-02-01,539563,655706,0,0,,
P09,2014-03-01,542215,671337,0,0,,
P09,2014-04-01,545603,681819,0,0,,
P09,2014-05-01,548981,696126,0,0,,
P09,2014-06-01,554098,704629,0,0,,
P09,2014-07-01,555583,721002,0,0,,
P09,2014-08-01,556548,734866,0,0,,
P09,2014-09-01,560235,746105,0,0,,
P09,2014-10-01,562792,762345,0,0,,
P09,2014-11-01,567559,777525,0,0,,
P09,2014-12-01,569373,787579,0,0,,
P09,2015-01-01,572252,799500,0,0,,
P09,2015-02-01,573183,814312,0,0,,
P09,2015-03-01,575841,826945,0,0,,
P09,2015-04-01,580116,842161,0,0,,
P09,2015-05-01,583427,856549,0,0,,
P09,2015-06-01,585327,873762,0,0,,
P09,2015-07-01,587614,881406,0,0,,
P09,2015-08-01,592901,901051,0,0,,
P09,2015-09-01,595179,912105,0,0,,
P09,2015-10-01,595863,928798,0,0,,
P09,2015-11-01,595842,942856,0,0,,
P09,2015-12-01,600138,952476,0,0,,
P09,2016-01-01,600867,972191,8878,0.005,,
P09,2016-02-01,606689,983941,26690,0.016,,
P09,2016-03-01,604676,998476,56807,0.034,,
P09,2016-04-01,608060,1015181,93884,0.056,,
P09,2016-05-01,610041,1027479,142241,0.084,,
P09,2016-06-01,614045,1043962,196172,0.114,,
P09,2016-07-01,614380,1060245,252812,0.146,,
P09,2016-08-01,616697,1077972,309356,0.176,,
P09,2016-09-01,622055,1095680,367964,0.207,,
P09,2016-10-01,625517,1112843,423630,0.236,,
P09,2016-11-01,631349,1133340,477066,0.262,,
P09,2016-12-01,636495,1146782,535272,0.289,,
P09,2017-01-01,644111,1169651,593499,0.316,,
P09,2017-02-01,651675,1191303,642463,0.337,,
P09,2017-03-01,664700,1208235,702169,0.362,,
P09,2017-04-01,673102,1235793,756955,0.383,,
P09,2017-05-01,687841,1258511,809286,0.402,,
P09,2017-06-01,701428,1279516,863760,0.421,,
P09,2017-07-01,715498,1298969,918180,0.44,,
P09,2017-08-01,732128,1323699,977821,0.459,,
P09,2017-09-01,745739,1348419,1033510,0.476,,
P09,2017-10-01,762296,1376011,1094456,0.495,,
P09,2017-11-01,782443,1399220,1155407,0.513,0.79,1.621
P09,2017-12-01,801159,1422221,1217070,0.53,0.799,1.586
P09,2018-01-01,815517,1437015,1281044,0.548,0.808,1.552
P09,2018-02-01,828546,1469159,1330848,0.56,0.806,1.533
P09,2018-03-01,847948,1486558,1386152,0.573,0.816,1.511
P09,2018-04-01,862402,1515398,1438685,0.584,0.824,1.494
P09,2018-05-01,881467,1538882,1500496,0.599,0.825,1.468
P09,2018-06-01,893797,1561979,1555882,0.612,0.826,1.442
P09,2018-07-01,909486,1582112,1612912,0.624,0.835,1.42
P09,2018-08-01,924901,1614293,1668805,0.635,0.844,1.402
P09,2018-09-01,940977,1638600,1724281,0.645,0.85,1.385
P09,2018-10-01,957631,1667324,1784719,0.656,0.856,1.367
P09,2018-11-01,967954,1691873,1841713,0.668,0.85,1.348
P09,2018-12-01,987104,1717626,1899618,0.678,0.853,1.334
P09,2019-01-01,997920,1746826,1958425,0.688,0.857,1.323
P09,2019-02-01,1008860,1785978,2015637,0.697,0.859,1.313
P09,2019-03-01,1020443,1805490,2076233,0.709,0.858,1.3
P09,2019-04-01,1033100,1843014,2129516,0.716,0.859,1.295
P09,2019-05-01,1043137,1870542,2186370,0.725,0.859,1.286
P09,2019-06-01,1052121,1902425,2240130,0.732,0.857,1.28
P09,2019-07-01,1060086,1933803,2296280,0.741,0.855,1.272
P09,2019-08-01,1072349,1966022,2351677,0.749,0.852,1.264
P09,2019-09-01,1082959,1997002,2408227,0.756,0.85,1.257
P09,2019-10-01,1089482,2033257,2465633,0.764,0.847,1.249
P09,2019-11-01,1096818,2064862,2523152,0.772,0.843,1.242
P09,2019-12-01,1105547,2100539,2577653,0.778,0.841,1.238
P09,2020-01-01,1116497,2131283,2635047,0.785,0.837,1.232
P09,2020-02-01,1121476,2158515,2690938,0.792,0.838,1.223
P09,2020-03-01,1134522,2200072,2750399,0.799,0.84,1.214
P09,2020-04-01,1141650,2224150,2803268,0.804,0.841,1.21
P09,2020-05-01,1150493,2271000,2866161,0.812,0.84,1.199
P09,2020-06-01,1159011,2302165,2922324,0.818,0.841,1.193
P09,2020-07-01,1166135,2342873,2983813,0.825,0.84,1.184
P09,2020-08-01,1170348,2369140,3042356,0.831,0.841,1.177
P09,2020-09-01,1180827,2406857,3096107,0.836,0.843,1.173
P09,2020-10-01,1189139,2451750,3155950,0.842,0.844,1.165
P09,2020-11-01,1194478,2482227,3212053,0.847,0.845,1.16
P09,2020-12-01,1200559,2517872,3267574,0.852,0.845,1.154
P09,2021-01-01,1212396,2548273,3320760,0.857,0.846,1.149
P09,2021-02-01,1215765,2583196,3372838,0.861,0.846,1.145
P09,2021-03-01,1220905,2625057,3423575,0.865,0.848,1.143
P09,2021-04-01,1225515,2666610,3475643,0.868,0.849,1.139
P09,2021-05-01,1232437,2687223,3531660,0.874,0.849,1.133
P09,2021-06-01,1239372,2714988,3588306,0.878,0.849,1.128
P09,2021-07-01,1241290,2754417,3643024,0.883,0.85,1.123
P09,2021-08-01,1245841,2784050,3698986,0.888,0.85,1.118
P09,2021-09-01,1254399,2842453,3758974,0.893,0.849,1.113
P09,2021-10-01,1260166,2862903,3817068,0.898,0.85,1.107
P09,2021-11-01,1262659,2910071,3871236,0.901,0.851,1.104
P09,2021-12-01,1272777,2943437,3926688,0.906,0.851,1.1
P09,2022-01-01,1275618,2985150,3984971,0.91,0.852,1.096
P09,2022-02-01,1288097,3008663,4037611,0.913,0.853,1.093
P09,2022-03-01,1292982,3046328,4093263,0.917,0.853,1.09
P09,2022-04-01,1290341,3087441,4145994,0.92,0.854,1.088
P09,2022-05-01,1300354,3121658,4203167,0.924,0.855,1.085
P09,2022-06-01,1303500,3177032,4253927,0.926,0.855,1.083
P09,2022-07-01,1305710,3196035,4309129,0.93,0.856,1.08
P09,2022-08-01,1314942,3243639,4369110,0.934,0.856,1.076
P09,2022-09-01,1321492,3282555,4427082,0.938,0.856,1.073
P09,2022-10-01,1327701,3306778,4491060,0.943,0.856,1.069
P09,2022-11-01,1329318,3348795,4545345,0.945,0.856,1.067
P09,2022-12-01,1336881,3389059,4604106,0.949,0.856,1.064
P09,2023-01-01,1340956,3423374,4660597,0.952,0.856,1.061
P09,2023-02-01,1344623,3464394,4713106,0.954,0.856,1.059
P09,2023-03-01,1348198,3499638,4770778,0.958,0.855,1.056
P09,2023-04-01,1351588,3526928,4827004,0.962,0.854,1.052
P09,2023-05-01,1357151,3568858,4887913,0.966,0.853,1.048
P09,2023-06-01,1362258,3612140,4943299,0.969,0.848,1.047
P09,2023-07-01,1368903,3650904,5001768,0.972,0.843,1.045
P09,2023-08-01,1366241,3677741,5057710,0.975,0.839,1.045
P09,2023-09-01,1374622,3726199,5115352,0.977,0.834,1.043
P09,2023-10-01,1375597,3768048,5178202,0.981,0.829,1.041
P09,2023-11-01,1385705,3805241,5238529,0.984,0.824,1.039
P09,2023-12-01,1388507,3833903,5293439,0.986,0.819,1.04
P09,2024-01-01,1391424,3889479,5350259,0.988,0.813,1.04
P09,2024-02-01,1395508,3930177,5402346,0.99,0.808,1.041
P09,2024-03-01,1395878,3961663,5457104,0.992,0.803,1.041
P09,2024-04-01,1404084,4017294,5515343,0.995,0.797,1.04
P09,2024-05-01,1407189,4039853,5570898,0.997,0.792,1.04
P09,2024-06-01,1405439,4088259,5627601,0.999,0.786,1.039
P09,2024-07-01,1409375,4114206,5684049,1.001,0.782,1.039
P09,2024-08-01,1415333,4165588,5738259,1.003,0.778,1.038
P09,2024-09-01,1421911,4225572,5793477,1.005,0.774,1.038
P09,2024-10-01,1423811,4227836,5849240,1.007,0.77,1.037
P09,2024-11-01,1426296,4292077,5904311,1.008,0.766,1.037
P09,2024-12-01,1428739,4337289,5958725,1.01,0.763,1.037
P09,2025-01-01,1431222,4360903,6009729,1.011,0.759,1.037
P09,2025-02-01,1440318,4405530,6059763,1.013,0.756,1.036
P09,2025-03-01,1446145,4446853,6116821,1.016,0.753,1.034
P09,2025-04-01,1446592,4477938,6176125,1.018,0.75,1.033
P09,2025-05-01,1451237,4538495,6233050,1.02,0.747,1.032
P09,2025-06-01,1452679,4573150,6289214,1.022,0.744,1.031
P09,2025-07-01,1458997,4608751,6353170,1.025,0.74,1.028
P09,2025-08-01,1455067,4632759,6405925,1.026,0.738,1.028
P09,2025-09-01,1458137,4679459,6463294,1.028,0.735,1.027
P09,2025-10-01,1470835,4731639,6521875,1.031,0.733,1.025
P09,2025-11-01,1461755,4753141,6579415,1.033,0.73,1.023
P09,2025-12-01,1469311,4804124,6637233,1.036,0.727,1.02
P09,2026-01-01,1468625,4837334,6693260,1.038,0.724,1.018
P09,2026-02-01,1467656,4874950,6745592,1.041,0.721,1.015
P09,2026-03-01,1476681,4902045,6799426,1.043,0.718,1.013
P09,2026-04-01,1478777,4924540,6853108,1.045,0.714,1.012
P09,2026-05-01,1479668,4992882,6912420,1.049,0.709,1.01
P09,2026-06-01,1484275,4994075,6973470,1.052,0.705,1.007
P09,2026-07-01,1483596,5031219,7030582,1.055,0.7,1.005
P09,2026-08-01,1478516,5066033,7086986,1.058,0.696,1.003
P10,2000-03-01,1862,95,0,0,,
P10,2000-04-01,3760,192,0,0,,
P10,2000-05-01,5430,278,0,0,,
P10,2000-06-01,7164,368,0,0,,
P10,2000-07-01,8923,461,0,0,,
P10,2000-08-01,10535,548,0,0,,
P10,2000-09-01,12185,637,0,0,,
P10,2000-10-01,13850,727,0,0,,
P10,2000-11-01,15879,835,0,0,,
P10,2000-12-01,18898,1000,0,0,,
P10,2001-01-01,21519,1143,0,0,,
P10,2001-02-01,23326,1239,0,0,,
P10,2001-03-01,26064,1398,0,0,,
P10,2001-04-01,28601,1537,0,0,,
P10,2001-05-01,31312,1698,0,0,,
P10,2001-06-01,33787,1839,0,0,,
P10,2001-07-01,35946,1954,0,0,,
P10,2001-08-01,38548,2104,0,0,,
P10,2001-09-01,40902,2245,0,0,,
P10,2001-10-01,43860,2413,0,0,,
P10,2001-11-01,45371,2511,0,0,,
P10,2001-12-01,49948,2794,0,0,,
P10,2002-01-01,55490,3121,0,0,,
P10,2002-02-01,60652,3430,0,0,,
P10,2002-03-01,65902,3764,0,0,,
P10,2002-04-01,70067,4033,0,0,,
P10,2002-05-01,75867,4359,0,0,,
P10,2002-06-01,80817,4682,0,0,,
P10,2002-07-01,85924,5008,0,0,,
P10,2002-08-01,91229,5330,0,0,,
P10,2002-09-01,95980,5637,0,0,,
P10,2002-10-01,101283,5959,0,0,,
P10,2002-11-01,105736,6217,0,0,,
P10,2002-12-01,110773,6579,0,0,,
P10,2003-01-01,115531,6887,0,0,,
P10,2003-02-01,119916,7175,0,0,,
P10,2003-03-01,124581,7512,0,0,,
P10,2003-04-01,129114,7791,0,0,,
P10,2003-05-01,134414,8143,0,0,,
P10,2003-06-01,138586,8435,0,0,,
P10,2003-07-01,143069,8705,0,0,,
P10,2003-08-01,148397,9052,0,0,,
P10,2003-09-01,151137,9313,0,0,,
P10,2003-10-01,156155,9631,0,0,,
P10,2003-11-01,160892,9901,0,0,,
P10,2003-12-01,165200,10236,0,0,,
P10,2004-01-01,169159,10474,0,0,,
P10,2004-02-01,172410,10782,0,0,,
P10,2004-03-01,177107,11089,0,0,,
P10,2004-04-01,180587,11317,0,0,,
P10,2004-05-01,185778,11663,0,0,,
P10,2004-06-01,189045,11954,0,0,,
P10,2004-07-01,192940,12230,0,0,,
P10,2004-08-01,197434,12500,0,0,,
P10,2004-09-01,201107,12816,0,0,,
P10,2004-10-01,205127,13080,0,0,,
P10,2004-11-01,208396,13324,0,0,,
P10,2004-12-01,212521,13657,0,0,,
P10,2005-01-01,217429,13964,0,0,,
P10,2005-02-01,219800,14158,0,0,,
P10,2005-03-01,223246,14442,0,0,,
P10,2005-04-01,226716,14797,0,0,,
P10,2005-05-01,231384,14986,0,0,,
P10,2005-06-01,233623,15278,0,0,,
P10,2005-07-01,237514,15618,0,0,,
P10,2005-08-01,240630,15834,0,0,,
P10,2005-09-01,244434,16121,0,0,,
P10,2005-10-01,247198,16354,0,0,,
P10,2005-11-01,251791,16613,0,0,,
P10,2005-12-01,255648,16935,0,0,,
P10,2006-01-01,258215,17164,0,0,,
P10,2006-02-01,260794,17383,0,0,,
P10,2006-03-01,263925,17687,0,0,,
P10,2006-04-01,266303,17856,0,0,,
P10,2006-05-01,269883,18190,0,0,,
P10,2006-06-01,273898,18396,0,0,,
P10,2006-07-01,275783,18747,0,0,,
P10,2006-08-01,280566,18910,0,0,,
P10,2006-09-01,282309,19140,0,0,,
P10,2006-10-01,286327,19413,0,0,,
P10,2006-11-01,289361,19744,0,0,,
P10,2006-12-01,291053,19991,0,0,,
P10,2007-01-01,294824,20210,0,0,,
P10,2007-02-01,296908,20519,0,0,,
P10,2007-03-01,301575,20728,0,0,,
P10,2007-04-01,304197,21025,0,0,,
P10,2007-05-01,306402,21640,0,0,,
P10,2007-06-01,311598,22872,0,0,,
P10,2007-07-01,314478,24810,0,0,,
P10,2007-08-01,321615,28017,0,0,,
P10,2007-09-01,328790,32603,0,0,,
P10,2007-10-01,336069,37102,0,0,,
P10,2007-11-01,343870,42656,0,0,,
P10,2007-12-01,354887,48484,0,0,,
P10,2008-01-01,362094,54229,0,0,,
P10,2008-02-01,370955,60313,0,0,,
P10,2008-03-01,381355,66138,0,0,,
P10,2008-04-01,390142,72880,0,0,,
P10,2008-05-01,399857,79705,0,0,,
P10,2008-06-01,406972,87132,0,0,,
P10,2008-07-01,415918,93636,0,0,,
P10,2008-08-01,426874,100523,0,0,,
P10,2008-09-01,435579,108169,0,0,,
P10,2008-10-01,442870,116720,0,0,,
P10,2008-11-01,450870,123770,0,0,,
P10,2008-12-01,461660,131053,0,0,,
P10,2009-01-01,467918,139786,0,0,,
P10,2009-02-01,473808,148995,0,0,,
P10,2009-03-01,484533,157030,0,0,,
P10,2009-04-01,492324,165088,0,0,,
P10,2009-05-01,498790,174257,0,0,,
P10,2009-06-01,508076,183211,0,0,,
P10,2009-07-01,513213,190834,0,0,,
P10,2009-08-01,521861,199171,0,0,,
P10,2009-09-01,529992,210239,0,0,,
P10,2009-10-01,535076,219227,0,0,,
P10,2009-11-01,541913,229171,0,0,,
P10,2009-12-01,548524,237945,0,0,,
P10,2010-01-01,556084,247780,0,0,,
P10,2010-02-01,561929,258091,0,0,,
P10,2010-03-01,564833,267697,0,0,,
P10,2010-04-01,571772,277097,0,0,,
P10,2010-05-01,579814,288030,0,0,,
P10,2010-06-01,584306,299845,0,0,,
P10,2010-07-01,587605,310951,0,0,,
P10,2010-08-01,592279,322606,0,0,,
P10,2010-09-01,597948,332489,0,0,,
P10,2010-10-01,603598,345350,0,0,,
P10,2010-11-01,608417,356111,0,0,,
P10,2010-12-01,613156,369166,0,0,,
P10,2011-01-01,619655,381131,8141,0.008,,
P10,2011-02-01,622714,391905,21480,0.02,,
P10,2011-03-01,623592,400029,46506,0.043,,
P10,2011-04-01,630371,408758,77031,0.07,,
P10,2011-05-01,630961,422887,119603,0.107,,
P10,2011-06-01,637633,438148,169316,0.149,,
P10,2011-07-01,639169,450227,217937,0.189,,
P10,2011-08-01,645615,463190,266415,0.227,,
P10,2011-09-01,652267,480347,314835,0.264,,
P10,2011-10-01,655274,494327,362252,0.298,,
P10,2011-11-01,662263,511786,410357,0.332,,
P10,2011-12-01,667267,530247,457139,0.362,,
P10,2012-01-01,678883,550475,509216,0.393,,
P10,2012-02-01,689916,573063,553894,0.416,,
P10,2012-03-01,701639,598928,604259,0.442,,
P10,2012-04-01,716318,621062,653486,0.465,,
P10,2012-05-01,730060,645455,700665,0.484,,
P10,2012-06-01,744495,671686,748242,0.502,,
P10,2012-07-01,763814,695537,792482,0.517,,
P10,2012-08-01,779344,717615,839776,0.533,,
P10,2012-09-01,797986,746422,886810,0.547,,
P10,2012-10-01,818679,772439,930935,0.558,,
P10,2012-11-01,831538,799417,977048,0.57,,
P10,2012-12-01,854284,824471,1025532,0.582,,
P10,2013-01-01,871675,849036,1069304,0.592,,
P10,2013-02-01,885998,877519,1111593,0.601,,
P10,2013-03-01,903272,906613,1159237,0.611,1.281,1.042
P10,2013-04-01,921616,930496,1208437,0.624,1.257,1.036
P10,2013-05-01,931574,950774,1255085,0.636,1.239,1.032
P10,2013-06-01,951463,973276,1301636,0.644,1.238,1.035
P10,2013-07-01,969283,1001353,1353295,0.655,1.221,1.031
P10,2013-08-01,983394,1033389,1401742,0.663,1.215,1.034
P10,2013-09-01,1001846,1066648,1447996,0.671,1.205,1.038
P10,2013-10-01,1017412,1097825,1498600,0.679,1.192,1.041
P10,2013-11-01,1026425,1126565,1541512,0.683,1.185,1.049
P10,2013-12-01,1039798,1154017,1589438,0.691,1.179,1.049
P10,2014-01-01,1056058,1189335,1637008,0.696,1.176,1.052
P10,2014-02-01,1069205,1223706,1681511,0.702,1.171,1.055
P10,2014-03-01,1083887,1259535,1732196,0.709,1.163,1.054
P10,2014-04-01,1094842,1285409,1778084,0.714,1.16,1.057
P10,2014-05-01,1109025,1321276,1826574,0.719,1.155,1.059
P10,2014-06-01,1116709,1359049,1873008,0.724,1.149,1.063
P10,2014-07-01,1132502,1391806,1919127,0.728,1.144,1.067
P10,2014-08-01,1143936,1422023,1968432,0.735,1.138,1.068
P10,2014-09-01,1150460,1458198,2013969,0.739,1.135,1.074
P10,2014-10-01,1159901,1490324,2063005,0.746,1.127,1.074
P10,2014-11-01,1170480,1529436,2110975,0.75,1.123,1.079
P10,2014-12-01,1183092,1562471,2157512,0.753,1.12,1.085
P10,2015-01-01,1191008,1600410,2205897,0.757,1.115,1.091
P10,2015-02-01,1203284,1641453,2250033,0.76,1.11,1.098
P10,2015-03-01,1214816,1671766,2302116,0.765,1.104,1.1
P10,2015-04-01,1218825,1715954,2349783,0.768,1.099,1.104
P10,2015-05-01,1226245,1765456,2393738,0.77,1.096,1.111
P10,2015-06-01,1239406,1800080,2442215,0.773,1.091,1.115
P10,2015-07-01,1245944,1842551,2494153,0.778,1.085,1.117
P10,2015-08-01,1258769,1875364,2545368,0.782,1.079,1.119
P10,2015-09-01,1267177,1919462,2590299,0.783,1.074,1.126
P10,2015-10-01,1272573,1955948,2634933,0.785,1.069,1.131
P10,2015-11-01,1281771,1998815,2681823,0.788,1.064,1.135
P10,2015-12-01,1287501,2036143,2730434,0.791,1.063,1.136
P10,2016-01-01,1300000,2079237,2782365,0.795,1.062,1.135
P10,2016-02-01,1302907,2122128,2825543,0.796,1.061,1.139
P10,2016-03-01,1312833,2157671,2875165,0.799,1.06,1.139
P10,2016-04-01,1317309,2196327,2922592,0.801,1.059,1.141
P10,2016-05-01,1324211,2238036,2971119,0.803,1.058,1.143
P10,2016-06-01,1329633,2278572,3013722,0.804,1.057,1.148
P10,2016-07-01,1342163,2319461,3060743,0.808,1.054,1.146
P10,2016-08-01,1349298,2357482,3111301,0.81,1.056,1.146
P10,2016-09-01,1355312,2414089,3155434,0.81,1.058,1.149
P10,2016-10-01,1363632,2446405,3203905,0.812,1.062,1.15
P10,2016-11-01,1370641,2495066,3250168,0.812,1.066,1.153
P10,2016-12-01,1385693,2534433,3302397,0.813,1.072,1.154
P10,2017-01-01,1404782,2596809,3349164,0.812,1.081,1.158
P10,2017-02-01,1410822,2635266,3388854,0.81,1.09,1.164
P10,2017-03-01,1423068,2676377,3435028,0.808,1.101,1.168
P10,2017-04-01,1437709,2728112,3481918,0.808,1.114,1.17
P10,2017-05-01,1454407,2789617,3527814,0.805,1.129,1.175
P10,2017-06-01,1476388,2836745,3574746,0.803,1.144,1.179
P10,2017-07-01,1503072,2872055,3622914,0.801,1.16,1.182
P10,2017-08-01,1515570,2938083,3669231,0.798,1.18,1.186
P10,2017-09-01,1535971,2987576,3720639,0.796,1.197,1.19
P10,2017-10-01,1564475,3048596,3766091,0.792,1.216,1.196
P10,2017-11-01,1582312,3092220,3818198,0.79,1.232,1.199
P10,2017-12-01,1599430,3155693,3867944,0.788,1.25,1.202
P10,2018-01-01,1619032,3199992,3916490,0.786,1.268,1.205
P10,2018-02-01,1645163,3232855,3958991,0.783,1.284,1.211
P10,2018-03-01,1659022,3311583,4006523,0.781,1.3,1.214
P10,2018-04-01,1676369,3363059,4052597,0.778,1.315,1.219
P10,2018-05-01,1699337,3422688,4098204,0.776,1.332,1.223
P10,2018-06-01,1717963,3478532,4144029,0.774,1.346,1.227
P10,2018-07-01,1737885,3520918,4191757,0.772,1.36,1.231
P10,2018-08-01,1762449,3586338,4239066,0.769,1.375,1.235
P10,2018-09-01,1776811,3634292,4285719,0.767,1.388,1.24
P10,2018-10-01,1788957,3698803,4335682,0.766,1.401,1.244
P10,2018-11-01,1801807,3761170,4381396,0.763,1.414,1.249
P10,2018-12-01,1822804,3819166,4428733,0.761,1.425,1.254
P10,2019-01-01,1838646,3892785,4475760,0.759,1.436,1.259
P10,2019-02-01,1854880,3919435,4520677,0.757,1.446,1.265
P10,2019-03-01,1864015,3987735,4565280,0.756,1.455,1.268
P10,2019-04-01,1883490,4054046,4610925,0.754,1.464,1.274
P10,2019-05-01,1901013,4110984,4656554,0.752,1.473,1.278
P10,2019-06-01,1910411,4159498,4701227,0.75,1.48,1.283
P10,2019-07-01,1921124,4210015,4746440,0.749,1.486,1.287
P10,2019-08-01,1941342,4279163,4789785,0.747,1.492,1.291
P10,2019-09-01,1945026,4339106,4837698,0.746,1.498,1.295
P10,2019-10-01,1955955,4408423,4889731,0.745,1.503,1.298
P10,2019-11-01,1969938,4475636,4940428,0.744,1.508,1.301
P10,2019-12-01,1981089,4531448,4987554,0.743,1.511,1.305
P10,2020-01-01,1985277,4612574,5033019,0.741,1.51,1.312
P10,2020-02-01,2004674,4677810,5075313,0.738,1.51,1.32
P10,2020-03-01,2015788,4734282,5124655,0.737,1.508,1.326
P10,2020-04-01,2022905,4815188,5172685,0.736,1.506,1.331
P10,2020-05-01,2032808,4866083,5219582,0.735,1.503,1.336
P10,2020-06-01,2043249,4938542,5265449,0.733,1.502,1.343
P10,2020-07-01,2050642,5003402,5313921,0.732,1.499,1.348
P10,2020-08-01,2065673,5091340,5361661,0.73,1.496,1.354
P10,2020-09-01,2072323,5128037,5404483,0.728,1.493,1.361
P10,2020-10-01,2082915,5199405,5454824,0.727,1.487,1.366
P10,2020-11-01,2089580,5270391,5498933,0.726,1.483,1.374
P10,2020-12-01,2105722,5321295,5550021,0.725,1.476,1.378
P10,2021-01-01,2103581,5422701,5600086,0.725,1.469,1.381
P10,2021-02-01,2116335,5457109,5640470,0.723,1.465,1.388
P10,2021-03-01,2127193,5534937,5687692,0.722,1.46,1.394
P10,2021-04-01,2134572,5606852,5733520,0.721,1.454,1.4
P10,2021-05-01,2146250,5684348,5783743,0.721,1.45,1.403
P10,2021-06-01,2155222,5748097,5829382,0.719,1.446,1.408
P10,2021-07-01,2158762,5798703,5881134,0.719,1.442,1.411
P10,2021-08-01,2174410,5866052,5928849,0.718,1.437,1.416
P10,2021-09-01,2181384,5946930,5973312,0.717,1.434,1.421
P10,2021-10-01,2187846,6002433,6022952,0.716,1.429,1.424
P10,2021-11-01,2190008,6087931,6068309,0.715,1.426,1.43
P10,2021-12-01,2199577,6143318,6119568,0.715,1.421,1.433
P10,2022-01-01,2212169,6237109,6168694,0.714,1.418,1.437
P10,2022-02-01,2209172,6288441,6211136,0.712,1.416,1.442
P10,2022-03-01,2227355,6356161,6257744,0.711,1.413,1.446
P10,2022-04-01,2227285,6416299,6303941,0.71,1.41,1.451
P10,2022-05-01,2243484,6489311,6351015,0.709,1.408,1.455
P10,2022-06-01,2248156,6557304,6398409,0.708,1.405,1.459
P10,2022-07-01,2252405,6644675,6445619,0.708,1.402,1.462
P10,2022-08-01,2255706,6733632,6497274,0.707,1.398,1.465
P10,2022-09-01,2269660,6812035,6542277,0.706,1.396,1.468
P10,2022-10-01,2277197,6856935,6591890,0.706,1.394,1.471
P10,2022-11-01,2287945,6897728,6639274,0.705,1.391,1.473
P10,2022-12-01,2289967,6992654,6691283,0.705,1.389,1.475
P10,2023-01-01,2290863,7066684,6737656,0.704,1.387,1.479
P10,2023-02-01,2303691,7145160,6777475,0.702,1.385,1.484
P10,2023-03-01,2302315,7208290,6821951,0.701,1.383,1.487
P10,2023-04-01,2307826,7261763,6865271,0.701,1.38,1.488
P10,2023-05-01,2311119,7307984,6915205,0.7,1.376,1.491
P10,2023-06-01,2326234,7400324,6958150,0.699,1.372,1.495
P10,2023-07-01,2330337,7488235,7004319,0.699,1.367,1.499
P10,2023-08-01,2342216,7527444,7049724,0.698,1.363,1.503
P10,2023-09-01,2340867,7609735,7093104,0.696,1.358,1.507
P10,2023-10-01,2346783,7724448,7138984,0.696,1.354,1.51
P10,2023-11-01,2353617,7749458,7187521,0.695,1.348,1.513
P10,2023-12-01,2362187,7815156,7236387,0.695,1.343,1.516
P10,2024-01-01,2358715,7906817,7284458,0.694,1.339,1.519
P10,2024-02-01,2372997,7993644,7330035,0.693,1.339,1.522
P10,2024-03-01,2381470,8047357,7379672,0.693,1.338,1.524
P10,2024-04-01,2379563,8117111,7420895,0.692,1.338,1.527
P10,2024-05-01,2376007,8167454,7471806,0.692,1.337,1.528
P10,2024-06-01,2386692,8234294,7520109,0.691,1.336,1.53
P10,2024-07-01,2396854,8337078,7570853,0.691,1.335,1.531
P10,2024-08-01,2407259,8409206,7619681,0.69,1.335,1.532
P10,2024-09-01,2408133,8462705,7665245,0.689,1.334,1.536
P10,2024-10-01,2414268,8541671,7712142,0.688,1.334,1.541
P10,2024-11-01,2411604,8617443,7756593,0.687,1.333,1.547
P10,2024-12-01,2421537,8719567,7804941,0.687,1.332,1.551
P10,2025-01-01,2426005,8805452,7853908,0.686,1.331,1.556
P10,2025-02-01,2435215,8830893,7899473,0.686,1.33,1.559
P10,2025-03-01,2440916,8913275,7944940,0.686,1.329,1.563
P10,2025-04-01,2426419,8949890,7992325,0.685,1.328,1.568
P10,2025-05-01,2449181,9022022,8040645,0.685,1.327,1.572
P10,2025-06-01,2444325,9123578,8086380,0.684,1.326,1.573
P10,2025-07-01,2453364,9196728,8129634,0.683,1.325,1.576
P10,2025-08-01,2459049,9237721,8178087,0.683,1.323,1.577
P10,2025-09-01,2460430,9348147,8222208,0.682,1.322,1.579
P10,2025-10-01,2461988,9409997,8271542,0.682,1.32,1.58
P10,2025-11-01,2468931,9530286,8317958,0.681,1.319,1.581
P10,2025-12-01,2477487,9556341,8370639,0.681,1.317,1.581
P10,2026-01-01,2482524,9633858,8418156,0.681,1.315,1.583
P10,2026-02-01,2481957,9709803,8461934,0.681,1.315,1.586
P10,2026-03-01,2493339,9756712,8511249,0.681,1.316,1.589
P10,2026-04-01,2488780,9844174,8558964,0.68,1.317,1.594
P10,2026-05-01,2495529,9909533,8607516,0.68,1.318,1.598
P10,2026-06-01,2494107,9973977,8653152,0.68,1.318,1.602
P10,2026-07-01,2512330,10057318,8703694,0.68,1.319,1.606
P10,2026-08-01,2502427,10134500,8750241,0.68,1.319,1.61
P11,2000-03-01,2333,119,0,0,,
P11,2000-04-01,6547,332,0,0,,
P11,2000-05-01,10638,544,0,0,,
P11,2000-06-01,14540,747,0,0,,
P11,2000-07-01,18470,957,0,0,,
P11,2000-08-01,22575,1170,0,0,,
P11,2000-09-01,27974,1458,0,0,,
P11,2000-10-01,33530,1759,0,0,,
P11,2000-11-01,37796,1987,0,0,,
P11,2000-12-01,43331,2302,0,0,,
P11,2001-01-01,47758,2536,0,0,,
P11,2001-02-01,51662,2754,0,0,,
P11,2001-03-01,56629,3036,0,0,,
P11,2001-04-01,61724,3318,0,0,,
P11,2001-05-01,66603,3598,0,0,,
P11,2001-06-01,71486,3866,0,0,,
P11,2001-07-01,75848,4128,0,0,,
P11,2001-08-01,80425,4399,0,0,,
P11,2001-09-01,85259,4672,0,0,,
P11,2001-10-01,90180,4948,0,0,,
P11,2001-11-01,93758,5175,0,0,,
P11,2001-12-01,98409,5474,0,0,,
P11,2002-01-01,104635,5819,0,0,,
P11,2002-02-01,110604,6175,0,0,,
P11,2002-03-01,116156,6504,0,0,,
P11,2002-04-01,121526,6860,0,0,,
P11,2002-05-01,127614,7210,0,0,,
P11,2002-06-01,132986,7518,0,0,,
P11,2002-07-01,138434,7870,0,0,,
P11,2002-08-01,143784,8237,0,0,,
P11,2002-09-01,149678,8594,0,0,,
P11,2002-10-01,155477,8953,0,0,,
P11,2002-11-01,160191,9279,0,0,,
P11,2002-12-01,165853,9617,0,0,,
P11,2003-01-01,170793,9978,0,0,,
P11,2003-02-01,176000,10324,0,0,,
P11,2003-03-01,181727,10657,0,0,,
P11,2003-04-01,187830,11013,0,0,,
P11,2003-05-01,192544,11409,0,0,,
P11,2003-06-01,197585,11734,0,0,,
P11,2003-07-01,202075,12038,0,0,,
P11,2003-08-01,206625,12379,0,0,,
P11,2003-09-01,211550,12619,0,0,,
P11,2003-10-01,215163,12989,0,0,,
P11,2003-11-01,220598,13314,0,0,,
P11,2003-12-01,225296,13668,0,0,,
P11,2004-01-01,230389,14019,0,0,,
P11,2004-02-01,235669,14349,0,0,,
P11,2004-03-01,239048,14649,0,0,,
P11,2004-04-01,244377,14986,0,0,,
P11,2004-05-01,249468,15419,0,0,,
P11,2004-06-01,252821,15671,0,0,,
P11,2004-07-01,258624,16002,0,0,,
P11,2004-08-01,262679,16346,0,0,,
P11,2004-09-01,266914,16628,0,0,,
P11,2004-10-01,271291,16958,0,0,,
P11,2004-11-01,275523,17250,0,0,,
P11,2004-12-01,280154,17509,0,0,,
P11,2005-01-01,283979,17896,0,0,,
P11,2005-02-01,287095,18154,0,0,,
P11,2005-03-01,291488,18516,0,0,,
P11,2005-04-01,295397,18818,0,0,,
P11,2005-05-01,300576,19141,0,0,,
P11,2005-06-01,302890,19385,0,0,,
P11,2005-07-01,307072,19724,0,0,,
P11,2005-08-01,311612,20010,0,0,,
P11,2005-09-01,315509,20352,0,0,,
P11,2005-10-01,319480,20660,0,0,,
P11,2005-11-01,323226,20905,0,0,,
P11,2005-12-01,325769,21186,0,0,,
P11,2006-01-01,331062,21494,0,0,,
P11,2006-02-01,334476,21716,0,0,,
P11,2006-03-01,338171,22052,0,0,,
P11,2006-04-01,341366,22343,0,0,,
P11,2006-05-01,345462,22604,0,0,,
P11,2006-06-01,348292,22912,0,0,,
P11,2006-07-01,352336,23259,0,0,,
P11,2006-08-01,356048,23576,0,0,,
P11,2006-09-01,358935,23851,0,0,,
P11,2006-10-01,362018,24134,0,0,,
P11,2006-11-01,364065,24496,0,0,,
P11,2006-12-01,368177,24748,0,0,,
P11,2007-01-01,372054,25009,0,0,,
P11,2007-02-01,374108,25201,0,0,,
P11,2007-03-01,377820,25491,0,0,,
P11,2007-04-01,381497,25879,0,0,,
P11,2007-05-01,386225,26216,0,0,,
P11,2007-06-01,389435,27078,0,0,,
P11,2007-07-01,393703,28017,0,0,,
P11,2007-08-01,400047,29605,0,0,,
P11,2007-09-01,403377,31997,0,0,,
P11,2007-10-01,407890,34914,0,0,,
P11,2007-11-01,414369,39487,0,0,,
P11,2007-12-01,422587,45587,0,0,,
P11,2008-01-01,432939,53519,0,0,,
P11,2008-02-01,438992,59807,0,0,,
P11,2008-03-01,451605,71074,0,0,,
P11,2008-04-01,462852,84001,0,0,,
P11,2008-05-01,473542,96687,0,0,,
P11,2008-06-01,486583,111048,0,0,,
P11,2008-07-01,497677,123857,0,0,,
P11,2008-08-01,511178,137610,0,0,,
P11,2008-09-01,522944,151544,0,0,,
P11,2008-10-01,534297,167948,0,0,,
P11,2008-11-01,544963,183271,0,0,,
P11,2008-12-01,555228,199945,0,0,,
P11,2009-01-01,566314,215676,0,0,,
P11,2009-02-01,577049,232564,0,0,,
P11,2009-03-01,587972,246686,0,0,,
P11,2009-04-01,596445,262658,0,0,,
P11,2009-05-01,608543,278236,0,0,,
P11,2009-06-01,619344,294848,0,0,,
P11,2009-07-01,629212,308400,0,0,,
P11,2009-08-01,638489,326724,0,0,,
P11,2009-09-01,647602,342461,0,0,,
P11,2009-10-01,657012,361481,0,0,,
P11,2009-11-01,663933,381741,0,0,,
P11,2009-12-01,672993,397807,0,0,,
P11,2010-01-01,679449,413896,0,0,,
P11,2010-02-01,686652,435624,0,0,,
P11,2010-03-01,694824,454327,0,0,,
P11,2010-04-01,701316,471418,0,0,,
P11,2010-05-01,709330,493725,0,0,,
P11,2010-06-01,716310,511397,0,0,,
P11,2010-07-01,719339,531418,0,0,,
P11,2010-08-01,728086,550180,0,0,,
P11,2010-09-01,736749,572836,0,0,,
P11,2010-10-01,739620,595394,0,0,,
P11,2010-11-01,743063,617876,0,0,,
P11,2010-12-01,750763,637722,0,0,,
P11,2011-01-01,754216,662489,0,0,,
P11,2011-02-01,760641,679295,0,0,,
P11,2011-03-01,766998,702131,0,0,,
P11,2011-04-01,766136,723927,0,0,,
P11,2011-05-01,773915,743417,0,0,,
P11,2011-06-01,777246,763062,15033,0.009,,
P11,2011-07-01,779222,779835,46566,0.028,,
P11,2011-08-01,784370,806221,89886,0.054,,
P11,2011-09-01,788074,825523,146874,0.087,,
P11,2011-10-01,795981,848920,223645,0.13,,
P11,2011-11-01,800241,873822,310006,0.177,,
P11,2011-12-01,807590,902245,399863,0.223,,
P11,2012-01-01,822206,934655,488935,0.266,,
P11,2012-02-01,837400,965837,567867,0.301,,
P11,2012-03-01,852293,1003455,656580,0.338,,
P11,2012-04-01,874658,1039548,746805,0.373,,
P11,2012-05-01,897435,1074134,841178,0.408,,
P11,2012-06-01,921857,1112310,932783,0.44,,
P11,2012-07-01,947371,1145620,1027560,0.47,,
P11,2012-08-01,974348,1185807,1119552,0.496,,
P11,2012-09-01,1002310,1220631,1208487,0.52,,
P11,2012-10-01,1027751,1266371,1291387,0.54,,
P11,2012-11-01,1055937,1299637,1378075,0.56,1.016,1.275
P11,2012-12-01,1087815,1346063,1467947,0.579,1.024,1.254
P11,2013-01-01,1113835,1371067,1555528,0.598,1.018,1.234
P11,2013-02-01,1134752,1411081,1638557,0.618,0.995,1.213
P11,2013-03-01,1160879,1440565,1720564,0.633,0.991,1.202
P11,2013-04-01,1180140,1483298,1812100,0.652,0.983,1.18
P11,2013-05-01,1205518,1522729,1902912,0.67,0.977,1.158
P11,2013-06-01,1227084,1566169,1995087,0.685,0.978,1.141
P11,2013-07-01,1250725,1603639,2083793,0.701,0.973,1.125
P11,2013-08-01,1275229,1647064,2181412,0.716,0.971,1.109
P11,2013-09-01,1294931,1693771,2272828,0.73,0.972,1.099
P11,2013-10-01,1318878,1745927,2363224,0.742,0.976,1.094
P11,2013-11-01,1332209,1791410,2447131,0.752,0.975,1.092
P11,2013-12-01,1354323,1831289,2539282,0.764,0.973,1.086
P11,2014-01-01,1379678,1882823,2625778,0.773,0.974,1.084
P11,2014-02-01,1389273,1929983,2706443,0.782,0.972,1.081
P11,2014-03-01,1414373,1978180,2787428,0.789,0.971,1.078
P11,2014-04-01,1428540,2037737,2877833,0.799,0.968,1.073
P11,2014-05-01,1445261,2084861,2962267,0.807,0.965,1.071
P11,2014-06-01,1462806,2131307,3046435,0.814,0.961,1.07
P11,2014-07-01,1475853,2185259,3136453,0.824,0.962,1.062
P11,2014-08-01,1486024,2239499,3224382,0.833,0.962,1.054
P11,2014-09-01,1504200,2290638,3310062,0.84,0.963,1.05
P11,2014-10-01,1517654,2337455,3400383,0.85,0.96,1.041
P11,2014-11-01,1527162,2389989,3486438,0.857,0.96,1.037
P11,2014-12-01,1539447,2446434,3574546,0.864,0.963,1.032
P11,2015-01-01,1557321,2508088,3661833,0.87,0.966,1.029
P11,2015-02-01,1569587,2551151,3744651,0.876,0.966,1.026
P11,2015-03-01,1576456,2606643,3833420,0.883,0.967,1.02
P11,2015-04-01,1591178,2678035,3918446,0.888,0.968,1.018
P11,2015-05-01,1596214,2729817,4004840,0.893,0.97,1.015
P11,2015-06-01,1611661,2778068,4088114,0.898,0.972,1.013
P11,2015-07-01,1624583,2838556,4179973,0.904,0.973,1.009
P11,2015-08-01,1633141,2906671,4270192,0.909,0.974,1.006
P11,2015-09-01,1644696,2961806,4345729,0.912,0.975,1.007
P11,2015-10-01,1653465,3020242,4433434,0.917,0.977,1.004
P11,2015-11-01,1670785,3072395,4521082,0.922,0.978,1.001
P11,2015-12-01,1680776,3129884,4610499,0.927,0.978,0.998
P11,2016-01-01,1687603,3198449,4704060,0.933,0.979,0.995
P11,2016-02-01,1693101,3250009,4779956,0.936,0.979,0.994
P11,2016-03-01,1699212,3321544,4878682,0.942,0.98,0.99
P11,2016-04-01,1714306,3351763,4965784,0.948,0.979,0.985
P11,2016-05-01,1719292,3416911,5047013,0.95,0.98,0.986
P11,2016-06-01,1736228,3479709,5130545,0.954,0.981,0.986
P11,2016-07-01,1734482,3524410,5212881,0.958,0.981,0.983
P11,2016-08-01,1752108,3598910,5302452,0.961,0.983,0.982
P11,2016-09-01,1760171,3654590,5390916,0.964,0.986,0.98
P11,2016-10-01,1769684,3714989,5479911,0.967,0.989,0.978
P11,2016-11-01,1784998,3770758,5560419,0.968,0.994,0.978
P11,2016-12-01,1792897,3849346,5652498,0.971,0.999,0.976
P11,2017-01-01,1815927,3904269,5748292,0.974,0.999,0.976
P11,2017-02-01,1831260,3977086,5821232,0.973,0.999,0.979
P11,2017-03-01,1853051,4049978,5914690,0.976,0.998,0.977
P11,2017-04-01,1858467,4101959,6001126,0.978,0.998,0.977
P11,2017-05-01,1871647,4165224,6087257,0.978,1,0.979
P11,2017-06-01,1889570,4220481,6187298,0.981,0.998,0.978
P11,2017-07-01,1906780,4291498,6277464,0.981,0.999,0.98
P11,2017-08-01,1931853,4360831,6367718,0.982,1,0.981
P11,2017-09-01,1949974,4438482,6456632,0.981,0.999,0.984
P11,2017-10-01,1967184,4525612,6542071,0.98,1,0.987
P11,2017-11-01,1978384,4593241,6630829,0.98,1.001,0.99
P11,2017-12-01,2002744,4660903,6720766,0.98,1.001,0.991
P11,2018-01-01,2016814,4736122,6815964,0.982,1,0.991
P11,2018-02-01,2027554,4801738,6891410,0.979,1.001,0.995
P11,2018-03-01,2048103,4888657,6979716,0.98,1,0.996
P11,2018-04-01,2069332,4951212,7069900,0.98,1,0.997
P11,2018-05-01,2077207,5028035,7163504,0.98,1.001,0.998
P11,2018-06-01,2085188,5092394,7256054,0.982,1,0.998
P11,2018-07-01,2103859,5169391,7343071,0.981,1.001,1
P11,2018-08-01,2116363,5244809,7437565,0.983,1,1
P11,2018-09-01,2136897,5304926,7525558,0.983,1,1
P11,2018-10-01,2146428,5371798,7615309,0.984,1.001,1
P11,2018-11-01,2165325,5460527,7711378,0.984,1,1
P11,2018-12-01,2171707,5530481,7805959,0.985,1,1
P11,2019-01-01,2184682,5622944,7894684,0.985,0.999,1.001
P11,2019-02-01,2190516,5690062,7975100,0.985,0.996,1.002
P11,2019-03-01,2204897,5738084,8060378,0.984,0.993,1.005
P11,2019-04-01,2222896,5854778,8149928,0.984,0.989,1.006
P11,2019-05-01,2236211,5934666,8233182,0.983,0.987,1.009
P11,2019-06-01,2238811,5991261,8316531,0.983,0.984,1.01
P11,2019-07-01,2248665,6073506,8398129,0.983,0.986,1.011
P11,2019-08-01,2260083,6140125,8483234,0.983,0.987,1.011
P11,2019-09-01,2269384,6221340,8561632,0.983,0.988,1.012
P11,2019-10-01,2284236,6308798,8651167,0.983,0.989,1.012
P11,2019-11-01,2292661,6371475,8737576,0.983,0.991,1.013
P11,2019-12-01,2310758,6451240,8835030,0.984,0.991,1.015
P11,2020-01-01,2305019,6515018,8923297,0.984,0.991,1.018
P11,2020-02-01,2322021,6619431,9011735,0.984,0.991,1.021
P11,2020-03-01,2328002,6662650,9109370,0.985,0.991,1.024
P11,2020-04-01,2338628,6761986,9195470,0.986,0.991,1.025
P11,2020-05-01,2345837,6840357,9287288,0.986,0.991,1.025
P11,2020-06-01,2353959,6931441,9368924,0.985,0.991,1.026
P11,2020-07-01,2365099,7009035,9470344,0.987,0.99,1.024
P11,2020-08-01,2368530,7067854,9559184,0.988,0.989,1.023
P11,2020-09-01,2389194,7136997,9653363,0.989,0.99,1.025
P11,2020-10-01,2377727,7241417,9738836,0.989,0.992,1.028
P11,2020-11-01,2397537,7320865,9821309,0.988,0.995,1.032
P11,2020-12-01,2395143,7380499,9899035,0.989,0.996,1.035
P11,2021-01-01,2405626,7445706,9992479,0.99,0.999,1.038
P11,2021-02-01,2413394,7526263,10071349,0.989,0.999,1.044
P11,2021-03-01,2415703,7606189,10159281,0.99,0.995,1.055
P11,2021-04-01,2427840,7694987,10240422,0.99,0.991,1.065
P11,2021-05-01,2427134,7772050,10325052,0.99,0.988,1.076
P11,2021-06-01,2439850,7841309,10416450,0.991,0.983,1.086
P11,2021-07-01,2441008,7941089,10508848,0.991,0.98,1.095
P11,2021-08-01,2447870,8004199,10597276,0.991,0.98,1.098
P11,2021-09-01,2462065,8080643,10687072,0.992,0.979,1.1
P11,2021-10-01,2465288,8163806,10778996,0.992,0.978,1.103
P11,2021-11-01,2475755,8225243,10868660,0.993,0.977,1.105
P11,2021-12-01,2485537,8309557,10962317,0.994,0.977,1.106
P11,2022-01-01,2478209,8405562,11055692,0.994,0.976,1.104
P11,2022-02-01,2493861,8503689,11140132,0.994,0.975,1.103
P11,2022-03-01,2496797,8527997,11221488,0.994,0.975,1.102
P11,2022-04-01,2509151,8640047,11312298,0.994,0.974,1.101
P11,2022-05-01,2508707,8691451,11401901,0.994,0.974,1.1
P11,2022-06-01,2513439,8796992,11493521,0.995,0.974,1.099
P11,2022-07-01,2527788,8848950,11581846,0.995,0.973,1.098
P11,2022-08-01,2534710,8938283,11677828,0.996,0.973,1.096
P11,2022-09-01,2539057,9056405,11769445,0.996,0.972,1.096
P11,2022-10-01,2538282,9097788,11849555,0.996,0.972,1.094
P11,2022-11-01,2543571,9192404,11927399,0.995,0.972,1.095
P11,2022-12-01,2553888,9274140,12013812,0.995,0.972,1.094
P11,2023-01-01,2560092,9348040,12107965,0.996,0.972,1.092
P11,2023-02-01,2562778,9445932,12185603,0.996,0.971,1.092
P11,2023-03-01,2573341,9487641,12278293,0.996,0.973,1.096
P11,2023-04-01,2563919,9603134,12362320,0.996,0.976,1.105
P11,2023-05-01,2579047,9648406,12451790,0.996,0.978,1.115
P11,2023-06-01,2585447,9803415,12537542,0.996,0.981,1.124
P11,2023-07-01,2585308,9846793,12623005,0.996,0.984,1.133
P11,2023-08-01,2593854,9945942,12716235,0.996,0.987,1.141
P11,2023-09-01,2594446,10015894,12799179,0.996,0.989,1.146
P11,2023-10-01,2605215,10082382,12883976,0.996,0.992,1.152
P11,2023-11-01,2609892,10157146,12980081,0.997,0.995,1.157
P11,2023-12-01,2617406,10243334,13066646,0.998,0.997,1.16
P11,2024-01-01,2625030,10277035,13156828,0.999,0.998,1.161
P11,2024-02-01,2625642,10363493,13247853,0.999,0.999,1.159
P11,2024-03-01,2626224,10451738,13338497,0.999,0.999,1.158
P11,2024-04-01,2622873,10550635,13426826,0.999,0.999,1.156
P11,2024-05-01,2643992,10609238,13509053,0.999,1,1.155
P11,2024-06-01,2646306,10710729,13595345,0.999,1,1.153
P11,2024-07-01,2644782,10780414,13693913,1,1,1.148
P11,2024-08-01,2657387,10890905,13784126,1.001,1,1.144
P11,2024-09-01,2657425,10917022,13868861,1.001,1,1.141
P11,2024-10-01,2663348,11067744,13957710,1.001,1,1.139
P11,2024-11-01,2653638,11114009,14054049,1.002,1,1.135
P11,2024-12-01,2668146,11203356,14146801,1.002,1,1.132
P11,2025-01-01,2652781,11300220,14242427,1.003,1,1.129
P11,2025-02-01,2665627,11370615,14317974,1.002,1,1.128
P11,2025-03-01,2673573,11406129,14410428,1.003,1,1.125
P11,2025-04-01,2673044,11543842,14501226,1.003,0.966,1.133
P11,2025-05-01,2679120,11619291,14584966,1.002,0.936,1.142
P11,2025-06-01,2684595,11683674,14675035,1.003,0.906,1.15
P11,2025-07-01,2684032,11747488,14776306,1.004,0.874,1.158
P11,2025-08-01,2687399,11838935,14868206,1.004,0.852,1.164
P11,2025-09-01,2703294,11934307,14958398,1.004,0.851,1.165
P11,2025-10-01,2706653,11992980,15044280,1.004,0.851,1.166
P11,2025-11-01,2702930,12060926,15138048,1.004,0.851,1.167
P11,2025-12-01,2705330,12177089,15231377,1.004,0.85,1.168
P11,2026-01-01,2715937,12334090,15319017,1.004,0.85,1.169
P11,2026-02-01,2715441,12341336,15397470,1.003,0.849,1.168
P11,2026-03-01,2716650,12443582,15484183,1.004,0.849,1.166
P11,2026-04-01,2731946,12516824,15576037,1.004,0.849,1.164
P11,2026-05-01,2732954,12601751,15669536,1.004,0.848,1.161
P11,2026-06-01,2730446,12680153,15761102,1.004,0.836,1.163
P11,2026-07-01,2729295,12842842,15849954,1.004,0.81,1.171
P11,2026-08-01,2739031,12855995,15941699,1.005,0.785,1.178
P12,2000-03-01,0,0,0,,,
P12,2000-04-01,3502,179,0,0,,
P12,2000-05-01,10980,567,0,0,,
P12,2000-06-01,17657,921,0,0,,
P12,2000-07-01,24561,1275,0,0,,
P12,2000-08-01,31902,1660,0,0,,
P12,2000-09-01,41203,2169,0,0,,
P12,2000-10-01,51264,2706,0,0,,
P12,2000-11-01,60443,3211,0,0,,
P12,2000-12-01,70406,3750,0,0,,
P12,2001-01-01,77664,4150,0,0,,
P12,2001-02-01,86653,4618,0,0,,
P12,2001-03-01,95378,5125,0,0,,
P12,2001-04-01,104643,5644,0,0,,
P12,2001-05-01,113889,6167,0,0,,
P12,2001-06-01,122933,6692,0,0,,
P12,2001-07-01,132326,7251,0,0,,
P12,2001-08-01,140449,7666,0,0,,
P12,2001-09-01,148635,8135,0,0,,
P12,2001-10-01,157331,8700,0,0,,
P12,2001-11-01,168321,9334,0,0,,
P12,2001-12-01,177780,9947,0,0,,
P12,2002-01-01,188738,10577,0,0,,
P12,2002-02-01,198084,11087,0,0,,
P12,2002-03-01,209434,11768,0,0,,
P12,2002-04-01,219748,12400,0,0,,
P12,2002-05-01,229971,13099,0,0,,
P12,2002-06-01,239281,13647,0,0,,
P12,2002-07-01,249511,14313,0,0,,
P12,2002-08-01,258185,14880,0,0,,
P12,2002-09-01,269166,15489,0,0,,
P12,2002-10-01,277303,16036,0,0,,
P12,2002-11-01,288677,16683,0,0,,
P12,2002-12-01,295765,17305,0,0,,
P12,2003-01-01,305577,17924,0,0,,
P12,2003-02-01,315284,18540,0,0,,
P12,2003-03-01,323930,19125,0,0,,
P12,2003-04-01,334001,19709,0,0,,
P12,2003-05-01,342163,20327,0,0,,
P12,2003-06-01,352036,20885,0,0,,
P12,2003-07-01,359572,21569,0,0,,
P12,2003-08-01,367579,22078,0,0,,
P12,2003-09-01,376211,22661,0,0,,
P12,2003-10-01,386762,23264,0,0,,
P12,2003-11-01,393943,24001,0,0,,
P12,2003-12-01,404401,24467,0,0,,
P12,2004-01-01,413953,25197,0,0,,
P12,2004-02-01,420038,25572,0,0,,
P12,2004-03-01,428736,26168,0,0,,
P12,2004-04-01,437564,26813,0,0,,
P12,2004-05-01,442969,27426,0,0,,
P12,2004-06-01,452823,28002,0,0,,
P12,2004-07-01,460074,28531,0,0,,
P12,2004-08-01,468913,29140,0,0,,
P12,2004-09-01,475517,29672,0,0,,
P12,2004-10-01,483242,30119,0,0,,
P12,2004-11-01,490477,30715,0,0,,
P12,2004-12-01,498312,31178,0,0,,
P12,2005-01-01,505112,31979,0,0,,
P12,2005-02-01,512066,32432,0,0,,
P12,2005-03-01,519323,32935,0,0,,
P12,2005-04-01,525416,33389,0,0,,
P12,2005-05-01,533230,34110,0,0,,
P12,2005-06-01,538047,34441,0,0,,
P12,2005-07-01,547361,34931,0,0,,
P12,2005-08-01,551615,35624,0,0,,
P12,2005-09-01,562582,36163,0,0,,
P12,2005-10-01,566924,36449,0,0,,
P12,2005-11-01,572684,37156,0,0,,
P12,2005-12-01,582140,37565,0,0,,
P12,2006-01-01,588785,38226,0,0,,
P12,2006-02-01,592556,38567,0,0,,
P12,2006-03-01,597908,39229,0,0,,
P12,2006-04-01,604978,39794,0,0,,
P12,2006-05-01,611188,40230,0,0,,
P12,2006-06-01,619642,40622,0,0,,
P12,2006-07-01,624747,41251,0,0,,
P12,2006-08-01,632229,41675,0,0,,
P12,2006-09-01,637973,42372,0,0,,
P12,2006-10-01,644251,42759,0,0,,
P12,2006-11-01,647846,43429,0,0,,
P12,2006-12-01,656009,43702,0,0,,
P12,2007-01-01,661191,44404,0,0,,
P12,2007-02-01,664610,44842,0,0,,
P12,2007-03-01,671358,45054,0,0,,
P12,2007-04-01,674021,45690,0,0,,
P12,2007-05-01,681478,46068,0,0,,
P12,2007-06-01,685510,46515,21378,0.027,,
P12,2007-07-01,693382,47197,67292,0.083,,
P12,2007-08-01,701945,47744,142120,0.174,,
P12,2007-09-01,705433,49372,228034,0.277,,
P12,2007-10-01,708882,53688,339488,0.407,,
P12,2007-11-01,724135,64562,483281,0.563,,
P12,2007-12-01,742222,83769,616922,0.688,,
P12,2008-01-01,767635,111172,773664,0.814,,
P12,2008-02-01,787018,139747,903352,0.902,,
P12,2008-03-01,820184,184251,1050131,0.969,,
P12,2008-04-01,855811,235264,1192388,1.012,,
P12,2008-05-01,896924,284720,1334746,1.052,,
P12,2008-06-01,937863,343177,1460590,1.066,,
P12,2008-07-01,985248,392183,1608383,1.094,0.904,0.333
P12,2008-08-01,1021727,444905,1745487,1.111,0.913,0.356
P12,2008-09-01,1062038,501489,1895631,1.135,0.901,0.376
P12,2008-10-01,1097222,551924,2037846,1.16,0.889,0.391
P12,2008-11-01,1131174,611894,2177808,1.173,0.893,0.409
P12,2008-12-01,1167540,677182,2309781,1.18,0.896,0.428
P12,2009-01-01,1203624,732289,2465383,1.198,0.898,0.439
P12,2009-02-01,1239246,802046,2594729,1.199,0.91,0.459
P12,2009-03-01,1272040,862134,2732428,1.208,0.919,0.472
P12,2009-04-01,1312663,925352,2871250,1.214,0.929,0.485
P12,2009-05-01,1343872,994008,3004116,1.217,0.938,0.499
P12,2009-06-01,1379637,1052365,3140991,1.223,0.945,0.508
P12,2009-07-01,1410459,1110218,3277592,1.237,0.943,0.513
P12,2009-08-01,1435046,1173891,3408493,1.237,0.949,0.525
P12,2009-09-01,1465965,1242093,3554455,1.246,0.955,0.531
P12,2009-10-01,1490393,1313062,3689788,1.248,0.962,0.541
P12,2009-11-01,1517192,1386006,3824785,1.252,0.967,0.549
P12,2009-12-01,1539247,1455134,3976400,1.262,0.971,0.552
P12,2010-01-01,1573678,1530143,4118662,1.267,0.977,0.558
P12,2010-02-01,1586383,1601915,4240989,1.265,0.982,0.568
P12,2010-03-01,1613857,1681843,4387380,1.272,0.986,0.572
P12,2010-04-01,1636666,1745430,4518921,1.275,0.99,0.578
P12,2010-05-01,1649618,1834006,4666205,1.28,0.992,0.583
P12,2010-06-01,1672657,1917575,4805420,1.283,0.994,0.589
P12,2010-07-01,1690169,1979029,4966474,1.292,0.994,0.591
P12,2010-08-01,1714352,2066080,5106557,1.296,0.995,0.596
P12,2010-09-01,1720996,2156418,5248415,1.297,0.997,0.603
P12,2010-10-01,1738066,2250862,5387351,1.297,0.998,0.61
P12,2010-11-01,1755105,2334727,5521709,1.297,1,0.617
P12,2010-12-01,1769891,2428380,5650480,1.295,1.001,0.624
P12,2011-01-01,1778545,2505298,5789010,1.298,1.001,0.629
P12,2011-02-01,1793175,2583347,5918588,1.3,1,0.633
P12,2011-03-01,1804034,2670701,6057040,1.303,0.999,0.636
P12,2011-04-01,1818423,2747139,6193966,1.305,0.999,0.639
P12,2011-05-01,1834312,2826354,6330760,1.308,0.998,0.642
P12,2011-06-01,1840903,2906236,6465520,1.31,0.989,0.646
P12,2011-07-01,1859905,2994579,6609338,1.314,0.978,0.649
P12,2011-08-01,1859655,3078933,6753008,1.318,0.967,0.653
P12,2011-09-01,1870751,3153411,6884723,1.32,0.956,0.657
P12,2011-10-01,1889261,3221597,7023885,1.325,0.941,0.658
P12,2011-11-01,1896032,3323045,7163823,1.326,0.929,0.664
P12,2011-12-01,1908254,3397873,7315062,1.331,0.917,0.666
P12,2012-01-01,1921536,3492174,7455176,1.33,0.911,0.67
P12,2012-02-01,1944159,3599575,7587036,1.325,0.908,0.677
P12,2012-03-01,1962722,3698967,7727231,1.321,0.907,0.683
P12,2012-04-01,1983976,3784045,7862795,1.317,0.907,0.688
P12,2012-05-01,2004359,3891364,8008895,1.313,0.908,0.692
P12,2012-06-01,2029971,3985296,8148671,1.31,0.911,0.697
P12,2012-07-01,2060852,4082067,8293221,1.308,0.914,0.699
P12,2012-08-01,2083352,4170684,8436797,1.303,0.921,0.703
P12,2012-09-01,2111175,4298755,8567537,1.296,0.927,0.707
P12,2012-10-01,2135096,4373720,8708699,1.293,0.932,0.71
P12,2012-11-01,2161090,4484410,8844770,1.287,0.937,0.715
P12,2012-12-01,2188460,4593215,8983746,1.282,0.941,0.719
P12,2013-01-01,2211931,4695929,9134393,1.28,0.939,0.722
P12,2013-02-01,2243092,4790468,9253839,1.278,0.936,0.725
P12,2013-03-01,2259167,4894502,9394123,1.274,0.941,0.728
P12,2013-04-01,2274993,4983505,9537439,1.271,0.948,0.73
P12,2013-05-01,2315348,5099660,9696171,1.269,0.955,0.732
P12,2013-06-01,2334928,5228141,9843792,1.266,0.961,0.735
P12,2013-07-01,2358273,5329159,9984362,1.263,0.967,0.741
P12,2013-08-01,2390656,5442219,10121177,1.258,0.973,0.747
P12,2013-09-01,2399968,5545561,10251278,1.254,0.978,0.753
P12,2013-10-01,2427084,5669157,10385828,1.248,0.983,0.758
P12,2013-11-01,2448188,5775750,10522246,1.245,0.985,0.76
P12,2013-12-01,2470829,5860658,10662208,1.243,0.988,0.762
P12,2014-01-01,2472235,5992611,10807341,1.241,0.991,0.766
P12,2014-02-01,2491559,6106922,10937079,1.237,0.997,0.773
P12,2014-03-01,2512893,6198070,11087609,1.236,1.003,0.778
P12,2014-04-01,2531153,6323116,11219297,1.233,1.009,0.784
P12,2014-05-01,2549751,6402588,11360626,1.232,1.007,0.796
P12,2014-06-01,2574749,6537717,11496499,1.229,1.003,0.81
P12,2014-07-01,2577545,6654333,11639220,1.228,0.999,0.824
P12,2014-08-01,2590351,6782690,11790447,1.227,0.996,0.835
P12,2014-09-01,2605325,6895639,11915904,1.223,0.997,0.841
P12,2014-10-01,2621853,7009802,12059642,1.222,0.998,0.846
P12,2014-11-01,2630730,7104810,12198071,1.22,0.998,0.851
P12,2014-12-01,2643861,7233241,12338349,1.218,0.999,0.853
P12,2015-01-01,2665467,7344667,12470266,1.215,1,0.854
P12,2015-02-01,2675106,7450106,12596560,1.213,1,0.856
P12,2015-03-01,2678317,7579573,12743020,1.212,1,0.856
P12,2015-04-01,2689458,7702775,12871312,1.209,1.001,0.858
P12,2015-05-01,2685209,7795552,13009380,1.207,1.001,0.86
P12,2015-06-01,2697519,7905173,13155504,1.207,1.001,0.86
P12,2015-07-01,2730801,8071477,13301647,1.205,1.002,0.861
P12,2015-08-01,2743705,8179872,13443990,1.203,1.003,0.862
P12,2015-09-01,2738082,8296931,13571265,1.201,1.003,0.863
P12,2015-10-01,2762761,8399438,13720434,1.2,1.005,0.865
P12,2015-11-01,2769045,8516708,13854804,1.198,1.01,0.878
P12,2015-12-01,2783185,8672732,13982440,1.196,1.014,0.89
P12,2016-01-01,2786281,8754436,14122194,1.195,1.019,0.902
P12,2016-02-01,2804794,8825495,14251694,1.194,1.024,0.911
P12,2016-03-01,2800904,8978555,14395626,1.194,1.029,0.918
P12,2016-04-01,2824414,9073627,14535270,1.194,1.032,0.923
P12,2016-05-01,2820297,9208098,14683075,1.196,1.036,0.928
P12,2016-06-01,2822934,9319280,14823295,1.194,1.038,0.928
P12,2016-07-01,2840958,9422796,14963580,1.193,1.04,0.928
P12,2016-08-01,2858163,9529148,15112473,1.192,1.043,0.927
P12,2016-09-01,2877657,9642857,15247143,1.19,1.047,0.927
P12,2016-10-01,2882384,9798904,15382148,1.187,1.051,0.926
P12,2016-11-01,2903941,9908660,15526865,1.185,1.055,0.924
P12,2016-12-01,2924979,10058311,15668705,1.182,1.061,0.923
P12,2017-01-01,2939048,10186645,15806116,1.179,1.067,0.923
P12,2017-02-01,2963988,10327272,15936380,1.176,1.072,0.923
P12,2017-03-01,2969691,10414264,16078388,1.175,1.077,0.92
P12,2017-04-01,2998660,10568678,16224521,1.173,1.051,0.927
P12,2017-05-01,3017774,10669526,16344888,1.169,1.016,0.938
P12,2017-06-01,3040976,10796073,16482189,1.168,0.977,0.948
P12,2017-07-01,3057315,10904649,16619940,1.164,0.943,0.96
P12,2017-08-01,3066570,11047355,16756372,1.161,0.948,0.963
P12,2017-09-01,3096199,11183687,16893168,1.158,0.954,0.966
P12,2017-10-01,3137692,11292351,17040797,1.155,0.959,0.969
P12,2017-11-01,3146876,11484490,17172488,1.152,0.964,0.972
P12,2017-12-01,3177304,11543878,17321861,1.151,0.968,0.97
P12,2018-01-01,3177383,11694269,17480519,1.149,0.972,0.969
P12,2018-02-01,3214259,11812043,17605903,1.145,0.976,0.971
P12,2018-03-01,3241633,11989419,17747468,1.142,0.938,0.982
P12,2018-04-01,3241131,12142248,17886773,1.139,0.904,0.994
P12,2018-05-01,3275440,12286772,18026459,1.136,0.873,1.005
P12,2018-06-01,3279800,12398944,18164231,1.134,0.86,1.012
P12,2018-07-01,3299499,12569597,18299121,1.131,0.863,1.016
P12,2018-08-01,3319803,12710807,18443463,1.129,0.866,1.019
P12,2018-09-01,3342746,12847109,18581553,1.127,0.868,1.022
P12,2018-10-01,3344291,13021959,18738624,1.125,0.871,1.019
P12,2018-11-01,3369716,13098421,18874503,1.123,0.873,1.019
P12,2018-12-01,3366969,13256504,19008169,1.12,0.875,1.019
P12,2019-01-01,3408222,13359895,19149978,1.118,0.877,1.018
P12,2019-02-01,3416033,13530978,19273512,1.115,0.879,1.018
P12,2019-03-01,3444929,13709411,19419773,1.113,0.881,1.018
P12,2019-04-01,3447143,13823560,19548581,1.11,0.883,1.018
P12,2019-05-01,3454719,13962944,19699272,1.109,0.885,1.017
P12,2019-06-01,3471886,14104471,19827558,1.107,0.886,1.017
P12,2019-07-01,3483353,14251500,19962879,1.105,0.888,1.017
P12,2019-08-01,3505232,14431364,20103092,1.103,0.89,1.021
P12,2019-09-01,3505804,14536638,20241014,1.101,0.894,1.031
P12,2019-10-01,3535421,14659012,20386931,1.1,0.897,1.04
P12,2019-11-01,3527931,14829774,20519963,1.098,0.901,1.05
P12,2019-12-01,3542256,14967883,20660830,1.096,0.905,1.061
P12,2020-01-01,3552070,15105417,20804180,1.095,0.909,1.071
P12,2020-02-01,3566867,15255759,20919821,1.091,0.912,1.082
P12,2020-03-01,3578344,15449065,21068639,1.09,0.916,1.092
P12,2020-04-01,3592168,15442417,21213005,1.089,0.919,1.102
P12,2020-05-01,3591159,15718432,21361204,1.087,0.923,1.113
P12,2020-06-01,3595059,15865278,21494545,1.085,0.926,1.124
P12,2020-07-01,3621947,16053789,21632110,1.083,0.929,1.135
P12,2020-08-01,3626497,16147196,21781834,1.083,0.932,1.145
P12,2020-09-01,3640222,16278867,21923539,1.081,0.935,1.155
P12,2020-10-01,3637976,16416100,22060311,1.079,0.938,1.165
P12,2020-11-01,3655302,16581238,22198221,1.078,0.941,1.176
P12,2020-12-01,3665699,16683960,22335353,1.077,0.944,1.185
P12,2021-01-01,3664774,16889892,22486096,1.077,0.947,1.195
P12,2021-02-01,3690120,17032832,22610411,1.075,0.949,1.206
P12,2021-03-01,3696343,17103304,22763114,1.074,0.952,1.216
P12,2021-04-01,3705797,17345905,22895930,1.072,0.955,1.226
P12,2021-05-01,3710023,17452166,23028380,1.071,0.958,1.237
P12,2021-06-01,3709288,17593181,23158985,1.069,0.961,1.247
P12,2021-07-01,3734611,17691669,23306536,1.069,0.963,1.257
P12,2021-08-01,3729385,17913850,23448200,1.067,0.966,1.268
P12,2021-09-01,3743305,18054897,23580470,1.066,0.969,1.278
P12,2021-10-01,3764210,18081574,23717682,1.065,0.971,1.288
P12,2021-11-01,3754037,18277635,23857350,1.064,0.973,1.297
P12,2021-12-01,3760563,18408340,23997145,1.063,0.976,1.309
P12,2022-01-01,3766616,18601780,24127782,1.061,0.979,1.319
P12,2022-02-01,3783285,18702904,24258150,1.059,0.981,1.33
P12,2022-03-01,3777196,18883680,24403924,1.059,0.984,1.34
P12,2022-04-01,3803898,19090945,24552403,1.058,0.986,1.35
P12,2022-05-01,3813163,19151281,24689342,1.057,0.988,1.361
P12,2022-06-01,3807696,19327256,24824810,1.056,0.991,1.371
P12,2022-07-01,3816023,19413011,24972910,1.055,0.993,1.381
P12,2022-08-01,3808689,19643153,25106467,1.054,0.996,1.392
P12,2022-09-01,3829623,19814449,25237291,1.052,0.998,1.402
P12,2022-10-01,3852978,19875967,25371438,1.052,1,1.412
P12,2022-11-01,3856126,20067956,25501742,1.05,1.002,1.422
P12,2022-12-01,3843457,20271226,25641590,1.049,1.005,1.433
P12,2023-01-01,3875291,20302695,25796112,1.05,1.007,1.442
P12,2023-02-01,3866333,20441159,25924184,1.048,1.009,1.453
P12,2023-03-01,3883284,20675704,26056409,1.047,1.011,1.463
P12,2023-04-01,3877598,20727232,26197802,1.046,1.013,1.474
P12,2023-05-01,3885804,20894176,26326458,1.045,1.015,1.484
P12,2023-06-01,3895380,21130560,26466201,1.044,1.017,1.495
P12,2023-07-01,3896420,21170729,26599563,1.043,1.019,1.506
P12,2023-08-01,3900268,21388892,26748853,1.042,1.021,1.517
P12,2023-09-01,3913056,21549870,26882704,1.041,1.023,1.527
P12,2023-10-01,3915127,21682202,27036864,1.041,1.025,1.537
P12,2023-11-01,3929816,21884159,27175778,1.039,1.027,1.549
P12,2023-12-01,3925347,21956946,27317824,1.04,1.028,1.558
P12,2024-01-01,3935146,22201834,27469792,1.039,1.03,1.568
P12,2024-02-01,3957188,22218268,27604010,1.038,1.032,1.579
P12,2024-03-01,3938640,22379075,27750457,1.037,1.033,1.59
P12,2024-04-01,3943100,22509481,27888310,1.037,1.035,1.601
P12,2024-05-01,3939089,22770022,28031086,1.036,1.036,1.611
P12,2024-06-01,3964502,22910050,28167811,1.035,1.038,1.621
P12,2024-07-01,3966269,23009390,28314910,1.035,1.039,1.631
P12,2024-08-01,3968019,23080968,28450950,1.035,1.041,1.641
P12,2024-09-01,3961845,23221271,28587873,1.035,1.042,1.65
P12,2024-10-01,3984441,23399485,28719896,1.034,1.043,1.661
P12,2024-11-01,3992695,23512014,28849775,1.033,1.045,1.67
P12,2024-12-01,3990575,23717492,28978614,1.032,1.046,1.681
P12,2025-01-01,4003748,23810168,29125272,1.032,1.048,1.69
P12,2025-02-01,4006090,24001016,29258697,1.032,1.049,1.7
P12,2025-03-01,3994979,24084354,29404276,1.032,1.051,1.71
P12,2025-04-01,4000861,24305862,29562088,1.032,1.053,1.72
P12,2025-05-01,4001659,24328794,29708083,1.031,1.054,1.731
P12,2025-06-01,3997175,24545156,29838127,1.03,1.056,1.741
P12,2025-07-01,4023302,24619840,29979332,1.029,1.057,1.752
P12,2025-08-01,4029489,24800116,30120872,1.028,1.059,1.764
P12,2025-09-01,4043893,24979275,30269216,1.027,1.061,1.776
P12,2025-10-01,4030299,25175266,30420756,1.027,1.062,1.786
P12,2025-11-01,4045989,25315882,30552069,1.026,1.064,1.798
P12,2025-12-01,4049857,25532246,30693686,1.025,1.065,1.809
P12,2026-01-01,4047455,25677915,30836342,1.024,1.067,1.82
P12,2026-02-01,4062770,25834973,30955603,1.024,1.068,1.829
P12,2026-03-01,4067396,25970311,31095763,1.024,1.069,1.838
P12,2026-04-01,4072508,26069299,31238161,1.023,1.071,1.85
P12,2026-05-01,4074825,26257961,31383049,1.022,1.072,1.861
P12,2026-06-01,4060669,26477554,31510786,1.021,1.073,1.871
P12,2026-07-01,4095337,26532247,31651306,1.02,1.075,1.882
P12,2026-08-01,4079254,26693362,31790660,1.02,1.076,1.893
P13,2000-03-01,0,0,0,,,
P13,2000-04-01,0,0,0,,,
P13,2000-05-01,0,0,0,,,
P13,2000-06-01,0,0,0,,,
P13,2000-07-01,0,0,0,,,
P13,2000-08-01,0,0,0,,,
P13,2000-09-01,0,0,0,,,
P13,2000-10-01,0,0,0,,,
P13,2000-11-01,0,0,0,,,
P13,2000-12-01,0,0,0,,,
P13,2001-01-01,1321,73,0,0,,
P13,2001-02-01,2508,139,0,0,,
P13,2001-03-01,3745,209,0,0,,
P13,2001-04-01,5006,281,0,0,,
P13,2001-05-01,7617,429,0,0,,
P13,2001-06-01,10140,572,0,0,,
P13,2001-07-01,12422,705,0,0,,
P13,2001-08-01,14937,850,0,0,,
P13,2001-09-01,17177,980,0,0,,
P13,2001-10-01,19738,1132,0,0,,
P13,2001-11-01,22161,1274,0,0,,
P13,2001-12-01,25007,1452,0,0,,
P13,2002-01-01,29429,1704,0,0,,
P13,2002-02-01,33446,1950,0,0,,
P13,2002-03-01,37597,2216,0,0,,
P13,2002-04-01,42084,2487,0,0,,
P13,2002-05-01,46624,2770,0,0,,
P13,2002-06-01,50803,3027,0,0,,
P13,2002-07-01,55092,3290,0,0,,
P13,2002-08-01,59346,3565,0,0,,
P13,2002-09-01,63610,3840,0,0,,
P13,2002-10-01,67989,4094,0,0,,
P13,2002-11-01,71413,4336,0,0,,
P13,2002-12-01,75662,4603,0,0,,
P13,2003-01-01,79602,4845,0,0,,
P13,2003-02-01,83282,5095,0,0,,
P13,2003-03-01,86966,5372,0,0,,
P13,2003-04-01,90692,5604,0,0,,
P13,2003-05-01,94805,5868,0,0,,
P13,2003-06-01,98512,6120,0,0,,
P13,2003-07-01,102314,6366,0,0,,
P13,2003-08-01,106150,6626,0,0,,
P13,2003-09-01,109939,6882,0,0,,
P13,2003-10-01,112885,7119,0,0,,
P13,2003-11-01,116706,7366,0,0,,
P13,2003-12-01,120205,7607,0,0,,
P13,2004-01-01,123861,7863,0,0,,
P13,2004-02-01,127318,8085,0,0,,
P13,2004-03-01,130360,8313,0,0,,
P13,2004-04-01,134418,8544,0,0,,
P13,2004-05-01,137522,8850,0,0,,
P13,2004-06-01,140307,9068,0,0,,
P13,2004-07-01,143835,9270,0,0,,
P13,2004-08-01,147310,9545,0,0,,
P13,2004-09-01,150274,9731,0,0,,
P13,2004-10-01,153277,10014,0,0,,
P13,2004-11-01,156723,10214,0,0,,
P13,2004-12-01,159598,10421,0,0,,
P13,2005-01-01,163111,10691,0,0,,
P13,2005-02-01,165232,10858,0,0,,
P13,2005-03-01,168823,11145,0,0,,
P13,2005-04-01,171141,11341,0,0,,
P13,2005-05-01,174736,11604,0,0,,
P13,2005-06-01,176590,11758,0,0,,
P13,2005-07-01,179987,12035,0,0,,
P13,2005-08-01,183121,12260,0,0,,
P13,2005-09-01,185660,12438,0,0,,
P13,2005-10-01,189657,12704,0,0,,
P13,2005-11-01,191095,12864,0,0,,
P13,2005-12-01,194073,13089,0,0,,
P13,2006-01-01,196780,13264,0,0,,
P13,2006-02-01,200602,13524,0,0,,
P13,2006-03-01,202237,13785,0,0,,
P13,2006-04-01,203724,13947,0,0,,
P13,2006-05-01,206370,14177,0,0,,
P13,2006-06-01,209893,14339,0,0,,
P13,2006-07-01,211613,14584,0,0,,
P13,2006-08-01,214677,14750,0,0,,
P13,2006-09-01,217528,14979,0,0,,
P13,2006-10-01,219870,15257,0,0,,
P13,2006-11-01,222604,15399,0,0,,
P13,2006-12-01,224698,15609,0,0,,
P13,2007-01-01,227149,15880,0,0,,
P13,2007-02-01,229330,16053,0,0,,
P13,2007-03-01,232113,16199,0,0,,
P13,2007-04-01,233174,16357,0,0,,
P13,2007-05-01,236632,16637,0,0,,
P13,2007-06-01,238510,16814,0,0,,
P13,2007-07-01,241303,17055,0,0,,
P13,2007-08-01,243251,17212,0,0,,
P13,2007-09-01,245493,17487,0,0,,
P13,2007-10-01,247139,17612,0,0,,
P13,2007-11-01,250148,17801,0,0,,
P13,2007-12-01,252008,18037,0,0,,
P13,2008-01-01,254338,18207,0,0,,
P13,2008-02-01,257378,18388,0,0,,
P13,2008-03-01,258090,18581,0,0,,
P13,2008-04-01,259782,18804,0,0,,
P13,2008-05-01,263197,19074,0,0,,
P13,2008-06-01,264557,19169,0,0,,
P13,2008-07-01,267468,19453,0,0,,
P13,2008-08-01,268457,19584,0,0,,
P13,2008-09-01,271216,19808,0,0,,
P13,2008-10-01,273443,19876,0,0,,
P13,2008-11-01,274671,20125,0,0,,
P13,2008-12-01,277792,20373,0,0,,
P13,2009-01-01,279322,20460,0,0,,
P13,2009-02-01,280679,20615,0,0,,
P13,2009-03-01,282453,20816,0,0,,
P13,2009-04-01,283445,20976,0,0,,
P13,2009-05-01,285176,21211,0,0,,
P13,2009-06-01,288347,21335,0,0,,
P13,2009-07-01,288144,21503,0,0,,
P13,2009-08-01,291119,21717,0,0,,
P13,2009-09-01,292925,21849,0,0,,
P13,2009-10-01,295091,22093,0,0,,
P13,2009-11-01,297282,22137,0,0,,
P13,2009-12-01,297226,22352,0,0,,
P13,2010-01-01,298604,22562,0,0,,
P13,2010-02-01,302047,22781,0,0,,
P13,2010-03-01,304493,23025,0,0,,
P13,2010-04-01,305383,23082,0,0,,
P13,2010-05-01,306838,23192,0,0,,
P13,2010-06-01,308561,23381,0,0,,
P13,2010-07-01,309991,23519,0,0,,
P13,2010-08-01,311316,23585,0,0,,
P13,2010-09-01,312014,23857,0,0,,
P13,2010-10-01,313235,23938,0,0,,
P13,2010-11-01,315521,24273,0,0,,
P13,2010-12-01,317233,24256,0,0,,
P13,2011-01-01,318935,24529,0,0,,
P13,2011-02-01,319621,24652,0,0,,
P13,2011-03-01,322116,24818,0,0,,
P13,2011-04-01,323336,24912,0,0,,
P13,2011-05-01,324826,25097,0,0,,
P13,2011-06-01,325422,25397,0,0,,
P13,2011-07-01,327246,25666,0,0,,
P13,2011-08-01,328031,26294,0,0,,
P13,2011-09-01,329832,26833,0,0,,
P13,2011-10-01,333444,27521,0,0,,
P13,2011-11-01,334029,28284,0,0,,
P13,2011-12-01,335924,29471,0,0,,
P13,2012-01-01,338669,30640,0,0,,
P13,2012-02-01,339804,31969,0,0,,
P13,2012-03-01,343045,33497,0,0,,
P13,2012-04-01,344540,35093,0,0,,
P13,2012-05-01,346169,36763,0,0,,
P13,2012-06-01,349411,37584,0,0,,
P13,2012-07-01,350124,39437,0,0,,
P13,2012-08-01,352608,41022,0,0,,
P13,2012-09-01,354508,42672,0,0,,
P13,2012-10-01,357329,44761,0,0,,
P13,2012-11-01,360319,46694,0,0,,
P13,2012-12-01,362660,48257,0,0,,
P13,2013-01-01,364849,50327,0,0,,
P13,2013-02-01,366846,52164,0,0,,
P13,2013-03-01,370417,54149,0,0,,
P13,2013-04-01,370541,55047,0,0,,
P13,2013-05-01,375258,57083,0,0,,
P13,2013-06-01,377867,59097,0,0,,
P13,2013-07-01,380404,60922,0,0,,
P13,2013-08-01,382804,63075,0,0,,
P13,2013-09-01,385782,65350,0,0,,
P13,2013-10-01,387051,67818,0,0,,
P13,2013-11-01,388735,70463,0,0,,
P13,2013-12-01,391042,71923,0,0,,
P13,2014-01-01,393439,74165,0,0,,
P13,2014-02-01,395831,76836,0,0,,
P13,2014-03-01,399547,79168,0,0,,
P13,2014-04-01,401889,82010,0,0,,
P13,2014-05-01,402994,84446,0,0,,
P13,2014-06-01,403497,87077,0,0,,
P13,2014-07-01,406962,89641,0,0,,
P13,2014-08-01,408867,92337,0,0,,
P13,2014-09-01,411645,94972,0,0,,
P13,2014-10-01,410972,97670,0,0,,
P13,2014-11-01,416601,100729,0,0,,
P13,2014-12-01,417561,103606,0,0,,
P13,2015-01-01,418010,106309,0,0,,
P13,2015-02-01,419019,109131,0,0,,
P13,2015-03-01,421044,112665,0,0,,
P13,2015-04-01,425261,115414,0,0,,
P13,2015-05-01,424782,117924,0,0,,
P13,2015-06-01,428262,120827,0,0,,
P13,2015-07-01,429178,123713,0,0,,
P13,2015-08-01,430848,126740,0,0,,
P13,2015-09-01,432095,130339,0,0,,
P13,2015-10-01,434953,133793,0,0,,
P13,2015-11-01,437032,137062,0,0,,
P13,2015-12-01,436869,140273,0,0,,
P13,2016-01-01,438460,143282,0,0,,
P13,2016-02-01,439652,146763,0,0,,
P13,2016-03-01,441863,150209,0,0,,
P13,2016-04-01,442812,153525,0,0,,
P13,2016-05-01,443976,156541,0,0,,
P13,2016-06-01,444366,160153,10305,0.016,,
P13,2016-07-01,447114,164250,31397,0.048,,
P13,2016-08-01,449910,168869,62552,0.095,,
P13,2016-09-01,449599,173655,99920,0.149,,
P13,2016-10-01,454950,179996,151520,0.223,,
P13,2016-11-01,458963,187258,208814,0.302,,
P13,2016-12-01,464886,197628,267906,0.378,,
P13,2017-01-01,475545,209167,324645,0.444,,
P13,2017-02-01,484866,223676,380153,0.501,,
P13,2017-03-01,504103,239588,442770,0.559,,
P13,2017-04-01,522005,258227,503082,0.606,,
P13,2017-05-01,541919,278986,564799,0.647,,
P13,2017-06-01,563185,298159,626377,0.682,,
P13,2017-07-01,588924,319443,689022,0.712,,
P13,2017-08-01,615854,342786,747160,0.734,,
P13,2017-09-01,642072,365433,808702,0.756,,
P13,2017-10-01,670898,388056,869818,0.773,,
P13,2017-11-01,701754,409821,932272,0.788,,
P13,2017-12-01,730166,432677,996303,0.804,,
P13,2018-01-01,764727,454744,1061548,0.819,1.512,0.577
P13,2018-02-01,789901,478457,1114146,0.827,1.508,0.586
P13,2018-03-01,818585,501165,1180294,0.842,1.495,0.589
P13,2018-04-01,845938,528954,1241833,0.85,1.488,0.6
P13,2018-05-01,873594,557227,1303768,0.858,1.481,0.608
P13,2018-06-01,898658,580951,1371742,0.874,1.459,0.609
P13,2018-07-01,928710,607813,1437995,0.884,1.46,0.611
P13,2018-08-01,954513,643039,1497549,0.885,1.472,0.623
P13,2018-09-01,980712,675582,1560453,0.89,1.474,0.631
P13,2018-10-01,1010018,705753,1624617,0.896,1.475,0.636
P13,2018-11-01,1029247,734957,1687521,0.906,1.464,0.639
P13,2018-12-01,1049962,767184,1748672,0.909,1.472,0.649
P13,2019-01-01,1074706,801362,1812755,0.913,1.479,0.657
P13,2019-02-01,1101803,839753,1866686,0.913,1.484,0.669
P13,2019-03-01,1117310,865035,1931460,0.922,1.477,0.674
P13,2019-04-01,1138383,906099,1992360,0.926,1.474,0.683
P13,2019-05-01,1161015,942521,2055994,0.929,1.472,0.692
P13,2019-06-01,1171970,982408,2113558,0.931,1.469,0.703
P13,2019-07-01,1189803,1023877,2176265,0.934,1.464,0.711
P13,2019-08-01,1210969,1058703,2239139,0.938,1.456,0.717
P13,2019-09-01,1226441,1092530,2296796,0.943,1.446,0.723
P13,2019-10-01,1240770,1130712,2357091,0.946,1.44,0.731
P13,2019-11-01,1257482,1169258,2418522,0.949,1.44,0.737
P13,2019-12-01,1275372,1214884,2481917,0.951,1.442,0.744
P13,2020-01-01,1285586,1260188,2546412,0.954,1.443,0.749
P13,2020-02-01,1297828,1301089,2602319,0.954,1.444,0.758
P13,2020-03-01,1313541,1347174,2668718,0.957,1.444,0.763
P13,2020-04-01,1328401,1391040,2729402,0.957,1.445,0.77
P13,2020-05-01,1340384,1436005,2785474,0.957,1.449,0.778
P13,2020-06-01,1356230,1486641,2847391,0.958,1.451,0.784
P13,2020-07-01,1374585,1532221,2910073,0.96,1.453,0.788
P13,2020-08-01,1386863,1571907,2970117,0.961,1.455,0.794
P13,2020-09-01,1391107,1618011,3029535,0.961,1.456,0.801
P13,2020-10-01,1408670,1665524,3092977,0.964,1.457,0.804
P13,2020-11-01,1412458,1709507,3157771,0.967,1.457,0.806
P13,2020-12-01,1424699,1760741,3224114,0.97,1.456,0.808
P13,2021-01-01,1443308,1801290,3287270,0.972,1.457,0.813
P13,2021-02-01,1445250,1857526,3341974,0.971,1.457,0.819
P13,2021-03-01,1468260,1893640,3406742,0.972,1.458,0.823
P13,2021-04-01,1469916,1948756,3468158,0.974,1.459,0.827
P13,2021-05-01,1483456,1993514,3528540,0.975,1.46,0.83
P13,2021-06-01,1491784,2035004,3584673,0.976,1.461,0.834
P13,2021-07-01,1502479,2086573,3652197,0.978,1.462,0.836
P13,2021-08-01,1511671,2128692,3716320,0.98,1.463,0.839
P13,2021-09-01,1529352,2180059,3773324,0.98,1.464,0.844
P13,2021-10-01,1528108,2228683,3836195,0.981,1.465,0.847
P13,2021-11-01,1539018,2269605,3897950,0.984,1.464,0.848
P13,2021-12-01,1548636,2318228,3957222,0.984,1.464,0.852
P13,2022-01-01,1556711,2372517,4023248,0.986,1.464,0.855
P13,2022-02-01,1564677,2423425,4083905,0.987,1.464,0.858
P13,2022-03-01,1571724,2465061,4146289,0.988,1.464,0.861
P13,2022-04-01,1584939,2515447,4212541,0.99,1.463,0.861
P13,2022-05-01,1592016,2555771,4268537,0.989,1.464,0.865
P13,2022-06-01,1608754,2607190,4333418,0.991,1.463,0.866
P13,2022-07-01,1610627,2652751,4397637,0.993,1.463,0.868
P13,2022-08-01,1615329,2709839,4461615,0.994,1.453,0.871
P13,2022-09-01,1630292,2761457,4524057,0.995,1.444,0.874
P13,2022-10-01,1632714,2798990,4586596,0.996,1.435,0.877
P13,2022-11-01,1645764,2864471,4647433,0.996,1.426,0.882
P13,2022-12-01,1657136,2910262,4711517,0.996,1.417,0.885
P13,2023-01-01,1660395,2963874,4775615,0.999,1.405,0.887
P13,2023-02-01,1665038,3012217,4834337,0.999,1.393,0.891
P13,2023-03-01,1670194,3057995,4898312,1.001,1.38,0.893
P13,2023-04-01,1684585,3103813,4959140,1.002,1.368,0.896
P13,2023-05-01,1691679,3169540,5023291,1.003,1.356,0.899
P13,2023-06-01,1694355,3223328,5082022,1.003,1.345,0.904
P13,2023-07-01,1703551,3252796,5145631,1.004,1.336,0.905
P13,2023-08-01,1707928,3298481,5205951,1.004,1.328,0.909
P13,2023-09-01,1716726,3371014,5266737,1.004,1.319,0.912
P13,2023-10-01,1725138,3409540,5329010,1.005,1.311,0.914
P13,2023-11-01,1725190,3470182,5390036,1.006,1.303,0.917
P13,2023-12-01,1731688,3521342,5453062,1.006,1.295,0.919
P13,2024-01-01,1739148,3564327,5514380,1.006,1.289,0.922
P13,2024-02-01,1744038,3620793,5578461,1.007,1.282,0.925
P13,2024-03-01,1751616,3674115,5639658,1.007,1.275,0.927
P13,2024-04-01,1756587,3742078,5696043,1.007,1.27,0.93
P13,2024-05-01,1761489,3790093,5758672,1.007,1.263,0.932
P13,2024-06-01,1770255,3831552,5825416,1.008,1.258,0.933
P13,2024-07-01,1776341,3889343,5882748,1.008,1.254,0.935
P13,2024-08-01,1777318,3945381,5945287,1.008,1.249,0.936
P13,2024-09-01,1790062,4011116,6002224,1.008,1.245,0.939
P13,2024-10-01,1789779,4051871,6067591,1.009,1.239,0.939
P13,2024-11-01,1794724,4103890,6134230,1.01,1.231,0.94
P13,2024-12-01,1804283,4149906,6195492,1.01,1.223,0.943
P13,2025-01-01,1804217,4192644,6256596,1.01,1.216,0.945
P13,2025-02-01,1811730,4264534,6313674,1.009,1.208,0.948
P13,2025-03-01,1821363,4312759,6376536,1.01,1.2,0.95
P13,2025-04-01,1820828,4368114,6438087,1.01,1.194,0.952
P13,2025-05-01,1829432,4418101,6500564,1.011,1.192,0.952
P13,2025-06-01,1836584,4474052,6564338,1.011,1.19,0.952
P13,2025-07-01,1839715,4528995,6626614,1.011,1.188,0.953
P13,2025-08-01,1844604,4594129,6689783,1.011,1.187,0.954
P13,2025-09-01,1846449,4637953,6749936,1.012,1.185,0.955
P13,2025-10-01,1858377,4684224,6772693,1.007,1.185,0.962
P13,2025-11-01,1857986,4746999,6795088,1.002,1.186,0.969
P13,2025-12-01,1858205,4800921,6817727,0.999,1.186,0.975
P13,2026-01-01,1862016,4815328,6839821,0.995,1.187,0.981
P13,2026-02-01,1858608,4874317,6860157,0.993,1.187,0.985
P13,2026-03-01,1868181,4889006,6882865,0.991,1.187,0.989
P13,2026-04-01,1868164,4932392,6904333,0.989,1.187,0.993
P13,2026-05-01,1873827,4957192,6927288,0.987,1.188,0.997
P13,2026-06-01,1877289,4985303,6946824,0.985,1.188,1.001
P13,2026-07-01,1875305,5024861,6969798,0.983,1.188,1.004
P13,2026-08-01,1883440,5049550,6992785,0.981,1.188,1.008
P14,2000-03-01,950,48,0,0,,
P14,2000-04-01,1922,98,0,0,,
P14,2000-05-01,2776,143,0,0,,
P14,2000-06-01,3641,188,0,0,,
P14,2000-07-01,4570,236,0,0,,
P14,2000-08-01,5392,278,0,0,,
P14,2000-09-01,6219,326,0,0,,
P14,2000-10-01,7101,371,0,0,,
P14,2000-11-01,7525,394,0,0,,
P14,2000-12-01,8366,441,0,0,,
P14,2001-01-01,11402,608,0,0,,
P14,2001-02-01,13906,747,0,0,,
P14,2001-03-01,16984,921,0,0,,
P14,2001-04-01,20011,1092,0,0,,
P14,2001-05-01,23108,1261,0,0,,
P14,2001-06-01,25866,1423,0,0,,
P14,2001-07-01,27961,1529,0,0,,
P14,2001-08-01,30697,1693,0,0,,
P14,2001-09-01,33567,1859,0,0,,
P14,2001-10-01,36609,2032,0,0,,
P14,2001-11-01,38825,2194,0,0,,
P14,2001-12-01,42030,2376,0,0,,
P14,2002-01-01,45852,2596,0,0,,
P14,2002-02-01,49142,2795,0,0,,
P14,2002-03-01,52776,3023,0,0,,
P14,2002-04-01,56201,3229,0,0,,
P14,2002-05-01,59611,3434,0,0,,
P14,2002-06-01,63076,3644,0,0,,
P14,2002-07-01,66372,3867,0,0,,
P14,2002-08-01,70061,4078,0,0,,
P14,2002-09-01,72833,4280,0,0,,
P14,2002-10-01,76325,4511,0,0,,
P14,2002-11-01,79549,4697,0,0,,
P14,2002-12-01,83217,4916,0,0,,
P14,2003-01-01,86238,5147,0,0,,
P14,2003-02-01,89136,5327,0,0,,
P14,2003-03-01,92530,5542,0,0,,
P14,2003-04-01,95943,5750,0,0,,
P14,2003-05-01,98868,5928,0,0,,
P14,2003-06-01,101691,6178,0,0,,
P14,2003-07-01,104778,6370,0,0,,
P14,2003-08-01,108062,6591,0,0,,
P14,2003-09-01,110525,6751,0,0,,
P14,2003-10-01,113584,6976,0,0,,
P14,2003-11-01,116637,7171,0,0,,
P14,2003-12-01,119632,7352,0,0,,
P14,2004-01-01,122156,7573,0,0,,
P14,2004-02-01,125021,7785,0,0,,
P14,2004-03-01,127395,7975,0,0,,
P14,2004-04-01,130577,8190,0,0,,
P14,2004-05-01,133991,8371,0,0,,
P14,2004-06-01,135905,8558,0,0,,
P14,2004-07-01,138879,8766,0,0,,
P14,2004-08-01,142070,8968,0,0,,
P14,2004-09-01,144851,9155,0,0,,
P14,2004-10-01,146442,9376,0,0,,
P14,2004-11-01,149966,9564,0,0,,
P14,2004-12-01,152103,9726,0,0,,
P14,2005-01-01,154770,9924,0,0,,
P14,2005-02-01,156814,10088,0,0,,
P14,2005-03-01,159421,10285,0,0,,
P14,2005-04-01,161535,10445,0,0,,
P14,2005-05-01,163768,10636,0,0,,
P14,2005-06-01,166556,10832,0,0,,
P14,2005-07-01,169084,11010,0,0,,
P14,2005-08-01,170995,11194,0,0,,
P14,2005-09-01,173524,11403,0,0,,
P14,2005-10-01,176701,11585,0,0,,
P14,2005-11-01,177773,11741,0,0,,
P14,2005-12-01,180392,11913,0,0,,
P14,2006-01-01,182605,12110,0,0,,
P14,2006-02-01,184431,12263,0,0,,
P14,2006-03-01,187162,12452,0,0,,
P14,2006-04-01,188727,12598,0,0,,
P14,2006-05-01,190864,12754,0,0,,
P14,2006-06-01,193622,12976,0,0,,
P14,2006-07-01,195547,13116,0,0,,
P14,2006-08-01,197629,13294,0,0,,
P14,2006-09-01,200074,13501,0,0,,
P14,2006-10-01,201183,13703,0,0,,
P14,2006-11-01,204284,13802,0,0,,
P14,2006-12-01,205622,13971,0,0,,
P14,2007-01-01,208059,14121,0,0,,
P14,2007-02-01,209244,14346,0,0,,
P14,2007-03-01,211800,14552,0,0,,
P14,2007-04-01,214191,14691,0,0,,
P14,2007-05-01,216165,14872,0,0,,
P14,2007-06-01,217291,14974,0,0,,
P14,2007-07-01,220045,15175,0,0,,
P14,2007-08-01,221247,15368,0,0,,
P14,2007-09-01,223771,15569,0,0,,
P14,2007-10-01,225431,15747,0,0,,
P14,2007-11-01,226469,15848,0,0,,
P14,2007-12-01,228596,15990,0,0,,
P14,2008-01-01,230488,16121,0,0,,
P14,2008-02-01,232212,16316,0,0,,
P14,2008-03-01,233389,16476,0,0,,
P14,2008-04-01,236196,16667,0,0,,
P14,2008-05-01,237149,16763,0,0,,
P14,2008-06-01,239373,16951,0,0,,
P14,2008-07-01,240747,17149,0,0,,
P14,2008-08-01,242635,17198,0,0,,
P14,2008-09-01,243508,17402,0,0,,
P14,2008-10-01,244670,17623,0,0,,
P14,2008-11-01,247473,17704,0,0,,
P14,2008-12-01,249110,17916,0,0,,
P14,2009-01-01,250789,18055,0,0,,
P14,2009-02-01,251237,18160,0,0,,
P14,2009-03-01,253669,18343,0,0,,
P14,2009-04-01,255054,18453,0,0,,
P14,2009-05-01,255611,18654,0,0,,
P14,2009-06-01,257607,18740,0,0,,
P14,2009-07-01,259404,18860,0,0,,
P14,2009-08-01,261607,19030,0,0,,
P14,2009-09-01,261537,19182,0,0,,
P14,2009-10-01,264172,19299,0,0,,
P14,2009-11-01,264907,19412,0,0,,
P14,2009-12-01,267838,19556,0,0,,
P14,2010-01-01,267730,19730,0,0,,
P14,2010-02-01,269155,19830,0,0,,
P14,2010-03-01,270402,20010,0,0,,
P14,2010-04-01,272238,20183,0,0,,
P14,2010-05-01,273558,20273,0,0,,
P14,2010-06-01,274629,20353,0,0,,
P14,2010-07-01,273889,20513,0,0,,
P14,2010-08-01,276893,20653,0,0,,
P14,2010-09-01,277831,20705,0,0,,
P14,2010-10-01,278980,20904,0,0,,
P14,2010-11-01,280410,21037,0,0,,
P14,2010-12-01,281297,21162,0,0,,
P14,2011-01-01,283988,21277,0,0,,
P14,2011-02-01,285399,21458,0,0,,
P14,2011-03-01,284246,21546,0,0,,
P14,2011-04-01,287289,21719,0,0,,
P14,2011-05-01,288651,21790,0,0,,
P14,2011-06-01,288779,22163,0,0,,
P14,2011-07-01,290075,22477,0,0,,
P14,2011-08-01,290934,23234,0,0,,
P14,2011-09-01,293641,24111,0,0,,
P14,2011-10-01,294633,25220,0,0,,
P14,2011-11-01,296459,26824,0,0,,
P14,2011-12-01,298893,28731,0,0,,
P14,2012-01-01,302364,31064,0,0,,
P14,2012-02-01,304711,33828,0,0,,
P14,2012-03-01,308144,36844,0,0,,
P14,2012-04-01,311294,40045,0,0,,
P14,2012-05-01,316627,43803,0,0,,
P14,2012-06-01,319659,46651,0,0,,
P14,2012-07-01,324604,50691,0,0,,
P14,2012-08-01,330586,54446,0,0,,
P14,2012-09-01,333821,58196,0,0,,
P14,2012-10-01,338053,62316,0,0,,
P14,2012-11-01,344982,66274,0,0,,
P14,2012-12-01,349334,70207,0,0,,
P14,2013-01-01,353372,73997,0,0,,
P14,2013-02-01,357949,78307,0,0,,
P14,2013-03-01,362557,82688,0,0,,
P14,2013-04-01,367140,84805,0,0,,
P14,2013-05-01,369220,88974,0,0,,
P14,2013-06-01,374370,93570,0,0,,
P14,2013-07-01,379794,96743,0,0,,
P14,2013-08-01,386461,101549,0,0,,
P14,2013-09-01,390183,107050,0,0,,
P14,2013-10-01,393122,112941,0,0,,
P14,2013-11-01,396587,118523,0,0,,
P14,2013-12-01,398733,123042,0,0,,
P14,2014-01-01,404428,129834,0,0,,
P14,2014-02-01,408992,135454,0,0,,
P14,2014-03-01,412879,141387,0,0,,
P14,2014-04-01,416132,146966,0,0,,
P14,2014-05-01,420103,154144,0,0,,
P14,2014-06-01,423745,160001,0,0,,
P14,2014-07-01,426572,166176,0,0,,
P14,2014-08-01,430483,173245,0,0,,
P14,2014-09-01,433246,179485,0,0,,
P14,2014-10-01,438666,186508,0,0,,
P14,2014-11-01,439825,193645,0,0,,
P14,2014-12-01,442926,200725,0,0,,
P14,2015-01-01,447112,207947,0,0,,
P14,2015-02-01,449375,214394,0,0,,
P14,2015-03-01,452060,221493,0,0,,
P14,2015-04-01,455298,228517,0,0,,
P14,2015-05-01,457640,236520,0,0,,
P14,2015-06-01,460906,243181,0,0,,
P14,2015-07-01,463619,249918,0,0,,
P14,2015-08-01,465210,258690,0,0,,
P14,2015-09-01,468030,266121,0,0,,
P14,2015-10-01,472544,274115,0,0,,
P14,2015-11-01,471542,281850,0,0,,
P14,2015-12-01,475456,288330,0,0,,
P14,2016-01-01,477277,296660,0,0,,
P14,2016-02-01,478688,303623,0,0,,
P14,2016-03-01,482132,311006,0,0,,
P14,2016-04-01,485497,319870,0,0,,
P14,2016-05-01,485094,327657,0,0,,
P14,2016-06-01,489921,336524,8685,0.01,,
P14,2016-07-01,493547,344717,26126,0.029,,
P14,2016-08-01,496225,354545,55507,0.062,,
P14,2016-09-01,499936,364140,91621,0.1,,
P14,2016-10-01,504413,377006,133592,0.143,,
P14,2016-11-01,512420,390018,182687,0.192,,
P14,2016-12-01,520860,403220,236844,0.243,,
P14,2017-01-01,531315,418788,293550,0.293,,
P14,2017-02-01,541755,435056,346780,0.336,,
P14,2017-03-01,556808,452255,404310,0.38,,
P14,2017-04-01,571218,474307,458277,0.416,,
P14,2017-05-01,590492,492715,515240,0.451,,
P14,2017-06-01,607373,514464,567509,0.481,,
P14,2017-07-01,630207,535865,623758,0.508,,
P14,2017-08-01,651762,558822,682444,0.536,,
P14,2017-09-01,672961,581107,735079,0.557,,
P14,2017-10-01,695417,605928,793852,0.58,,
P14,2017-11-01,718211,630577,845317,0.596,,
P14,2017-12-01,744212,652770,898203,0.612,,
P14,2018-01-01,763513,675844,951334,0.628,1.482,0.948
P14,2018-02-01,783279,701604,998819,0.639,1.473,0.95
P14,2018-03-01,807932,725971,1051082,0.653,1.459,0.946
P14,2018-04-01,823391,750805,1104950,0.666,1.436,0.946
P14,2018-05-01,844970,776769,1158072,0.678,1.421,0.945
P14,2018-06-01,865135,808211,1211142,0.689,1.403,0.945
P14,2018-07-01,881131,834403,1268898,0.702,1.381,0.943
P14,2018-08-01,903153,864625,1330430,0.716,1.369,0.937
P14,2018-09-01,923781,894513,1386608,0.726,1.363,0.936
P14,2018-10-01,943454,926680,1442259,0.735,1.356,0.935
P14,2018-11-01,962324,957616,1497588,0.744,1.349,0.935
P14,2018-12-01,978122,992877,1553627,0.752,1.341,0.936
P14,2019-01-01,995100,1023427,1605018,0.758,1.34,0.94
P14,2019-02-01,1010164,1057366,1653570,0.763,1.34,0.945
P14,2019-03-01,1024030,1086953,1710787,0.772,1.337,0.946
P14,2019-04-01,1046667,1120813,1766191,0.779,1.333,0.949
P14,2019-05-01,1058236,1156815,1823470,0.787,1.33,0.951
P14,2019-06-01,1077318,1187672,1875388,0.792,1.324,0.957
P14,2019-07-01,1087471,1225255,1924938,0.796,1.32,0.962
P14,2019-08-01,1098038,1262104,1975189,0.801,1.314,0.966
P14,2019-09-01,1109873,1294597,2026483,0.807,1.306,0.968
P14,2019-10-01,1124034,1332085,2081635,0.812,1.298,0.97
P14,2019-11-01,1132155,1368760,2135056,0.817,1.29,0.974
P14,2019-12-01,1145142,1400370,2186309,0.822,1.282,0.977
P14,2020-01-01,1155932,1441849,2242341,0.828,1.276,0.978
P14,2020-02-01,1163784,1476200,2291899,0.831,1.276,0.982
P14,2020-03-01,1179409,1523481,2343598,0.834,1.277,0.984
P14,2020-04-01,1187567,1555801,2396779,0.839,1.275,0.985
P14,2020-05-01,1196066,1592833,2448394,0.842,1.274,0.986
P14,2020-06-01,1204893,1637463,2495818,0.843,1.275,0.992
P14,2020-07-01,1216463,1673826,2550400,0.848,1.274,0.991
P14,2020-08-01,1225685,1711312,2604408,0.851,1.274,0.992
P14,2020-09-01,1233871,1754462,2659461,0.855,1.274,0.992
P14,2020-10-01,1245754,1788785,2707932,0.857,1.275,0.995
P14,2020-11-01,1253545,1828338,2761824,0.861,1.274,0.994
P14,2020-12-01,1264551,1878690,2815904,0.865,1.274,0.995
P14,2021-01-01,1269927,1917414,2869856,0.868,1.274,0.995
P14,2021-02-01,1272173,1948859,2917708,0.869,1.275,0.999
P14,2021-03-01,1283921,1997399,2972857,0.873,1.274,0.998
P14,2021-04-01,1294124,2042826,3025366,0.876,1.274,0.998
P14,2021-05-01,1303023,2079848,3081442,0.879,1.273,0.998
P14,2021-06-01,1311039,2119752,3134545,0.882,1.272,0.999
P14,2021-07-01,1318223,2161044,3192410,0.886,1.273,0.998
P14,2021-08-01,1322854,2194004,3248724,0.889,1.273,0.997
P14,2021-09-01,1333043,2242452,3301614,0.891,1.273,0.998
P14,2021-10-01,1336366,2278498,3353133,0.893,1.274,1
P14,2021-11-01,1345826,2317628,3405135,0.896,1.273,1
P14,2021-12-01,1350265,2360558,3460250,0.898,1.272,1
P14,2022-01-01,1360739,2414423,3514395,0.901,1.273,1
P14,2022-02-01,1370963,2450310,3566091,0.902,1.273,1.002
P14,2022-03-01,1373162,2483145,3620267,0.905,1.273,1.002
P14,2022-04-01,1379550,2520427,3676217,0.909,1.271,1
P14,2022-05-01,1391125,2583215,3730755,0.911,1.271,1.002
P14,2022-06-01,1399118,2607715,3790716,0.915,1.27,1
P14,2022-07-01,1401913,2656604,3848314,0.918,1.27,0.999
P14,2022-08-01,1402387,2695510,3899824,0.919,1.27,1
P14,2022-09-01,1414856,2743402,3949693,0.92,1.27,1.001
P14,2022-10-01,1423857,2783593,4007216,0.923,1.269,1
P14,2022-11-01,1425739,2818604,4060559,0.924,1.268,1.001
P14,2022-12-01,1437095,2868798,4118102,0.926,1.267,1.001
P14,2023-01-01,1438625,2920338,4171462,0.927,1.259,1.003
P14,2023-02-01,1448059,2958821,4222075,0.928,1.252,1.005
P14,2023-03-01,1456118,3002666,4283101,0.931,1.242,1.005
P14,2023-04-01,1454568,3047296,4336210,0.934,1.234,1.006
P14,2023-05-01,1463485,3084627,4387540,0.935,1.227,1.008
P14,2023-06-01,1470676,3123609,4437055,0.936,1.22,1.01
P14,2023-07-01,1474938,3157940,4490567,0.937,1.21,1.012
P14,2023-08-01,1475029,3219821,4542818,0.938,1.2,1.015
P14,2023-09-01,1480570,3263276,4598783,0.94,1.19,1.016
P14,2023-10-01,1491892,3306015,4655878,0.942,1.179,1.017
P14,2023-11-01,1492910,3342979,4709234,0.944,1.169,1.018
P14,2023-12-01,1500325,3397623,4765198,0.946,1.16,1.019
P14,2024-01-01,1506848,3447257,4823558,0.948,1.151,1.019
P14,2024-02-01,1503135,3483422,4872626,0.948,1.145,1.022
P14,2024-03-01,1514817,3513107,4923500,0.949,1.138,1.024
P14,2024-04-01,1515026,3575351,4974480,0.95,1.132,1.026
P14,2024-05-01,1519435,3613083,5033472,0.952,1.124,1.025
P14,2024-06-01,1525526,3657126,5093358,0.954,1.116,1.026
P14,2024-07-01,1531043,3711562,5147695,0.955,1.111,1.027
P14,2024-08-01,1534600,3755420,5201338,0.956,1.105,1.028
P14,2024-09-01,1538958,3798396,5259625,0.958,1.099,1.027
P14,2024-10-01,1546265,3856797,5316116,0.96,1.093,1.028
P14,2024-11-01,1551240,3882815,5369753,0.961,1.088,1.029
P14,2024-12-01,1549804,3933847,5421718,0.961,1.084,1.03
P14,2025-01-01,1548335,3992110,5478157,0.962,1.08,1.03
P14,2025-02-01,1558450,4023461,5524497,0.962,1.076,1.031
P14,2025-03-01,1561275,4080414,5579649,0.964,1.071,1.03
P14,2025-04-01,1569387,4123234,5632284,0.965,1.067,1.031
P14,2025-05-01,1566998,4166169,5685641,0.966,1.063,1.031
P14,2025-06-01,1574743,4215890,5737244,0.966,1.058,1.032
P14,2025-07-01,1576600,4253344,5793119,0.967,1.051,1.032
P14,2025-08-01,1578777,4299769,5851324,0.969,1.043,1.032
P14,2025-09-01,1585007,4344754,5905057,0.97,1.037,1.033
P14,2025-10-01,1594778,4387724,5958042,0.971,1.03,1.034
P14,2025-11-01,1592878,4436007,6017658,0.973,1.022,1.033
P14,2025-12-01,1589368,4461833,6070910,0.974,1.02,1.032
P14,2026-01-01,1592134,4525713,6129683,0.977,1.018,1.03
P14,2026-02-01,1604182,4554533,6181016,0.978,1.016,1.029
P14,2026-03-01,1603224,4623729,6231366,0.98,1.014,1.027
P14,2026-04-01,1603169,4636828,6284979,0.981,1.012,1.026
P14,2026-05-01,1608845,4673592,6338165,0.983,1.01,1.025
P14,2026-06-01,1610797,4726847,6389570,0.985,1.008,1.026
P14,2026-07-01,1616048,4763933,6447382,0.987,1.005,1.026
P14,2026-08-01,1621454,4804663,6504574,0.99,1.003,1.026
P15,2000-03-01,1202,61,0,0,,
P15,2000-04-01,3357,171,0,0,,
P15,2000-05-01,5477,282,0,0,,
P15,2000-06-01,7486,387,0,0,,
P15,2000-07-01,9484,492,0,0,,
P15,2000-08-01,11623,605,0,0,,
P15,2000-09-01,13611,712,0,0,,
P15,2000-10-01,15640,818,0,0,,
P15,2000-11-01,17069,895,0,0,,
P15,2000-12-01,19171,1007,0,0,,
P15,2001-01-01,21813,1163,0,0,,
P15,2001-02-01,24431,1305,0,0,,
P15,2001-03-01,27774,1488,0,0,,
P15,2001-04-01,31101,1672,0,0,,
P15,2001-05-01,34265,1857,0,0,,
P15,2001-06-01,37177,2023,0,0,,
P15,2001-07-01,39476,2142,0,0,,
P15,2001-08-01,44992,2470,0,0,,
P15,2001-09-01,50147,2787,0,0,,
P15,2001-10-01,55697,3101,0,0,,
P15,2001-11-01,60745,3372,0,0,,
P15,2001-12-01,65661,3699,0,0,,
P15,2002-01-01,70998,4004,0,0,,
P15,2002-02-01,75897,4288,0,0,,
P15,2002-03-01,80762,4585,0,0,,
P15,2002-04-01,85198,4861,0,0,,
P15,2002-05-01,90288,5174,0,0,,
P15,2002-06-01,94553,5449,0,0,,
P15,2002-07-01,99354,5743,0,0,,
P15,2002-08-01,104554,6051,0,0,,
P15,2002-09-01,108219,6347,0,0,,
P15,2002-10-01,112701,6605,0,0,,
P15,2002-11-01,117707,6941,0,0,,
P15,2002-12-01,122193,7234,0,0,,
P15,2003-01-01,127129,7522,0,0,,
P15,2003-02-01,131157,7825,0,0,,
P15,2003-03-01,135853,8100,0,0,,
P15,2003-04-01,140377,8417,0,0,,
P15,2003-05-01,144994,8685,0,0,,
P15,2003-06-01,148672,8981,0,0,,
P15,2003-07-01,152924,9265,0,0,,
P15,2003-08-01,157290,9555,0,0,,
P15,2003-09-01,161419,9852,0,0,,
P15,2003-10-01,165443,10127,0,0,,
P15,2003-11-01,169499,10414,0,0,,
P15,2003-12-01,173326,10655,0,0,,
P15,2004-01-01,177782,10976,0,0,,
P15,2004-02-01,181859,11291,0,0,,
P15,2004-03-01,186064,11546,0,0,,
P15,2004-04-01,190431,11793,0,0,,
P15,2004-05-01,194174,12103,0,0,,
P15,2004-06-01,198252,12358,0,0,,
P15,2004-07-01,201904,12697,0,0,,
P15,2004-08-01,207239,12996,0,0,,
P15,2004-09-01,209832,13253,0,0,,
P15,2004-10-01,213452,13543,0,0,,
P15,2004-11-01,217019,13829,0,0,,
P15,2004-12-01,220673,14067,0,0,,
P15,2005-01-01,225133,14284,0,0,,
P15,2005-02-01,227683,14538,0,0,,
P15,2005-03-01,230021,14786,0,0,,
P15,2005-04-01,233549,15095,0,0,,
P15,2005-05-01,237751,15332,0,0,,
P15,2005-06-01,240968,15618,0,0,,
P15,2005-07-01,244247,15897,0,0,,
P15,2005-08-01,247399,16193,0,0,,
P15,2005-09-01,251127,16405,0,0,,
P15,2005-10-01,255075,16734,0,0,,
P15,2005-11-01,258028,16924,0,0,,
P15,2005-12-01,261498,17185,0,0,,
P15,2006-01-01,263369,17513,0,0,,
P15,2006-02-01,267388,17657,0,0,,
P15,2006-03-01,269704,17927,0,0,,
P15,2006-04-01,273130,18196,0,0,,
P15,2006-05-01,276446,18517,0,0,,
P15,2006-06-01,278468,18674,0,0,,
P15,2006-07-01,281965,18987,0,0,,
P15,2006-08-01,285546,19230,0,0,,
P15,2006-09-01,287946,19449,0,0,,
P15,2006-10-01,291310,19693,0,0,,
P15,2006-11-01,293500,19881,0,0,,
P15,2006-12-01,297304,20173,0,0,,
P15,2007-01-01,300151,20513,0,0,,
P15,2007-02-01,301867,20634,0,0,,
P15,2007-03-01,305586,20895,0,0,,
P15,2007-04-01,308054,21008,0,0,,
P15,2007-05-01,309860,21368,0,0,,
P15,2007-06-01,313969,21642,0,0,,
P15,2007-07-01,316672,21808,0,0,,
P15,2007-08-01,319386,22055,0,0,,
P15,2007-09-01,323405,22430,0,0,,
P15,2007-10-01,325844,22877,0,0,,
P15,2007-11-01,327915,23738,0,0,,
P15,2007-12-01,330339,24933,0,0,,
P15,2008-01-01,335614,26379,0,0,,
P15,2008-02-01,336517,27589,0,0,,
P15,2008-03-01,342313,30321,0,0,,
P15,2008-04-01,346348,33019,0,0,,
P15,2008-05-01,349932,35872,0,0,,
P15,2008-06-01,353566,38943,0,0,,
P15,2008-07-01,357981,41808,0,0,,
P15,2008-08-01,363662,44585,0,0,,
P15,2008-09-01,366067,47723,0,0,,
P15,2008-10-01,371690,51236,0,0,,
P15,2008-11-01,375972,54965,0,0,,
P15,2008-12-01,380869,58769,0,0,,
P15,2009-01-01,385055,62154,0,0,,
P15,2009-02-01,387472,65833,0,0,,
P15,2009-03-01,391442,68902,0,0,,
P15,2009-04-01,394541,72571,0,0,,
P15,2009-05-01,400294,76082,0,0,,
P15,2009-06-01,403312,79399,0,0,,
P15,2009-07-01,406881,82903,0,0,,
P15,2009-08-01,409806,86735,0,0,,
P15,2009-09-01,413525,89801,0,0,,
P15,2009-10-01,415769,94440,0,0,,
P15,2009-11-01,419443,97873,0,0,,
P15,2009-12-01,422215,102362,0,0,,
P15,2010-01-01,428033,106081,0,0,,
P15,2010-02-01,427433,110515,0,0,,
P15,2010-03-01,432142,114132,0,0,,
P15,2010-04-01,433070,118523,0,0,,
P15,2010-05-01,437702,123039,0,0,,
P15,2010-06-01,440040,127708,0,0,,
P15,2010-07-01,442940,131168,0,0,,
P15,2010-08-01,442937,135654,0,0,,
P15,2010-09-01,446993,139828,0,0,,
P15,2010-10-01,450316,144618,0,0,,
P15,2010-11-01,451084,149399,0,0,,
P15,2010-12-01,454219,154575,0,0,,
P15,2011-01-01,457783,158940,0,0,,
P15,2011-02-01,458340,163615,0,0,,
P15,2011-03-01,461004,166682,0,0,,
P15,2011-04-01,462807,172109,0,0,,
P15,2011-05-01,464140,176745,0,0,,
P15,2011-06-01,467125,180240,0,0,,
P15,2011-07-01,468716,183112,0,0,,
P15,2011-08-01,470033,187214,0,0,,
P15,2011-09-01,472166,190972,0,0,,
P15,2011-10-01,474674,195708,0,0,,
P15,2011-11-01,476852,201377,0,0,,
P15,2011-12-01,482032,207676,0,0,,
P15,2012-01-01,485617,214802,0,0,,
P15,2012-02-01,489022,221010,0,0,,
P15,2012-03-01,494028,229232,0,0,,
P15,2012-04-01,499026,238435,0,0,,
P15,2012-05-01,504909,246893,0,0,,
P15,2012-06-01,512055,254205,0,0,,
P15,2012-07-01,516584,263488,0,0,,
P15,2012-08-01,527246,274383,0,0,,
P15,2012-09-01,532224,282721,0,0,,
P15,2012-10-01,538798,289968,0,0,,
P15,2012-11-01,544886,300902,0,0,,
P15,2012-12-01,554576,309399,0,0,,
P15,2013-01-01,561216,319442,0,0,,
P15,2013-02-01,565401,326872,0,0,,
P15,2013-03-01,572913,337225,0,0,,
P15,2013-04-01,578074,344387,0,0,,
P15,2013-05-01,582299,354962,0,0,,
P15,2013-06-01,588970,366686,0,0,,
P15,2013-07-01,595275,373532,0,0,,
P15,2013-08-01,601795,382558,0,0,,
P15,2013-09-01,609056,394265,0,0,,
P15,2013-10-01,616572,407335,0,0,,
P15,2013-11-01,621417,415779,0,0,,
P15,2013-12-01,624145,429331,0,0,,
P15,2014-01-01,630504,439721,0,0,,
P15,2014-02-01,634067,452270,0,0,,
P15,2014-03-01,640660,461816,0,0,,
P15,2014-04-01,645896,476594,0,0,,
P15,2014-05-01,651287,488250,0,0,,
P15,2014-06-01,656834,499872,0,0,,
P15,2014-07-01,659786,511767,0,0,,
P15,2014-08-01,663656,525584,0,0,,
P15,2014-09-01,668037,536637,0,0,,
P15,2014-10-01,674471,549776,0,0,,
P15,2014-11-01,678813,563826,0,0,,
P15,2014-12-01,677361,577397,0,0,,
P15,2015-01-01,682804,586311,0,0,,
P15,2015-02-01,685987,600760,0,0,,
P15,2015-03-01,689977,610820,0,0,,
P15,2015-04-01,693642,628060,0,0,,
P15,2015-05-01,696270,638725,0,0,,
P15,2015-06-01,699305,655454,0,0,,
P15,2015-07-01,704271,666027,0,0,,
P15,2015-08-01,707595,683430,0,0,,
P15,2015-09-01,707980,694079,0,0,,
P15,2015-10-01,715382,706829,0,0,,
P15,2015-11-01,716520,722057,0,0,,
P15,2015-12-01,720376,733931,0,0,,
P15,2016-01-01,725037,749596,11557,0.007,,
P15,2016-02-01,727069,762771,34534,0.022,,
P15,2016-03-01,728774,773610,70652,0.045,,
P15,2016-04-01,730839,789520,119798,0.075,,
P15,2016-05-01,733819,802994,176931,0.11,,
P15,2016-06-01,738569,819543,239883,0.147,,
P15,2016-07-01,740872,840364,310243,0.188,,
P15,2016-08-01,751483,857249,386820,0.23,,
P15,2016-09-01,758752,876688,453740,0.265,,
P15,2016-10-01,770540,896509,524591,0.301,,
P15,2016-11-01,783091,918332,593633,0.334,,
P15,2016-12-01,798620,940481,663265,0.364,,
P15,2017-01-01,813909,970026,730792,0.392,,
P15,2017-02-01,833145,990222,797122,0.418,,
P15,2017-03-01,853744,1021625,864404,0.442,,
P15,2017-04-01,879262,1046710,934745,0.466,,
P15,2017-05-01,895205,1071572,998655,0.485,,
P15,2017-06-01,922218,1097285,1063596,0.504,,
P15,2017-07-01,949338,1126403,1134592,0.524,0.998,1.34
P15,2017-08-01,970690,1148729,1211915,0.547,0.995,1.303
P15,2017-09-01,994234,1181274,1272893,0.561,1.009,1.288
P15,2017-10-01,1018035,1207782,1342615,0.577,1.012,1.269
P15,2017-11-01,1042489,1240569,1408693,0.591,1.014,1.256
P15,2017-12-01,1065935,1273894,1478356,0.606,1.019,1.236
P15,2018-01-01,1085625,1301832,1547158,0.62,1.026,1.218
P15,2018-02-01,1103684,1333287,1612538,0.632,1.036,1.204
P15,2018-03-01,1130552,1372200,1680574,0.644,1.042,1.188
P15,2018-04-01,1148539,1398477,1743088,0.655,1.046,1.178
P15,2018-05-01,1171859,1426935,1817292,0.668,1.051,1.162
P15,2018-06-01,1190082,1464092,1881639,0.678,1.057,1.154
P15,2018-07-01,1209950,1504469,1947986,0.688,1.064,1.149
P15,2018-08-01,1226173,1534199,2023164,0.701,1.063,1.138
P15,2018-09-01,1247434,1580247,2088231,0.709,1.067,1.136
P15,2018-10-01,1266671,1624004,2161716,0.719,1.067,1.129
P15,2018-11-01,1282047,1658978,2228709,0.727,1.069,1.125
P15,2018-12-01,1297895,1700071,2297814,0.736,1.068,1.12
P15,2019-01-01,1312463,1734661,2365543,0.744,1.067,1.116
P15,2019-02-01,1328238,1788976,2432175,0.752,1.064,1.112
P15,2019-03-01,1337503,1822571,2503732,0.761,1.06,1.106
P15,2019-04-01,1358459,1856777,2571718,0.768,1.062,1.1
P15,2019-05-01,1369255,1900784,2642813,0.776,1.068,1.093
P15,2019-06-01,1383238,1943852,2715539,0.784,1.07,1.086
P15,2019-07-01,1394827,1980522,2786185,0.791,1.072,1.081
P15,2019-08-01,1412259,2033059,2855622,0.798,1.073,1.076
P15,2019-09-01,1420801,2078660,2923113,0.804,1.074,1.07
P15,2019-10-01,1434916,2114083,2992243,0.81,1.078,1.066
P15,2019-11-01,1449041,2159711,3063106,0.817,1.08,1.061
P15,2019-12-01,1458705,2200126,3136682,0.824,1.081,1.054
P15,2020-01-01,1468824,2255725,3202752,0.829,1.082,1.052
P15,2020-02-01,1477526,2294389,3263626,0.833,1.084,1.051
P15,2020-03-01,1486515,2333987,3329454,0.838,1.085,1.048
P15,2020-04-01,1494342,2381857,3401514,0.844,1.086,1.042
P15,2020-05-01,1507362,2434556,3475849,0.851,1.087,1.037
P15,2020-06-01,1517234,2473297,3544555,0.856,1.087,1.033
P15,2020-07-01,1525070,2514421,3619225,0.863,1.087,1.028
P15,2020-08-01,1530005,2556473,3680416,0.867,1.089,1.026
P15,2020-09-01,1546690,2601756,3746770,0.87,1.091,1.025
P15,2020-10-01,1553096,2653018,3816272,0.875,1.092,1.021
P15,2020-11-01,1561066,2697997,3880409,0.879,1.093,1.02
P15,2020-12-01,1568787,2757179,3949663,0.883,1.094,1.018
P15,2021-01-01,1579554,2785299,4022658,0.889,1.095,1.014
P15,2021-02-01,1585283,2851935,4080212,0.89,1.097,1.016
P15,2021-03-01,1598192,2888832,4150316,0.895,1.097,1.013
P15,2021-04-01,1598118,2930350,4218851,0.899,1.098,1.011
P15,2021-05-01,1612402,2980557,4293062,0.904,1.098,1.008
P15,2021-06-01,1619416,3028957,4361342,0.908,1.099,1.005
P15,2021-07-01,1627549,3067305,4432282,0.912,1.1,1.003
P15,2021-08-01,1637591,3121600,4498461,0.915,1.1,1.001
P15,2021-09-01,1639047,3167922,4566690,0.918,1.1,0.999
P15,2021-10-01,1646030,3210750,4626892,0.92,1.1,1
P15,2021-11-01,1656707,3274418,4689814,0.922,1.1,1
P15,2021-12-01,1663327,3323287,4753882,0.924,1.094,1.001
P15,2022-01-01,1669739,3375104,4821490,0.927,1.088,1.001
P15,2022-02-01,1678279,3416300,4884498,0.929,1.082,1.002
P15,2022-03-01,1685142,3453201,4954508,0.933,1.075,1
P15,2022-04-01,1686697,3503045,5016002,0.936,1.069,1
P15,2022-05-01,1698436,3557232,5089649,0.939,1.06,1
P15,2022-06-01,1711092,3609175,5163368,0.943,1.051,0.999
P15,2022-07-01,1715220,3657197,5229643,0.945,1.043,1
P15,2022-08-01,1722057,3699122,5309031,0.949,1.033,0.999
P15,2022-09-01,1724073,3753968,5373957,0.951,1.025,1
P15,2022-10-01,1737363,3802875,5443809,0.954,1.018,1
P15,2022-11-01,1739188,3835290,5503362,0.955,1.012,1.002
P15,2022-12-01,1744951,3908955,5574321,0.958,1.006,1.001
P15,2023-01-01,1750358,3965960,5641625,0.96,1,1.001
P15,2023-02-01,1753265,4001159,5712278,0.963,0.993,0.999
P15,2023-03-01,1764027,4059569,5776668,0.965,0.988,1
P15,2023-04-01,1760393,4100810,5841348,0.967,0.983,1
P15,2023-05-01,1772036,4133970,5906798,0.969,0.978,1
P15,2023-06-01,1776237,4205598,5976269,0.971,0.974,0.999
P15,2023-07-01,1780692,4264236,6046010,0.974,0.969,0.999
P15,2023-08-01,1796154,4313482,6109299,0.975,0.965,1
P15,2023-09-01,1798396,4341890,6180438,0.977,0.961,0.998
P15,2023-10-01,1804178,4414458,6254091,0.981,0.956,0.996
P15,2023-11-01,1805200,4451122,6324597,0.983,0.953,0.994
P15,2023-12-01,1807980,4497313,6388891,0.985,0.949,0.993
P15,2024-01-01,1819035,4547424,6456437,0.988,0.945,0.991
P15,2024-02-01,1816948,4587069,6517059,0.988,0.941,0.992
P15,2024-03-01,1822923,4635722,6583963,0.99,0.935,0.993
P15,2024-04-01,1827425,4708615,6659107,0.993,0.928,0.991
P15,2024-05-01,1834591,4745847,6727570,0.995,0.922,0.991
P15,2024-06-01,1834736,4810611,6796684,0.997,0.916,0.99
P15,2024-07-01,1846866,4862299,6866314,0.999,0.911,0.989
P15,2024-08-01,1843840,4883365,6931919,1.001,0.91,0.988
P15,2024-09-01,1852655,4943690,6998171,1.002,0.908,0.987
P15,2024-10-01,1854311,4990095,7075541,1.005,0.907,0.985
P15,2024-11-01,1856068,5049246,7142624,1.007,0.905,0.984
P15,2024-12-01,1865223,5113855,7205380,1.008,0.904,0.983
P15,2025-01-01,1861387,5164969,7278909,1.01,0.902,0.985
P15,2025-02-01,1873301,5218333,7340627,1.011,0.901,0.987
P15,2025-03-01,1874968,5268746,7405866,1.012,0.899,0.989
P15,2025-04-01,1878773,5318050,7468701,1.013,0.898,0.991
P15,2025-05-01,1876378,5354353,7535280,1.014,0.897,0.993
P15,2025-06-01,1883782,5427264,7603977,1.015,0.895,0.993
P15,2025-07-01,1892153,5471535,7673603,1.017,0.893,0.992
P15,2025-08-01,1893548,5529844,7742754,1.018,0.891,0.99
P15,2025-09-01,1896798,5571678,7807048,1.019,0.889,0.99
P15,2025-10-01,1897879,5626393,7876736,1.021,0.888,0.989
P15,2025-11-01,1900312,5666481,7953284,1.023,0.886,0.988
P15,2025-12-01,1906937,5732472,8023771,1.024,0.887,0.99
P15,2026-01-01,1914225,5787464,8088915,1.025,0.888,0.993
P15,2026-02-01,1912216,5837550,8152884,1.025,0.889,0.996
P15,2026-03-01,1918241,5913156,8223303,1.027,0.889,0.998
P15,2026-04-01,1921672,5971680,8293425,1.028,0.889,1.001
P15,2026-05-01,1924676,6012848,8358885,1.029,0.885,1.01
P15,2026-06-01,1935477,6043774,8423232,1.03,0.88,1.018
P15,2026-07-01,1925335,6100056,8498618,1.033,0.875,1.027
P15,2026-08-01,1933539,6153929,8566362,1.034,0.871,1.036
P16,2000-03-01,0,0,0,,,
P16,2000-04-01,1553,78,0,0,,
P16,2000-05-01,3289,167,0,0,,
P16,2000-06-01,4814,246,0,0,,
P16,2000-07-01,6469,335,0,0,,
P16,2000-08-01,8146,423,0,0,,
P16,2000-09-01,9710,503,0,0,,
P16,2000-10-01,11297,591,0,0,,
P16,2000-11-01,12678,666,0,0,,
P16,2000-12-01,14361,762,0,0,,
P16,2001-01-01,15931,843,0,0,,
P16,2001-02-01,17269,915,0,0,,
P16,2001-03-01,18672,1000,0,0,,
P16,2001-04-01,20255,1085,0,0,,
P16,2001-05-01,21684,1168,0,0,,
P16,2001-06-01,23356,1260,0,0,,
P16,2001-07-01,24797,1339,0,0,,
P16,2001-08-01,26413,1442,0,0,,
P16,2001-09-01,27975,1529,0,0,,
P16,2001-10-01,29647,1621,0,0,,
P16,2001-11-01,31023,1704,0,0,,
P16,2001-12-01,32451,1795,0,0,,
P16,2002-01-01,33816,1883,0,0,,
P16,2002-02-01,35255,1964,0,0,,
P16,2002-03-01,36612,2036,0,0,,
P16,2002-04-01,38117,2136,0,0,,
P16,2002-05-01,39513,2225,0,0,,
P16,2002-06-01,41003,2306,0,0,,
P16,2002-07-01,42364,2394,0,0,,
P16,2002-08-01,43714,2474,0,0,,
P16,2002-09-01,45151,2563,0,0,,
P16,2002-10-01,46446,2653,0,0,,
P16,2002-11-01,47591,2732,0,0,,
P16,2002-12-01,49101,2833,0,0,,
P16,2003-01-01,50626,2908,0,0,,
P16,2003-02-01,51688,3001,0,0,,
P16,2003-03-01,52871,3081,0,0,,
P16,2003-04-01,53986,3157,0,0,,
P16,2003-05-01,55360,3240,0,0,,
P16,2003-06-01,56472,3327,0,0,,
P16,2003-07-01,57789,3417,0,0,,
P16,2003-08-01,59026,3503,0,0,,
P16,2003-09-01,60169,3565,0,0,,
P16,2003-10-01,61607,3657,0,0,,
P16,2003-11-01,62655,3737,0,0,,
P16,2003-12-01,63828,3813,0,0,,
P16,2004-01-01,64559,3865,0,0,,
P16,2004-02-01,65569,3936,0,0,,
P16,2004-03-01,66707,4028,0,0,,
P16,2004-04-01,67838,4092,0,0,,
P16,2004-05-01,68973,4172,0,0,,
P16,2004-06-01,70063,4267,0,0,,
P16,2004-07-01,71470,4354,0,0,,
P16,2004-08-01,72654,4440,0,0,,
P16,2004-09-01,73689,4509,0,0,,
P16,2004-10-01,74534,4593,0,0,,
P16,2004-11-01,75642,4685,0,0,,
P16,2004-12-01,76837,4753,0,0,,
P16,2005-01-01,77745,4841,0,0,,
P16,2005-02-01,78678,4899,0,0,,
P16,2005-03-01,79995,4973,0,0,,
P16,2005-04-01,80857,5066,0,0,,
P16,2005-05-01,81946,5138,0,0,,
P16,2005-06-01,82635,5196,0,0,,
P16,2005-07-01,83713,5279,0,0,,
P16,2005-08-01,84664,5353,0,0,,
P16,2005-09-01,85643,5438,0,0,,
P16,2005-10-01,87168,5484,0,0,,
P16,2005-11-01,87865,5608,0,0,,
P16,2005-12-01,88814,5661,0,0,,
P16,2006-01-01,89299,5728,0,0,,
P16,2006-02-01,90502,5807,0,0,,
P16,2006-03-01,91220,5904,0,0,,
P16,2006-04-01,92496,5954,0,0,,
P16,2006-05-01,93063,6004,0,0,,
P16,2006-06-01,94452,6124,0,0,,
P16,2006-07-01,95094,6190,0,0,,
P16,2006-08-01,96076,6283,0,0,,
P16,2006-09-01,96954,6334,0,0,,
P16,2006-10-01,97668,6377,0,0,,
P16,2006-11-01,98319,6453,0,0,,
P16,2006-12-01,99770,6540,0,0,,
P16,2007-01-01,99903,6594,0,0,,
P16,2007-02-01,101174,6676,0,0,,
P16,2007-03-01,101694,6719,0,0,,
P16,2007-04-01,101707,6782,0,0,,
P16,2007-05-01,102981,6870,0,0,,
P16,2007-06-01,103645,6914,0,0,,
P16,2007-07-01,104914,6976,0,0,,
P16,2007-08-01,105304,7051,0,0,,
P16,2007-09-01,106306,7157,0,0,,
P16,2007-10-01,106195,7237,0,0,,
P16,2007-11-01,107590,7439,0,0,,
P16,2007-12-01,108771,7704,0,0,,
P16,2008-01-01,109549,8056,0,0,,
P16,2008-02-01,110691,8456,0,0,,
P16,2008-03-01,111538,9055,0,0,,
P16,2008-04-01,112385,9693,0,0,,
P16,2008-05-01,113071,10280,0,0,,
P16,2008-06-01,114538,10973,0,0,,
P16,2008-07-01,115881,11648,0,0,,
P16,2008-08-01,116884,12245,0,0,,
P16,2008-09-01,117979,12917,0,0,,
P16,2008-10-01,118807,13663,0,0,,
P16,2008-11-01,120052,14387,0,0,,
P16,2008-12-01,120780,15173,0,0,,
P16,2009-01-01,122213,15930,0,0,,
P16,2009-02-01,122848,16675,0,0,,
P16,2009-03-01,124184,17393,0,0,,
P16,2009-04-01,125057,18202,0,0,,
P16,2009-05-01,125627,18905,0,0,,
P16,2009-06-01,126312,19683,0,0,,
P16,2009-07-01,127953,20513,0,0,,
P16,2009-08-01,128352,21295,0,0,,
P16,2009-09-01,129376,22074,0,0,,
P16,2009-10-01,130497,22998,0,0,,
P16,2009-11-01,131558,23850,0,0,,
P16,2009-12-01,131921,24715,0,0,,
P16,2010-01-01,132967,25468,0,0,,
P16,2010-02-01,133956,26324,0,0,,
P16,2010-03-01,134948,27202,0,0,,
P16,2010-04-01,134705,28090,0,0,,
P16,2010-05-01,135459,29158,0,0,,
P16,2010-06-01,136680,29943,0,0,,
P16,2010-07-01,136866,30915,0,0,,
P16,2010-08-01,137842,31827,0,0,,
P16,2010-09-01,138033,32943,0,0,,
P16,2010-10-01,139557,33890,0,0,,
P16,2010-11-01,139514,34915,0,0,,
P16,2010-12-01,140203,35866,0,0,,
P16,2011-01-01,140770,36800,0,0,,
P16,2011-02-01,141394,37881,0,0,,
P16,2011-03-01,141793,38972,0,0,,
P16,2011-04-01,142515,39825,0,0,,
P16,2011-05-01,142888,40722,0,0,,
P16,2011-06-01,143876,41515,0,0,,
P16,2011-07-01,144246,42523,0,0,,
P16,2011-08-01,144677,43589,0,0,,
P16,2011-09-01,145768,44553,0,0,,
P16,2011-10-01,145804,45055,0,0,,
P16,2011-11-01,146731,46021,0,0,,
P16,2011-12-01,147216,46964,0,0,,
P16,2012-01-01,147805,48207,0,0,,
P16,2012-02-01,148243,49087,0,0,,
P16,2012-03-01,148892,50317,0,0,,
P16,2012-04-01,149716,51215,0,0,,
P16,2012-05-01,150037,52693,0,0,,
P16,2012-06-01,151185,53762,0,0,,
P16,2012-07-01,151426,54699,0,0,,
P16,2012-08-01,152233,55917,0,0,,
P16,2012-09-01,152986,57122,0,0,,
P16,2012-10-01,153301,58354,0,0,,
P16,2012-11-01,153593,59600,0,0,,
P16,2012-12-01,154236,60573,0,0,,
P16,2013-01-01,155205,61773,0,0,,
P16,2013-02-01,154854,62852,0,0,,
P16,2013-03-01,155986,64384,0,0,,
P16,2013-04-01,156866,65372,0,0,,
P16,2013-05-01,157239,66588,0,0,,
P16,2013-06-01,157495,67957,0,0,,
P16,2013-07-01,158718,69149,0,0,,
P16,2013-08-01,159292,70490,0,0,,
P16,2013-09-01,158978,71443,0,0,,
P16,2013-10-01,160433,72931,0,0,,
P16,2013-11-01,160524,74045,0,0,,
P16,2013-12-01,161122,75228,0,0,,
P16,2014-01-01,160982,76547,0,0,,
P16,2014-02-01,162436,77980,0,0,,
P16,2014-03-01,162300,78972,0,0,,
P16,2014-04-01,163220,80198,0,0,,
P16,2014-05-01,163534,81805,0,0,,
P16,2014-06-01,163547,82657,0,0,,
P16,2014-07-01,164146,84110,0,0,,
P16,2014-08-01,164259,85381,0,0,,
P16,2014-09-01,165726,86711,0,0,,
P16,2014-10-01,165256,87792,0,0,,
P16,2014-11-01,166162,89147,0,0,,
P16,2014-12-01,166313,90356,0,0,,
P16,2015-01-01,166887,91502,0,0,,
P16,2015-02-01,166786,92941,0,0,,
P16,2015-03-01,167181,94224,0,0,,
P16,2015-04-01,168063,95390,0,0,,
P16,2015-05-01,168368,96513,0,0,,
P16,2015-06-01,168327,98120,0,0,,
P16,2015-07-01,169179,99427,0,0,,
P16,2015-08-01,169796,100484,0,0,,
P16,2015-09-01,169505,102167,0,0,,
P16,2015-10-01,170340,103139,0,0,,
P16,2015-11-01,170627,104569,0,0,,
P16,2015-12-01,170819,105654,0,0,,
P16,2016-01-01,171409,107418,0,0,,
P16,2016-02-01,171719,108360,0,0,,
P16,2016-03-01,172340,109565,0,0,,
P16,2016-04-01,172174,110186,0,0,,
P16,2016-05-01,173284,111849,0,0,,
P16,2016-06-01,173461,113531,0,0,,
P16,2016-07-01,173477,114798,0,0,,
P16,2016-08-01,174746,116507,0,0,,
P16,2016-09-01,174657,118180,0,0,,
P16,2016-10-01,175564,119101,0,0,,
P16,2016-11-01,176372,121446,0,0,,
P16,2016-12-01,176800,123587,0,0,,
P16,2017-01-01,178180,124919,0,0,,
P16,2017-02-01,179306,126656,0,0,,
P16,2017-03-01,180029,127910,0,0,,
P16,2017-04-01,181508,129606,0,0,,
P16,2017-05-01,182118,131566,0,0,,
P16,2017-06-01,183352,132925,0,0,,
P16,2017-07-01,185116,134934,0,0,,
P16,2017-08-01,185089,136465,0,0,,
P16,2017-09-01,186650,137908,0,0,,
P16,2017-10-01,187262,139827,0,0,,
P16,2017-11-01,188768,141377,0,0,,
P16,2017-12-01,189296,143586,0,0,,
P16,2018-01-01,190713,145327,0,0,,
P16,2018-02-01,191156,147673,0,0,,
P16,2018-03-01,192046,149656,0,0,,
P16,2018-04-01,193018,150531,0,0,,
P16,2018-05-01,193830,153511,0,0,,
P16,2018-06-01,194064,155156,0,0,,
P16,2018-07-01,195901,157287,0,0,,
P16,2018-08-01,196530,159370,0,0,,
P16,2018-09-01,196360,161433,0,0,,
P16,2018-10-01,197863,163769,0,0,,
P16,2018-11-01,198831,165487,0,0,,
P16,2018-12-01,199675,167498,0,0,,
P16,2019-01-01,200481,169593,0,0,,
P16,2019-02-01,201137,172340,0,0,,
P16,2019-03-01,200997,174496,0,0,,
P16,2019-04-01,201632,176356,0,0,,
P16,2019-05-01,202431,179471,0,0,,
P16,2019-06-01,203256,181141,0,0,,
P16,2019-07-01,203710,183130,0,0,,
P16,2019-08-01,204052,186022,0,0,,
P16,2019-09-01,205399,188341,0,0,,
P16,2019-10-01,204945,190858,0,0,,
P16,2019-11-01,206053,192576,0,0,,
P16,2019-12-01,206566,195271,0,0,,
P16,2020-01-01,207564,197403,0,0,,
P16,2020-02-01,207935,200812,0,0,,
P16,2020-03-01,208466,202416,0,0,,
P16,2020-04-01,207829,204549,0,0,,
P16,2020-05-01,208855,207853,0,0,,
P16,2020-06-01,208817,209906,0,0,,
P16,2020-07-01,210198,211632,0,0,,
P16,2020-08-01,210942,213042,0,0,,
P16,2020-09-01,210895,216311,0,0,,
P16,2020-10-01,211617,218705,0,0,,
P16,2020-11-01,212108,221220,0,0,,
P16,2020-12-01,212110,224330,0,0,,
P16,2021-01-01,212081,225341,0,0,,
P16,2021-02-01,212970,228255,0,0,,
P16,2021-03-01,213895,229777,0,0,,
P16,2021-04-01,212979,233497,0,0,,
P16,2021-05-01,214364,236336,0,0,,
P16,2021-06-01,214240,237352,0,0,,
P16,2021-07-01,214919,240029,0,0,,
P16,2021-08-01,215258,242169,0,0,,
P16,2021-09-01,215765,244644,0,0,,
P16,2021-10-01,216355,248324,0,0,,
P16,2021-11-01,216532,250620,0,0,,
P16,2021-12-01,216643,252801,0,0,,
P16,2022-01-01,216740,255152,0,0,,
P16,2022-02-01,218258,258281,0,0,,
P16,2022-03-01,217756,259101,0,0,,
P16,2022-04-01,217906,261337,0,0,,
P16,2022-05-01,218534,263779,0,0,,
P16,2022-06-01,218803,268038,0,0,,
P16,2022-07-01,218940,269454,0,0,,
P16,2022-08-01,219711,272072,0,0,,
P16,2022-09-01,220128,274953,0,0,,
P16,2022-10-01,220705,277040,0,0,,
P16,2022-11-01,220823,279349,0,0,,
P16,2022-12-01,221548,281889,0,0,,
P16,2023-01-01,220816,283581,0,0,,
P16,2023-02-01,221841,286239,0,0,,
P16,2023-03-01,221881,289923,0,0,,
P16,2023-04-01,222292,292273,0,0,,
P16,2023-05-01,222085,295591,0,0,,
P16,2023-06-01,222677,296268,0,0,,
P16,2023-07-01,222939,298964,0,0,,
P16,2023-08-01,223749,302358,0,0,,
P16,2023-09-01,223706,304454,0,0,,
P16,2023-10-01,224241,307462,0,0,,
P16,2023-11-01,224331,309642,0,0,,
P16,2023-12-01,224789,311236,0,0,,
P16,2024-01-01,224250,312932,0,0,,
P16,2024-02-01,224378,316291,0,0,,
P16,2024-03-01,225229,320008,0,0,,
P16,2024-04-01,226019,321970,0,0,,
P16,2024-05-01,225841,324821,0,0,,
P16,2024-06-01,225721,327135,0,0,,
P16,2024-07-01,225337,327280,0,0,,
P16,2024-08-01,225858,330935,0,0,,
P16,2024-09-01,226854,333877,0,0,,
P16,2024-10-01,227138,336302,0,0,,
P16,2024-11-01,226771,339266,0,0,,
P16,2024-12-01,226934,341614,0,0,,
P16,2025-01-01,226670,344415,0,0,,
P16,2025-02-01,227892,347600,0,0,,
P16,2025-03-01,227675,350763,0,0,,
P16,2025-04-01,227438,350831,0,0,,
P16,2025-05-01,228347,353573,0,0,,
P16,2025-06-01,228260,355583,0,0,,
P16,2025-07-01,229001,358939,0,0,,
P16,2025-08-01,228383,362113,0,0,,
P16,2025-09-01,229165,364812,0,0,,
P16,2025-10-01,229671,368866,0,0,,
P16,2025-11-01,229919,371044,0,0,,
P16,2025-12-01,229155,373009,0,0,,
P16,2026-01-01,230210,376494,0,0,,
P16,2026-02-01,230007,378894,0,0,,
P16,2026-03-01,230241,381572,0,0,,
P16,2026-04-01,230401,384436,0,0,,
P16,2026-05-01,231285,386052,0,0,,
P16,2026-06-01,230994,389069,0,0,,
P16,2026-07-01,231657,390192,0,0,,
P16,2026-08-01,231565,394690,0,0,,
