Pattern,Date,WOR,Util,TP,IWR
P01,2000-03-01,,,0,
P01,2000-04-01,,,0,
P01,2000-05-01,,,0,
P01,2000-06-01,,,0,
P01,2000-07-01,,,0,
P01,2000-08-01,,,0,
P01,2000-09-01,,,0,
P01,2000-10-01,,,0,
P01,2000-11-01,0.054,0,0,
P01,2000-12-01,0.055,0,0,
P01,2001-01-01,0.055,0,0,
P01,2001-02-01,0.056,0,0,
P01,2001-03-01,0.056,0,0,
P01,2001-04-01,0.056,0,0,
P01,2001-05-01,0.056,0,0,
P01,2001-06-01,0.057,0,0,
P01,2001-07-01,0.059,0,0,
P01,2001-08-01,0.059,0,0,
P01,2001-09-01,0.059,0,0,
P01,2001-10-01,0.06,0,0,
P01,2001-11-01,0.061,0,0,
P01,2001-12-01,0.061,0,0,
P01,2002-01-01,0.061,0,0,
P01,2002-02-01,0.062,0,0,
P01,2002-03-01,0.062,0,0,
P01,2002-04-01,0.062,0,0,
P01,2002-05-01,0.063,0,0,
P01,2002-06-01,0.064,0,0,
P01,2002-07-01,0.064,0,0,
P01,2002-08-01,0.065,0,0,
P01,2002-09-01,0.064,0,0,
P01,2002-10-01,0.065,0,0,
P01,2002-11-01,0.065,0,0,
P01,2002-12-01,0.066,0,0,
P01,2003-01-01,0.066,0,0,
P01,2003-02-01,0.067,0,0,
P01,2003-03-01,0.068,0,0,
P01,2003-04-01,0.068,0,0,
P01,2003-05-01,0.068,0,0,
P01,2003-06-01,0.069,0,0,
P01,2003-07-01,0.069,0,0,
P01,2003-08-01,0.069,0,0,
P01,2003-09-01,0.07,0,0,
P01,2003-10-01,0.07,0,0,
P01,2003-11-01,0.071,0,0,
P01,2003-12-01,0.072,0,0,
P01,2004-01-01,0.072,0,0,
P01,2004-02-01,0.072,0,0,
P01,2004-03-01,0.073,0,0,
P01,2004-04-01,0.073,0,0,
P01,2004-05-01,0.073,0,0,
P01,2004-06-01,0.074,0,0,
P01,2004-07-01,0.074,0,0,
P01,2004-08-01,0.074,0,0,
P01,2004-09-01,0.075,0,0,
P01,2004-10-01,0.076,0,0,
P01,2004-11-01,0.075,0,0,
P01,2004-12-01,0.076,0,0,
P01,2005-01-01,0.077,0,0,
P01,2005-02-01,0.077,0,0,
P01,2005-03-01,0.077,0,0,
P01,2005-04-01,0.077,0,0,
P01,2005-05-01,0.079,0,0,
P01,2005-06-01,0.078,0,0,
P01,2005-07-01,0.079,0,0,
P01,2005-08-01,0.08,0,0,
P01,2005-09-01,0.08,0,0,
P01,2005-10-01,0.081,0,0,
P01,2005-11-01,0.081,0,0,
P01,2005-12-01,0.082,0,0,
P01,2006-01-01,0.082,0,0,
P01,2006-02-01,0.082,0,0,
P01,2006-03-01,0.083,0,0,
P01,2006-04-01,0.083,0,0,
P01,2006-05-01,0.084,0,0,
P01,2006-06-01,0.084,0,0,
P01,2006-07-01,0.084,0,0,
P01,2006-08-01,0.085,0,0,
P01,2006-09-01,0.086,0,0,
P01,2006-10-01,0.086,0,0,
P01,2006-11-01,0.085,0,0,
P01,2006-12-01,0.087,0,0,
P01,2007-01-01,0.086,0,0,
P01,2007-02-01,0.087,0,0,
P01,2007-03-01,0.088,0,0,
P01,2007-04-01,0.12,0,0,
P01,2007-05-01,0.249,0,0,
P01,2007-06-01,0.427,0,0,
P01,2007-07-01,0.545,0,0,
P01,2007-08-01,0.586,0,0,
P01,2007-09-01,0.686,0,0,
P01,2007-10-01,0.693,0,0,
P01,2007-11-01,0.765,0,0,
P01,2007-12-01,0.662,0,0,
P01,2008-01-01,0.602,0,0,
P01,2008-02-01,0.672,0,0,
P01,2008-03-01,0.613,0,0,
P01,2008-04-01,0.502,0,0,
P01,2008-05-01,0.586,0,0,
P01,2008-06-01,0.57,0,0,
P01,2008-07-01,0.533,0,0,
P01,2008-08-01,0.415,0,0,
P01,2008-09-01,0.721,0,0,
P01,2008-10-01,0.798,0,0,
P01,2008-11-01,0.733,0,0,
P01,2008-12-01,0.728,0,0,
P01,2009-01-01,0.807,0,0,
P01,2009-02-01,0.985,0,0,
P01,2009-03-01,0.738,0,0,
P01,2009-04-01,0.922,0,0,
P01,2009-05-01,1.169,0,0,
P01,2009-06-01,1.194,0,0,
P01,2009-07-01,1.153,0,0,
P01,2009-08-01,1.238,0,0,
P01,2009-09-01,1.372,0,0,
P01,2009-10-01,1.323,0,0,
P01,2009-11-01,1.545,0,0,
P01,2009-12-01,1.577,0,0,
P01,2010-01-01,1.465,0,0,
P01,2010-02-01,1.974,0,0,
P01,2010-03-01,1.693,0,0,
P01,2010-04-01,1.925,0,0,
P01,2010-05-01,1.873,0,0,
P01,2010-06-01,2.252,0,0,
P01,2010-07-01,2.206,0,0,
P01,2010-08-01,2.325,0,0,
P01,2010-09-01,2.452,0,0,
P01,2010-10-01,2.339,0,0,
P01,2010-11-01,2.597,0,0,
P01,2010-12-01,2.489,0,0,
P01,2011-01-01,2.538,0.17,1.85,0.702
P01,2011-02-01,2.937,0.47,3.31,1.197
P01,2011-03-01,2.744,1,5.25,1.948
P01,2011-04-01,2.917,1.67,6.57,2.314
P01,2011-05-01,2.823,2.67,9.62,2.997
P01,2011-06-01,3.14,3.85,10.71,4.093
P01,2011-07-01,2.927,4.91,10.28,2.793
P01,2011-08-01,2.464,5.73,10.81,2.347
P01,2011-09-01,2.324,6.22,11.06,1.957
P01,2011-10-01,1.97,6.45,10.39,1.919
P01,2011-11-01,2.012,6.47,10.83,1.594
P01,2011-12-01,1.865,6.35,10.55,1.451
P01,2012-01-01,1.776,6.07,11.22,1.4
P01,2012-02-01,1.677,5.7,12.02,1.342
P01,2012-03-01,1.603,5.31,11.34,1.351
P01,2012-04-01,1.75,4.92,10.85,1.17
P01,2012-05-01,1.634,4.51,11.19,1.249
P01,2012-06-01,1.585,4.1,11.54,1.237
P01,2012-07-01,1.651,3.78,10.24,1.105
P01,2012-08-01,1.584,3.54,10.54,1.169
P01,2012-09-01,1.4,3.37,11.07,1.34
P01,2012-10-01,1.536,3.2,10.13,1.073
P01,2012-11-01,1.392,3.08,11.55,1.203
P01,2012-12-01,1.498,2.99,10.87,1.124
P01,2013-01-01,2.012,2.94,10.02,1.046
P01,2013-02-01,2.204,2.91,10.51,1.003
P01,2013-03-01,2.145,2.94,10.55,1.333
P01,2013-04-01,2.049,2.94,10.38,1.036
P01,2013-05-01,1.986,2.97,11.7,1.23
P01,2013-06-01,2.543,3,10.79,1.075
P01,2013-07-01,2.526,3.08,10.92,1.15
P01,2013-08-01,2.859,3.15,10.31,1.058
P01,2013-09-01,2.911,3.2,10.62,1.036
P01,2013-10-01,2.852,3.33,10.76,1.121
P01,2013-11-01,3.165,3.42,10.19,0.974
P01,2013-12-01,2.785,3.58,11.39,1.227
P01,2014-01-01,3.009,3.7,11.12,1.14
P01,2014-02-01,3.662,3.8,10.56,1.012
P01,2014-03-01,3.361,3.88,11.56,1.262
P01,2014-04-01,3.859,4.05,10.85,1.101
P01,2014-05-01,3.962,4.2,10.44,1.122
P01,2014-06-01,4.126,4.34,10.65,1.128
P01,2014-07-01,4.309,4.45,9.88,1.08
P01,2014-08-01,3.979,4.63,11.4,1.301
P01,2014-09-01,4.427,4.79,10.59,1.148
P01,2014-10-01,4.649,4.94,10.87,1.116
P01,2014-11-01,4.987,5.14,10.72,1.095
P01,2014-12-01,5.081,5.41,11.72,1.41
P01,2015-01-01,5.518,5.61,10.09,1.072
P01,2015-02-01,5.792,5.78,10.85,1.011
P01,2015-03-01,5.433,5.94,10.88,1.161
P01,2015-04-01,5.606,6.09,10.86,1.096
P01,2015-05-01,5.734,6.26,10.63,1.153
P01,2015-06-01,6,6.43,10.64,1.147
P01,2015-07-01,5.931,6.61,10.95,1.15
P01,2015-08-01,6.213,6.69,10.35,1.032
P01,2015-09-01,6.239,6.89,11.74,1.215
P01,2015-10-01,6.637,7.08,10.66,1.138
P01,2015-11-01,6.948,7.38,11.98,1.393
P01,2015-12-01,7.128,7.39,10.54,1.092
P01,2016-01-01,7.066,7.56,10.82,1.135
P01,2016-02-01,8.12,7.71,9.91,0.975
P01,2016-03-01,6.872,7.86,11.31,1.19
P01,2016-04-01,7.753,8.01,10.09,1.02
P01,2016-05-01,7.807,8.18,9.36,1.172
P01,2016-06-01,7.8,8.28,10.16,1.05
P01,2016-07-01,7.401,8.42,10.72,1.146
P01,2016-08-01,7.97,8.64,10.66,1.115
P01,2016-09-01,8.266,8.75,10.54,1.1
P01,2016-10-01,8.249,8.88,10.51,1.12
P01,2016-11-01,8.144,8.89,11.86,1.237
P01,2016-12-01,8.423,9.03,10.85,1.126
P01,2017-01-01,8.531,9.18,10.95,1.176
P01,2017-02-01,9.691,9.31,10.46,0.996
P01,2017-03-01,9.163,9.42,10.05,1.06
P01,2017-04-01,8.302,9.66,12.46,1.27
P01,2017-05-01,8.817,9.74,11.45,1.163
P01,2017-06-01,9.149,9.86,11.37,1.056
P01,2017-07-01,8.857,9.97,11.12,1.121
P01,2017-08-01,9.859,10.1,10.53,1.069
P01,2017-09-01,10.093,10.21,10.88,1.061
P01,2017-10-01,10.072,10.28,10.38,1.021
P01,2017-11-01,9.683,10.39,11.61,1.197
P01,2017-12-01,9.713,10.68,11.31,1.421
P01,2018-01-01,10.468,10.83,11.04,1.157
P01,2018-02-01,12.197,10.99,10.76,0.983
P01,2018-03-01,11.448,11.18,10.29,1.087
P01,2018-04-01,11.571,11.35,10.94,1.134
P01,2018-05-01,11.143,11.74,12.29,1.419
P01,2018-06-01,11.509,12.05,11.38,1.146
P01,2018-07-01,11.341,12.4,11.27,1.247
P01,2018-08-01,11.599,12.68,11.66,1.193
P01,2018-09-01,12.547,12.94,11.56,1.106
P01,2018-10-01,11.961,13.27,12.07,1.161
P01,2018-11-01,13.03,13.46,11.25,1.07
P01,2018-12-01,13.448,13.4,10.09,1.004
P01,2019-01-01,13.08,13.56,10.55,1.076
P01,2019-02-01,14.073,13.77,10.94,1.056
P01,2019-03-01,12.892,13.91,10.59,1.103
P01,2019-04-01,12.781,14.15,10.94,1.295
P01,2019-05-01,12.539,14.06,11.1,1.183
P01,2019-06-01,13.62,14.15,10.77,1.058
P01,2019-07-01,12.923,14.23,11.4,1.183
P01,2019-08-01,14.067,14.28,10.5,1.034
P01,2019-09-01,13.496,14.43,11.79,1.167
P01,2019-10-01,14.676,14.58,10.3,1.089
P01,2019-11-01,14.596,14.68,10.86,1.045
P01,2019-12-01,14.985,14.82,9.89,1.017
P01,2020-01-01,14.151,14.95,10.87,1.107
P01,2020-02-01,15.327,15.06,10.73,1.07
P01,2020-03-01,14.332,15.19,10.37,1.109
P01,2020-04-01,15.504,15.16,9.74,1.062
P01,2020-05-01,14.24,15.2,10.51,1.088
P01,2020-06-01,14.692,15.34,11.15,1.092
P01,2020-07-01,14.741,15.5,10.71,1.191
P01,2020-08-01,14.945,15.68,10.89,1.118
P01,2020-09-01,15.653,15.72,10.65,1.051
P01,2020-10-01,15.54,15.82,10.64,1.112
P01,2020-11-01,15.849,15.98,10.25,1.095
P01,2020-12-01,14.635,16.28,11.85,1.285
P01,2021-01-01,15.602,16.46,10.72,1.151
P01,2021-02-01,17.575,16.58,10.35,1.044
P01,2021-03-01,15.171,16.85,11.48,1.269
P01,2021-04-01,15.643,17.02,11.4,1.192
P01,2021-05-01,15.333,17.18,11.57,1.13
P01,2021-06-01,15.966,17.47,11.87,1.23
P01,2021-07-01,17.499,17.49,9.5,1.026
P01,2021-08-01,16.088,17.62,11.23,1.133
P01,2021-09-01,16.69,17.71,11.52,1.053
P01,2021-10-01,17.017,17.87,11.08,1.143
P01,2021-11-01,18.975,18.09,10.23,1.088
P01,2021-12-01,17.424,18.06,10.67,1.068
P01,2022-01-01,18.514,18.14,10.09,1.039
P01,2022-02-01,19.678,18.23,10.29,1
P01,2022-03-01,18.063,18.22,10.51,1.075
P01,2022-04-01,16.821,18.54,12.16,1.369
P01,2022-05-01,17.959,18.84,10.91,1.167
P01,2022-06-01,18.155,18.97,11.29,1.192
P01,2022-07-01,18.629,19.19,10.53,1.114
P01,2022-08-01,18.988,19.43,10.94,1.119
P01,2022-09-01,21.234,19.84,10.55,1.069
P01,2022-10-01,20.859,20.19,10.35,1.172
P01,2022-11-01,21.094,20.24,10.55,1.016
P01,2022-12-01,19.673,20.59,11.22,1.155
P01,2023-01-01,20.894,20.96,10.71,1.153
P01,2023-02-01,22.312,21.25,11.36,1.06
P01,2023-03-01,21.695,21.97,10.97,1.382
P01,2023-04-01,22.09,22.28,10.83,1.277
P01,2023-05-01,22.559,22.56,10.38,1.087
P01,2023-06-01,23.041,23.03,10.26,1.237
P01,2023-07-01,21.219,23.43,11.41,1.194
P01,2023-08-01,22.145,23.71,10.92,1.099
P01,2023-09-01,23.221,24.3,11.5,1.332
P01,2023-10-01,23.626,24.35,10.38,1.067
P01,2023-11-01,24.746,24.68,10.28,1.018
P01,2023-12-01,24.358,24.9,10.01,1.026
P01,2024-01-01,24.43,25.05,10.02,1.06
P01,2024-02-01,25.664,25.44,10.42,1.121
P01,2024-03-01,22.716,25.24,11.47,1.204
P01,2024-04-01,23.688,25.56,11.55,1.397
P01,2024-05-01,23.915,25.93,10.96,1.221
P01,2024-06-01,25.104,25.93,10.93,1.135
P01,2024-07-01,24.45,26.19,11.17,1.163
P01,2024-08-01,24.953,26.49,11.13,1.111
P01,2024-09-01,26.702,26.26,10.82,1.051
P01,2024-10-01,26.174,26.34,10.15,1
P01,2024-11-01,25.731,26.73,11.3,1.172
P01,2024-12-01,26.299,27.08,10.69,1.115
P01,2025-01-01,26.766,27.39,10.67,1.114
P01,2025-02-01,29.476,27.48,10.59,1.026
P01,2025-03-01,27.879,27.65,9.89,1.063
P01,2025-04-01,28.391,27.46,10.36,1.085
P01,2025-05-01,24.704,27.62,12.17,1.255
P01,2025-06-01,27.379,27.85,10.97,1.158
P01,2025-07-01,29.139,28.06,9.68,1.084
P01,2025-08-01,27.554,28.44,10.83,1.177
P01,2025-09-01,29.164,28.77,10.9,1.106
P01,2025-10-01,28.508,29.46,11.25,1.215
P01,2025-11-01,29.447,29.56,10.54,1.075
P01,2025-12-01,28.266,29.79,11.03,1.134
P01,2026-01-01,30.569,30.6,11.22,1.378
P01,2026-02-01,30.518,30.81,12.07,1.08
P01,2026-03-01,29.342,31.13,11.37,1.15
P01,2026-04-01,32.97,31.43,10.04,1.061
P01,2026-05-01,29.502,31.68,11.41,1.151
P01,2026-06-01,30.938,31.94,11.13,1.132
P01,2026-07-01,31.553,32.09,10.7,1.068
P01,2026-08-01,30.258,32.24,11.31,1.139
P02,2000-03-01,,,0,
P02,2000-04-01,,,0,
P02,2000-05-01,,,0,
P02,2000-06-01,0.055,0,0,
P02,2000-07-01,0.055,0,0,
P02,2000-08-01,0.056,0,0,
P02,2000-09-01,0.057,0,0,
P02,2000-10-01,0.057,0,0,
P02,2000-11-01,0.058,0,0,
P02,2000-12-01,0.058,0,0,
P02,2001-01-01,0.059,0,0,
P02,2001-02-01,0.059,0,0,
P02,2001-03-01,0.06,0,0,
P02,2001-04-01,0.06,0,0,
P02,2001-05-01,0.059,0,0,
P02,2001-06-01,0.06,0,0,
P02,2001-07-01,0.06,0,0,
P02,2001-08-01,0.061,0,0,
P02,2001-09-01,0.061,0,0,
P02,2001-10-01,0.062,0,0,
P02,2001-11-01,0.062,0,0,
P02,2001-12-01,0.062,0,0,
P02,2002-01-01,0.063,0,0,
P02,2002-02-01,0.063,0,0,
P02,2002-03-01,0.064,0,0,
P02,2002-04-01,0.064,0,0,
P02,2002-05-01,0.065,0,0,
P02,2002-06-01,0.065,0,0,
P02,2002-07-01,0.065,0,0,
P02,2002-08-01,0.066,0,0,
P02,2002-09-01,0.066,0,0,
P02,2002-10-01,0.067,0,0,
P02,2002-11-01,0.067,0,0,
P02,2002-12-01,0.068,0,0,
P02,2003-01-01,0.068,0,0,
P02,2003-02-01,0.068,0,0,
P02,2003-03-01,0.069,0,0,
P02,2003-04-01,0.069,0,0,
P02,2003-05-01,0.069,0,0,
P02,2003-06-01,0.07,0,0,
P02,2003-07-01,0.071,0,0,
P02,2003-08-01,0.071,0,0,
P02,2003-09-01,0.071,0,0,
P02,2003-10-01,0.072,0,0,
P02,2003-11-01,0.072,0,0,
P02,2003-12-01,0.073,0,0,
P02,2004-01-01,0.073,0,0,
P02,2004-02-01,0.074,0,0,
P02,2004-03-01,0.074,0,0,
P02,2004-04-01,0.074,0,0,
P02,2004-05-01,0.075,0,0,
P02,2004-06-01,0.075,0,0,
P02,2004-07-01,0.076,0,0,
P02,2004-08-01,0.076,0,0,
P02,2004-09-01,0.077,0,0,
P02,2004-10-01,0.077,0,0,
P02,2004-11-01,0.078,0,0,
P02,2004-12-01,0.078,0,0,
P02,2005-01-01,0.078,0,0,
P02,2005-02-01,0.079,0,0,
P02,2005-03-01,0.079,0,0,
P02,2005-04-01,0.08,0,0,
P02,2005-05-01,0.08,0,0,
P02,2005-06-01,0.081,0,0,
P02,2005-07-01,0.081,0,0,
P02,2005-08-01,0.081,0,0,
P02,2005-09-01,0.082,0,0,
P02,2005-10-01,0.082,0,0,
P02,2005-11-01,0.082,0,0,
P02,2005-12-01,0.083,0,0,
P02,2006-01-01,0.084,0,0,
P02,2006-02-01,0.084,0,0,
P02,2006-03-01,0.085,0,0,
P02,2006-04-01,0.085,0,0,
P02,2006-05-01,0.085,0,0,
P02,2006-06-01,0.086,0,0,
P02,2006-07-01,0.087,0,0,
P02,2006-08-01,0.086,0,0,
P02,2006-09-01,0.087,0,0,
P02,2006-10-01,0.088,0,0,
P02,2006-11-01,0.088,0,0,
P02,2006-12-01,0.088,0,0,
P02,2007-01-01,0.089,0,0,
P02,2007-02-01,0.089,0,0,
P02,2007-03-01,0.09,0,0,
P02,2007-04-01,0.117,0,0,
P02,2007-05-01,0.213,0,0,
P02,2007-06-01,0.318,0,0,
P02,2007-07-01,0.437,0,0,
P02,2007-08-01,0.51,0,0,
P02,2007-09-01,0.663,0,0,
P02,2007-10-01,0.691,0,0,
P02,2007-11-01,0.743,0,0,
P02,2007-12-01,0.658,0,0,
P02,2008-01-01,0.605,0,0,
P02,2008-02-01,0.701,0,0,
P02,2008-03-01,0.632,0,0,
P02,2008-04-01,0.757,0,0,
P02,2008-05-01,0.751,0,0,
P02,2008-06-01,0.896,0,0,
P02,2008-07-01,0.867,0,0,
P02,2008-08-01,0.691,0,0,
P02,2008-09-01,0.953,0,0,
P02,2008-10-01,1.005,0,0,
P02,2008-11-01,0.947,0,0,
P02,2008-12-01,0.886,0,0,
P02,2009-01-01,1.062,0,0,
P02,2009-02-01,1.221,0,0,
P02,2009-03-01,0.987,0,0,
P02,2009-04-01,1.141,0,0,
P02,2009-05-01,1.143,0,0,
P02,2009-06-01,1.221,0,0,
P02,2009-07-01,1.227,0,0,
P02,2009-08-01,1.186,0,0,
P02,2009-09-01,1.478,0,0,
P02,2009-10-01,1.431,0,0,
P02,2009-11-01,1.504,0,0,
P02,2009-12-01,1.496,0,0,
P02,2010-01-01,1.41,0,0,
P02,2010-02-01,2.025,0,0,
P02,2010-03-01,1.727,0,0,
P02,2010-04-01,1.966,0,0,
P02,2010-05-01,1.951,0,0,
P02,2010-06-01,2.197,0,0,
P02,2010-07-01,2.114,0,0,
P02,2010-08-01,2.202,0,0,
P02,2010-09-01,2.348,0,0,
P02,2010-10-01,2.188,0,0,
P02,2010-11-01,2.554,0,0,
P02,2010-12-01,2.412,0,0,
P02,2011-01-01,2.631,0.18,1.9,0.727
P02,2011-02-01,3,0.49,3.67,1.241
P02,2011-03-01,2.745,1.03,5.35,1.914
P02,2011-04-01,2.993,1.79,7.66,2.637
P02,2011-05-01,3.091,2.92,10.85,3.397
P02,2011-06-01,2.779,4.24,12.57,4.817
P02,2011-07-01,2.957,5.44,12.05,2.999
P02,2011-08-01,3.009,6.34,11.1,2.321
P02,2011-09-01,3.071,7,11.18,1.978
P02,2011-10-01,2.747,7.49,11.57,2.222
P02,2011-11-01,2.88,7.81,12.37,1.734
P02,2011-12-01,2.64,7.87,12.05,1.565
P02,2012-01-01,2.572,7.56,10.51,1.268
P02,2012-02-01,2.433,7.14,12.24,1.282
P02,2012-03-01,2.218,6.68,12.22,1.323
P02,2012-04-01,2.489,6.15,11.69,1.114
P02,2012-05-01,2.401,5.55,11.32,1.059
P02,2012-06-01,2.33,4.92,10.69,0.931
P02,2012-07-01,2.292,4.5,11.88,1.052
P02,2012-08-01,2.219,4.13,10.47,0.914
P02,2012-09-01,2.049,3.92,12.15,1.174
P02,2012-10-01,2.088,3.67,11.8,1.037
P02,2012-11-01,2.014,3.45,11.34,0.964
P02,2012-12-01,2.083,3.27,11.39,0.95
P02,2013-01-01,2.213,3.19,11.91,0.99
P02,2013-02-01,2.676,3.13,11.73,0.913
P02,2013-03-01,2.129,3.07,12.46,1.07
P02,2013-04-01,2.327,3.02,11.75,0.936
P02,2013-05-01,2.126,2.98,11.63,0.981
P02,2013-06-01,2.516,2.98,11.37,0.893
P02,2013-07-01,2.473,2.95,11,0.869
P02,2013-08-01,2.823,2.98,11.32,0.885
P02,2013-09-01,2.928,2.97,11.62,0.904
P02,2013-10-01,2.805,2.99,11.46,0.919
P02,2013-11-01,3.066,3.04,11.38,0.887
P02,2013-12-01,2.682,3.1,12.68,0.996
P02,2014-01-01,2.748,3.15,12.65,1.013
P02,2014-02-01,3.468,3.22,12.13,1.038
P02,2014-03-01,3.218,3.28,11.68,0.989
P02,2014-04-01,3.391,3.34,11.29,0.899
P02,2014-05-01,3.432,3.41,11.13,0.895
P02,2014-06-01,3.795,3.51,11.54,0.942
P02,2014-07-01,3.963,3.62,10.9,0.903
P02,2014-08-01,3.741,3.72,11.7,0.993
P02,2014-09-01,4.07,3.85,12.67,1.059
P02,2014-10-01,4.76,3.98,11.15,0.936
P02,2014-11-01,4.648,4.1,11.72,0.932
P02,2014-12-01,4.732,4.24,11.69,0.942
P02,2015-01-01,4.946,4.38,11.32,0.919
P02,2015-02-01,5.415,4.44,11.64,0.853
P02,2015-03-01,5.268,4.57,11.81,0.968
P02,2015-04-01,5.586,4.77,12.49,0.995
P02,2015-05-01,5.66,5.02,12.35,1.112
P02,2015-06-01,6.188,5.2,11.5,0.963
P02,2015-07-01,5.996,5.37,11.66,0.94
P02,2015-08-01,6.023,5.58,13.27,1.043
P02,2015-09-01,6.659,5.67,11.27,0.859
P02,2015-10-01,6.606,5.83,12.17,0.978
P02,2015-11-01,6.864,5.98,11.73,0.912
P02,2015-12-01,7.311,6.13,10.79,0.872
P02,2016-01-01,7.126,6.31,11.21,0.969
P02,2016-02-01,7.728,6.49,11.36,0.887
P02,2016-03-01,6.994,6.61,11.59,0.925
P02,2016-04-01,7.417,6.75,12.61,1.008
P02,2016-05-01,7.802,6.9,11.99,1.136
P02,2016-06-01,7.973,7.08,12.83,1.071
P02,2016-07-01,7.703,7.31,12.9,1.088
P02,2016-08-01,8.341,7.42,11.4,0.933
P02,2016-09-01,8.774,7.61,11.49,0.914
P02,2016-10-01,8.69,7.71,11.22,0.89
P02,2016-11-01,8.696,7.84,11.48,0.903
P02,2016-12-01,8.456,8.02,12.07,1.004
P02,2017-01-01,8.992,8.17,11.76,0.991
P02,2017-02-01,9.97,8.31,11.91,0.875
P02,2017-03-01,9.061,8.48,11.45,0.914
P02,2017-04-01,9.302,8.59,11.93,0.968
P02,2017-05-01,9.288,8.56,11.42,0.922
P02,2017-06-01,9.657,8.57,12.06,0.921
P02,2017-07-01,9.066,8.67,12.7,1.085
P02,2017-08-01,10.093,8.81,11.98,0.948
P02,2017-09-01,10.458,8.96,12.47,0.97
P02,2017-10-01,10.705,9.09,11.38,0.865
P02,2017-11-01,10.672,9.24,11.9,0.927
P02,2017-12-01,10.853,9.4,10.5,1
P02,2018-01-01,10.287,9.59,13.19,1.109
P02,2018-02-01,11.756,9.73,12.3,0.909
P02,2018-03-01,11.107,9.97,12.08,1.019
P02,2018-04-01,11.272,10.07,11.53,0.917
P02,2018-05-01,11.012,10.23,11.85,0.946
P02,2018-06-01,11.893,10.58,13,1.144
P02,2018-07-01,11.198,10.68,12.1,1.002
P02,2018-08-01,11.881,10.92,11.69,1.072
P02,2018-09-01,12.197,10.93,11.31,0.845
P02,2018-10-01,12.286,11.07,11.02,0.879
P02,2018-11-01,12.959,11.21,11.79,0.9
P02,2018-12-01,13.133,11.29,11.5,0.922
P02,2019-01-01,12.793,11.3,11.74,0.917
P02,2019-02-01,14.197,11.43,11.8,0.892
P02,2019-03-01,12.995,11.54,11.78,0.983
P02,2019-04-01,12.869,11.76,12.07,1.023
P02,2019-05-01,13.224,11.96,11.65,0.969
P02,2019-06-01,14.061,11.91,12.05,0.936
P02,2019-07-01,13.381,12,11.74,0.928
P02,2019-08-01,14.502,12.14,11.75,1.038
P02,2019-09-01,13.841,12.4,12.61,0.962
P02,2019-10-01,14.575,12.65,11.44,0.957
P02,2019-11-01,15.04,12.81,11.81,0.913
P02,2019-12-01,14.826,12.96,11.9,0.945
P02,2020-01-01,14.448,13.14,12.19,0.951
P02,2020-02-01,16.162,13.23,11.17,0.867
P02,2020-03-01,14.827,13.37,12.26,0.989
P02,2020-04-01,15.738,13.5,11.52,0.958
P02,2020-05-01,14.787,13.74,12.65,1.074
P02,2020-06-01,15.438,13.87,11.95,0.963
P02,2020-07-01,15.135,14.27,12.01,1.167
P02,2020-08-01,15.249,14.22,12.1,0.951
P02,2020-09-01,16.374,14.35,11.69,0.909
P02,2020-10-01,16.139,14.38,10.95,0.888
P02,2020-11-01,16.421,14.48,12.07,0.913
P02,2020-12-01,15.993,14.5,10.61,0.896
P02,2021-01-01,15.976,14.84,12.27,1.137
P02,2021-02-01,17.238,14.88,11.3,0.843
P02,2021-03-01,15.981,15.01,11.59,1.025
P02,2021-04-01,16.428,15.08,11.9,0.967
P02,2021-05-01,15.973,15.03,12.31,0.963
P02,2021-06-01,16.74,15.11,11.67,0.958
P02,2021-07-01,17.229,15.03,11.71,0.967
P02,2021-08-01,16.667,15.25,12.32,1.027
P02,2021-09-01,17.393,15.34,11.86,0.927
P02,2021-10-01,17.606,15.49,11.15,0.917
P02,2021-11-01,18.952,15.61,11.26,0.876
P02,2021-12-01,17.846,15.9,12.43,1.006
P02,2022-01-01,19.345,15.96,12.21,0.995
P02,2022-02-01,20.644,16.26,12.29,0.911
P02,2022-03-01,19.35,16.36,11,0.92
P02,2022-04-01,19.78,16.44,10.82,0.861
P02,2022-05-01,19.422,16.72,11.7,0.969
P02,2022-06-01,20.159,16.87,11.05,0.898
P02,2022-07-01,19.744,17.05,11.4,0.969
P02,2022-08-01,20.429,17.1,11.12,0.877
P02,2022-09-01,21.268,17.41,11.72,0.947
P02,2022-10-01,21.114,17.7,10.82,0.946
P02,2022-11-01,21.376,17.9,11.05,0.892
P02,2022-12-01,20.771,18.18,12.19,1.043
P02,2023-01-01,21.169,18.4,12.88,1.046
P02,2023-02-01,23.679,18.44,11.48,0.822
P02,2023-03-01,21.707,18.85,12.12,1.072
P02,2023-04-01,22.835,19.38,11.22,1.083
P02,2023-05-01,22.833,19.65,11.65,0.976
P02,2023-06-01,23.021,19.95,11.3,0.949
P02,2023-07-01,21.955,20.05,11.45,0.926
P02,2023-08-01,22.808,20.41,11.68,0.971
P02,2023-09-01,22.854,20.72,12.85,1.051
P02,2023-10-01,23.826,20.97,12.06,0.977
P02,2023-11-01,24.509,21.2,11.77,0.892
P02,2023-12-01,24.882,21.42,12.3,0.99
P02,2024-01-01,25.142,21.67,12.34,1.023
P02,2024-02-01,27.72,22.04,11.36,0.874
P02,2024-03-01,24.884,22,11.68,0.921
P02,2024-04-01,26.252,22.15,11.23,1.048
P02,2024-05-01,25.186,22.45,11.83,1.044
P02,2024-06-01,26.315,22.6,11.47,0.91
P02,2024-07-01,26.124,22.83,10.7,0.874
P02,2024-08-01,25.86,23.01,11.62,0.941
P02,2024-09-01,27.265,22.99,11.29,0.876
P02,2024-10-01,26.861,23.18,11.71,0.96
P02,2024-11-01,28.015,23.52,11.67,0.93
P02,2024-12-01,26.964,23.51,11.6,0.911
P02,2025-01-01,28,23.47,10.78,0.91
P02,2025-02-01,30.611,23.61,11.18,0.856
P02,2025-03-01,27.816,23.87,11.28,0.937
P02,2025-04-01,29.67,23.83,11.65,0.91
P02,2025-05-01,27.015,23.79,11.44,0.957
P02,2025-06-01,28.99,24.23,11.22,1.054
P02,2025-07-01,29.87,24.67,10.83,0.957
P02,2025-08-01,28.948,25.05,12.03,1.004
P02,2025-09-01,30.331,25.31,11.49,0.891
P02,2025-10-01,30.597,25.58,10.9,0.968
P02,2025-11-01,30.259,25.86,12.37,0.981
P02,2025-12-01,30.799,26.62,11.94,1.13
P02,2026-01-01,31.543,26.88,11.15,0.909
P02,2026-02-01,33.122,27.17,12.38,0.911
P02,2026-03-01,30.816,27.39,11.34,0.932
P02,2026-04-01,33.589,27.7,11.71,0.922
P02,2026-05-01,31.293,28.05,11.64,0.955
P02,2026-06-01,31.72,28.14,12.5,1
P02,2026-07-01,32.703,28.07,10.65,0.853
P02,2026-08-01,31.654,28.27,12.45,0.997
P03,2000-03-01,,,0,
P03,2000-04-01,,,0,
P03,2000-05-01,,,0,
P03,2000-06-01,0.055,0,0,
P03,2000-07-01,0.055,0,0,
P03,2000-08-01,0.056,0,0,
P03,2000-09-01,0.057,0,0,
P03,2000-10-01,0.057,0,0,
P03,2000-11-01,0.058,0,0,
P03,2000-12-01,0.056,0,0,
P03,2001-01-01,0.056,0,0,
P03,2001-02-01,0.057,0,0,
P03,2001-03-01,0.057,0,0,
P03,2001-04-01,0.058,0,0,
P03,2001-05-01,0.058,0,0,
P03,2001-06-01,0.059,0,0,
P03,2001-07-01,0.059,0,0,
P03,2001-08-01,0.059,0,0,
P03,2001-09-01,0.059,0,0,
P03,2001-10-01,0.06,0,0,
P03,2001-11-01,0.06,0,0,
P03,2001-12-01,0.06,0,0,
P03,2002-01-01,0.061,0,0,
P03,2002-02-01,0.062,0,0,
P03,2002-03-01,0.062,0,0,
P03,2002-04-01,0.063,0,0,
P03,2002-05-01,0.063,0,0,
P03,2002-06-01,0.063,0,0,
P03,2002-07-01,0.064,0,0,
P03,2002-08-01,0.064,0,0,
P03,2002-09-01,0.064,0,0,
P03,2002-10-01,0.065,0,0,
P03,2002-11-01,0.065,0,0,
P03,2002-12-01,0.066,0,0,
P03,2003-01-01,0.066,0,0,
P03,2003-02-01,0.066,0,0,
P03,2003-03-01,0.067,0,0,
P03,2003-04-01,0.067,0,0,
P03,2003-05-01,0.068,0,0,
P03,2003-06-01,0.068,0,0,
P03,2003-07-01,0.069,0,0,
P03,2003-08-01,0.069,0,0,
P03,2003-09-01,0.069,0,0,
P03,2003-10-01,0.07,0,0,
P03,2003-11-01,0.07,0,0,
P03,2003-12-01,0.071,0,0,
P03,2004-01-01,0.071,0,0,
P03,2004-02-01,0.072,0,0,
P03,2004-03-01,0.072,0,0,
P03,2004-04-01,0.072,0,0,
P03,2004-05-01,0.073,0,0,
P03,2004-06-01,0.073,0,0,
P03,2004-07-01,0.074,0,0,
P03,2004-08-01,0.074,0,0,
P03,2004-09-01,0.074,0,0,
P03,2004-10-01,0.075,0,0,
P03,2004-11-01,0.076,0,0,
P03,2004-12-01,0.076,0,0,
P03,2005-01-01,0.076,0,0,
P03,2005-02-01,0.077,0,0,
P03,2005-03-01,0.077,0,0,
P03,2005-04-01,0.078,0,0,
P03,2005-05-01,0.078,0,0,
P03,2005-06-01,0.078,0,0,
P03,2005-07-01,0.079,0,0,
P03,2005-08-01,0.079,0,0,
P03,2005-09-01,0.079,0,0,
P03,2005-10-01,0.08,0,0,
P03,2005-11-01,0.08,0,0,
P03,2005-12-01,0.081,0,0,
P03,2006-01-01,0.082,0,0,
P03,2006-02-01,0.082,0,0,
P03,2006-03-01,0.082,0,0,
P03,2006-04-01,0.083,0,0,
P03,2006-05-01,0.083,0,0,
P03,2006-06-01,0.083,0,0,
P03,2006-07-01,0.084,0,0,
P03,2006-08-01,0.084,0,0,
P03,2006-09-01,0.085,0,0,
P03,2006-10-01,0.085,0,0,
P03,2006-11-01,0.085,0,0,
P03,2006-12-01,0.086,0,0,
P03,2007-01-01,0.086,0,0,
P03,2007-02-01,0.086,0,0,
P03,2007-03-01,0.087,0,0,
P03,2007-04-01,0.096,0,0,
P03,2007-05-01,0.126,0,0,
P03,2007-06-01,0.162,0,0,
P03,2007-07-01,0.227,0,0,
P03,2007-08-01,0.269,0,0,
P03,2007-09-01,0.356,0,0,
P03,2007-10-01,0.419,0,0,
P03,2007-11-01,0.444,0,0,
P03,2007-12-01,0.425,0,0,
P03,2008-01-01,0.395,0,0,
P03,2008-02-01,0.467,0,0,
P03,2008-03-01,0.416,0,0,
P03,2008-04-01,0.615,0,0,
P03,2008-05-01,0.538,0,0,
P03,2008-06-01,0.749,0,0,
P03,2008-07-01,0.693,0,0,
P03,2008-08-01,0.634,0,0,
P03,2008-09-01,0.683,0,0,
P03,2008-10-01,0.676,0,0,
P03,2008-11-01,0.692,0,0,
P03,2008-12-01,0.638,0,0,
P03,2009-01-01,0.772,0,0,
P03,2009-02-01,0.864,0,0,
P03,2009-03-01,0.716,0,0,
P03,2009-04-01,0.817,0,0,
P03,2009-05-01,0.677,0,0,
P03,2009-06-01,0.739,0,0,
P03,2009-07-01,0.777,0,0,
P03,2009-08-01,0.729,0,0,
P03,2009-09-01,0.888,0,0,
P03,2009-10-01,0.922,0,0,
P03,2009-11-01,0.876,0,0,
P03,2009-12-01,0.872,0,0,
P03,2010-01-01,0.805,0,0,
P03,2010-02-01,1.17,0,0,
P03,2010-03-01,0.98,0,0,
P03,2010-04-01,1.141,0,0,
P03,2010-05-01,1.104,0,0,
P03,2010-06-01,1.159,0,0,
P03,2010-07-01,1.114,0,0,
P03,2010-08-01,1.147,0,0,
P03,2010-09-01,1.291,0,0,
P03,2010-10-01,1.163,0,0,
P03,2010-11-01,1.418,0,0,
P03,2010-12-01,1.267,0,0,
P03,2011-01-01,1.277,0,0,
P03,2011-02-01,1.595,0,0,
P03,2011-03-01,1.434,0,0,
P03,2011-04-01,1.636,0,0,
P03,2011-05-01,1.737,0,0,
P03,2011-06-01,1.658,0.28,1.54,1.291
P03,2011-07-01,1.873,0.84,3.04,2.222
P03,2011-08-01,2.079,1.64,4.35,2.869
P03,2011-09-01,2.399,2.72,6.24,3.461
P03,2011-10-01,2.44,3.97,7.59,3.699
P03,2011-11-01,2.712,5.33,9.4,3.733
P03,2011-12-01,2.232,6.36,9.24,3.142
P03,2012-01-01,1.983,6.92,9.35,2.695
P03,2012-02-01,1.68,6.98,10.29,2.187
P03,2012-03-01,1.472,6.73,9.28,1.845
P03,2012-04-01,1.575,6.34,8.9,1.487
P03,2012-05-01,1.461,6,8.98,1.478
P03,2012-06-01,1.32,5.54,9.37,1.365
P03,2012-07-01,1.32,5.09,8.67,1.262
P03,2012-08-01,1.189,4.62,9.16,1.229
P03,2012-09-01,1.222,4.2,8.88,1.196
P03,2012-10-01,1.063,3.81,9.59,1.295
P03,2012-11-01,1.057,3.47,10.28,1.331
P03,2012-12-01,1.078,3.15,9.13,1.127
P03,2013-01-01,1.013,2.92,9.63,1.206
P03,2013-02-01,1.392,2.73,8.19,0.937
P03,2013-03-01,0.999,2.61,9.47,1.215
P03,2013-04-01,1.094,2.51,8.85,1.076
P03,2013-05-01,0.913,2.43,9.82,1.24
P03,2013-06-01,1.115,2.37,9.07,1.072
P03,2013-07-01,1.165,2.34,9.36,1.146
P03,2013-08-01,1.435,2.34,8.82,1.067
P03,2013-09-01,1.544,2.34,8.92,1.045
P03,2013-10-01,1.517,2.35,9.06,1.139
P03,2013-11-01,1.596,2.35,8.98,1.111
P03,2013-12-01,1.452,2.38,9.44,1.088
P03,2014-01-01,1.394,2.41,9.96,1.203
P03,2014-02-01,1.591,2.48,9.86,1.296
P03,2014-03-01,1.737,2.53,9.04,1.126
P03,2014-04-01,1.678,2.6,10.12,1.21
P03,2014-05-01,1.756,2.67,9.68,1.142
P03,2014-06-01,2.172,2.77,9.52,1.141
P03,2014-07-01,2.324,2.85,8.83,1.072
P03,2014-08-01,2.263,2.94,9.8,1.206
P03,2014-09-01,2.557,3.03,8.93,1.112
P03,2014-10-01,2.78,3.1,8.34,1.039
P03,2014-11-01,2.597,3.19,9.77,1.165
P03,2014-12-01,2.754,3.32,8.99,1.139
P03,2015-01-01,2.684,3.44,9.66,1.153
P03,2015-02-01,2.953,3.51,10.34,1.123
P03,2015-03-01,3.056,3.61,8.83,1.076
P03,2015-04-01,3.521,3.74,9.12,1.086
P03,2015-05-01,3.294,3.91,9.42,1.219
P03,2015-06-01,3.852,4.02,8.7,1.068
P03,2015-07-01,3.553,4.13,9.35,1.104
P03,2015-08-01,3.617,4.22,9.35,1.103
P03,2015-09-01,4.24,4.33,8.95,1.038
P03,2015-10-01,4.033,4.47,9.34,1.16
P03,2015-11-01,4.362,4.59,9.05,1.092
P03,2015-12-01,4.561,4.7,8.63,1.029
P03,2016-01-01,4.266,4.87,9.26,1.244
P03,2016-02-01,4.738,5.01,9.22,1.098
P03,2016-03-01,4.403,5.16,9.26,1.111
P03,2016-04-01,4.571,5.27,9.6,1.151
P03,2016-05-01,5.105,5.34,8.26,1.002
P03,2016-06-01,5.157,5.43,8.53,1.045
P03,2016-07-01,4.802,5.54,9.21,1.096
P03,2016-08-01,5.062,5.67,8.93,1.083
P03,2016-09-01,5.247,5.74,8.86,1.019
P03,2016-10-01,5.078,5.76,8.62,0.994
P03,2016-11-01,5.002,5.78,9.31,1.014
P03,2016-12-01,4.537,5.81,10.09,1.113
P03,2017-01-01,5.067,5.78,8.53,1.014
P03,2017-02-01,5.526,5.75,8.87,0.894
P03,2017-03-01,4.81,5.74,9.3,1.026
P03,2017-04-01,5.207,5.74,8.68,1.029
P03,2017-05-01,4.648,5.74,9.39,1.096
P03,2017-06-01,4.888,5.69,8.79,0.969
P03,2017-07-01,4.49,5.69,10.27,1.163
P03,2017-08-01,4.946,5.65,9.28,1.006
P03,2017-09-01,5.274,5.65,9.11,1.016
P03,2017-10-01,5.277,5.64,8.76,0.951
P03,2017-11-01,6.027,5.69,8.75,0.973
P03,2017-12-01,5.629,5.71,8.73,0.967
P03,2018-01-01,5.36,5.78,9.52,1.124
P03,2018-02-01,5.843,5.86,9.58,1.02
P03,2018-03-01,5.725,5.93,8.92,1.023
P03,2018-04-01,5.612,5.98,9.84,1.057
P03,2018-05-01,5.748,6.05,9.3,1.06
P03,2018-06-01,6.164,6.15,8.46,0.985
P03,2018-07-01,5.824,6.23,9.72,1.077
P03,2018-08-01,5.766,6.38,9.31,1.179
P03,2018-09-01,6.114,6.46,10.11,1.04
P03,2018-10-01,6.231,6.59,9.27,1.037
P03,2018-11-01,7.381,6.71,9.57,1.041
P03,2018-12-01,7.316,6.86,9.03,1.01
P03,2019-01-01,8.18,7.09,9.76,1.22
P03,2019-02-01,8.109,7.22,9.48,0.976
P03,2019-03-01,7.426,7.37,9.32,1.044
P03,2019-04-01,8.574,7.67,9.86,1.212
P03,2019-05-01,7.966,7.86,9.52,1.068
P03,2019-06-01,8.669,8.06,8.95,1.005
P03,2019-07-01,8.236,8.29,9.9,1.096
P03,2019-08-01,8.256,8.57,9.4,1.339
P03,2019-09-01,8.758,8.87,10.08,1.092
P03,2019-10-01,8.879,9.15,9.57,1.072
P03,2019-11-01,9.338,9.28,9.36,0.994
P03,2019-12-01,9.204,9.45,9.2,1.009
P03,2020-01-01,9.177,9.46,9.96,1.118
P03,2020-02-01,10.23,9.64,9.34,1.002
P03,2020-03-01,9.801,9.83,9.08,1.013
P03,2020-04-01,9.886,9.8,9.22,1.036
P03,2020-05-01,9.569,9.98,9.59,1.121
P03,2020-06-01,10.03,10.21,9.45,1.18
P03,2020-07-01,9.22,10.38,9.42,1.193
P03,2020-08-01,9.606,10.33,10.02,1.101
P03,2020-09-01,10.872,10.4,9.08,0.973
P03,2020-10-01,10.404,10.52,9.55,1.064
P03,2020-11-01,11.829,10.79,9.1,1.117
P03,2020-12-01,10.776,10.94,9.47,1.022
P03,2021-01-01,10.483,11.08,8.98,1.164
P03,2021-02-01,11.458,11.34,10.82,1.205
P03,2021-03-01,10.715,11.45,9.13,1.045
P03,2021-04-01,11.369,11.51,9.15,0.971
P03,2021-05-01,11.017,11.52,9.24,0.992
P03,2021-06-01,11.22,11.54,9.78,1.091
P03,2021-07-01,11.825,11.58,8.66,0.988
P03,2021-08-01,11.318,11.67,9.22,1.034
P03,2021-09-01,11.782,11.83,9.49,1.066
P03,2021-10-01,11.951,11.93,9.35,1.027
P03,2021-11-01,12.678,11.9,9.61,1.011
P03,2021-12-01,11.666,12.07,10.15,1.116
P03,2022-01-01,12.509,12.07,9.33,0.99
P03,2022-02-01,12.927,11.95,9.75,0.961
P03,2022-03-01,11.121,12.07,10.29,1.136
P03,2022-04-01,11.514,12.05,8.97,0.934
P03,2022-05-01,11.186,12.14,9.41,1.071
P03,2022-06-01,10.932,11.99,9.36,0.968
P03,2022-07-01,9.693,11.82,9.31,1.014
P03,2022-08-01,10.199,11.64,8.91,0.953
P03,2022-09-01,9.661,11.32,9.19,0.925
P03,2022-10-01,8.53,10.9,9.32,0.928
P03,2022-11-01,8.954,10.61,9.84,1.002
P03,2022-12-01,8.936,10.25,9.18,0.954
P03,2023-01-01,8.649,9.84,8.82,0.86
P03,2023-02-01,9.942,9.53,9.26,0.798
P03,2023-03-01,8.518,9.21,8.82,0.962
P03,2023-04-01,8.562,9.05,9.49,0.974
P03,2023-05-01,7.898,8.68,8.8,0.869
P03,2023-06-01,8.188,8.53,9.85,0.997
P03,2023-07-01,8.019,8.37,9.71,0.955
P03,2023-08-01,8.081,8.22,9.46,0.938
P03,2023-09-01,8.518,8.19,9.9,0.979
P03,2023-10-01,7.713,8.04,8.92,0.831
P03,2023-11-01,8.008,7.91,9.9,0.899
P03,2023-12-01,8.6,7.82,9.02,0.858
P03,2024-01-01,7.823,7.8,9.29,0.912
P03,2024-02-01,9.423,7.73,8.32,0.741
P03,2024-03-01,8.48,7.66,9.16,0.87
P03,2024-04-01,7.996,7.56,8.94,0.88
P03,2024-05-01,8.052,7.64,9.14,0.965
P03,2024-06-01,9.546,7.64,9.15,0.874
P03,2024-07-01,8.624,7.64,9.03,0.901
P03,2024-08-01,9.205,7.73,9.6,0.961
P03,2024-09-01,9.333,7.78,9.92,0.986
P03,2024-10-01,9.106,7.96,9.07,0.93
P03,2024-11-01,10.116,8.05,8.6,0.842
P03,2024-12-01,9.243,8.16,9.79,0.933
P03,2025-01-01,9.287,8.32,9.5,0.985
P03,2025-02-01,9.732,8.43,9.21,0.85
P03,2025-03-01,9.361,8.6,10.06,1.001
P03,2025-04-01,9.484,8.67,8.49,0.824
P03,2025-05-01,9.467,8.81,9.98,1.015
P03,2025-06-01,9.5,8.98,9.93,1.11
P03,2025-07-01,9.917,9.08,8.98,0.907
P03,2025-08-01,10.728,9.13,9.43,0.887
P03,2025-09-01,11.652,9.17,9.16,0.864
P03,2025-10-01,11.698,9.32,8.96,0.911
P03,2025-11-01,11.747,9.46,9.61,0.889
P03,2025-12-01,11.378,9.63,8.76,0.955
P03,2026-01-01,12.788,9.74,8.64,0.854
P03,2026-02-01,13.169,9.93,9.04,0.826
P03,2026-03-01,12.497,10.17,9.76,1.027
P03,2026-04-01,13.38,10.46,8.48,0.841
P03,2026-05-01,14.231,10.83,9.33,1.116
P03,2026-06-01,13.084,10.94,9.68,0.928
P03,2026-07-01,12.753,11.24,9.73,0.976
P03,2026-08-01,13.504,11.57,9.91,0.988
P04,2000-03-01,,,0,
P04,2000-04-01,,,0,
P04,2000-05-01,,,0,
P04,2000-06-01,,,0,
P04,2000-07-01,0.052,0,0,
P04,2000-08-01,0.052,0,0,
P04,2000-09-01,0.053,0,0,
P04,2000-10-01,0.053,0,0,
P04,2000-11-01,0.055,0,0,
P04,2000-12-01,0.054,0,0,
P04,2001-01-01,0.054,0,0,
P04,2001-02-01,0.055,0,0,
P04,2001-03-01,0.055,0,0,
P04,2001-04-01,0.057,0,0,
P04,2001-05-01,0.056,0,0,
P04,2001-06-01,0.057,0,0,
P04,2001-07-01,0.057,0,0,
P04,2001-08-01,0.057,0,0,
P04,2001-09-01,0.058,0,0,
P04,2001-10-01,0.058,0,0,
P04,2001-11-01,0.059,0,0,
P04,2001-12-01,0.059,0,0,
P04,2002-01-01,0.06,0,0,
P04,2002-02-01,0.061,0,0,
P04,2002-03-01,0.061,0,0,
P04,2002-04-01,0.061,0,0,
P04,2002-05-01,0.062,0,0,
P04,2002-06-01,0.062,0,0,
P04,2002-07-01,0.063,0,0,
P04,2002-08-01,0.063,0,0,
P04,2002-09-01,0.063,0,0,
P04,2002-10-01,0.064,0,0,
P04,2002-11-01,0.063,0,0,
P04,2002-12-01,0.065,0,0,
P04,2003-01-01,0.065,0,0,
P04,2003-02-01,0.065,0,0,
P04,2003-03-01,0.065,0,0,
P04,2003-04-01,0.066,0,0,
P04,2003-05-01,0.067,0,0,
P04,2003-06-01,0.067,0,0,
P04,2003-07-01,0.067,0,0,
P04,2003-08-01,0.067,0,0,
P04,2003-09-01,0.067,0,0,
P04,2003-10-01,0.068,0,0,
P04,2003-11-01,0.069,0,0,
P04,2003-12-01,0.07,0,0,
P04,2004-01-01,0.069,0,0,
P04,2004-02-01,0.071,0,0,
P04,2004-03-01,0.071,0,0,
P04,2004-04-01,0.071,0,0,
P04,2004-05-01,0.072,0,0,
P04,2004-06-01,0.073,0,0,
P04,2004-07-01,0.072,0,0,
P04,2004-08-01,0.074,0,0,
P04,2004-09-01,0.074,0,0,
P04,2004-10-01,0.073,0,0,
P04,2004-11-01,0.075,0,0,
P04,2004-12-01,0.074,0,0,
P04,2005-01-01,0.075,0,0,
P04,2005-02-01,0.074,0,0,
P04,2005-03-01,0.076,0,0,
P04,2005-04-01,0.077,0,0,
P04,2005-05-01,0.077,0,0,
P04,2005-06-01,0.077,0,0,
P04,2005-07-01,0.079,0,0,
P04,2005-08-01,0.079,0,0,
P04,2005-09-01,0.079,0,0,
P04,2005-10-01,0.079,0,0,
P04,2005-11-01,0.08,0,0,
P04,2005-12-01,0.08,0,0,
P04,2006-01-01,0.081,0,0,
P04,2006-02-01,0.08,0,0,
P04,2006-03-01,0.08,0,0,
P04,2006-04-01,0.082,0,0,
P04,2006-05-01,0.081,0,0,
P04,2006-06-01,0.083,0,0,
P04,2006-07-01,0.083,0,0,
P04,2006-08-01,0.083,0,0,
P04,2006-09-01,0.083,0,0,
P04,2006-10-01,0.085,0,0,
P04,2006-11-01,0.084,0,0,
P04,2006-12-01,0.084,0,0,
P04,2007-01-01,0.086,0,0,
P04,2007-02-01,0.084,0,0,
P04,2007-03-01,0.086,0,0,
P04,2007-04-01,0.086,0,0,
P04,2007-05-01,0.087,0,0,
P04,2007-06-01,0.088,0,0,
P04,2007-07-01,0.087,0,0,
P04,2007-08-01,0.089,0,0,
P04,2007-09-01,0.088,0,0,
P04,2007-10-01,0.089,0,0,
P04,2007-11-01,0.091,0,0,
P04,2007-12-01,0.09,0,0,
P04,2008-01-01,0.09,0,0,
P04,2008-02-01,0.089,0,0,
P04,2008-03-01,0.09,0,0,
P04,2008-04-01,0.091,0,0,
P04,2008-05-01,0.091,0,0,
P04,2008-06-01,0.093,0,0,
P04,2008-07-01,0.091,0,0,
P04,2008-08-01,0.091,0,0,
P04,2008-09-01,0.094,0,0,
P04,2008-10-01,0.095,0,0,
P04,2008-11-01,0.093,0,0,
P04,2008-12-01,0.093,0,0,
P04,2009-01-01,0.094,0,0,
P04,2009-02-01,0.095,0,0,
P04,2009-03-01,0.097,0,0,
P04,2009-04-01,0.097,0,0,
P04,2009-05-01,0.097,0,0,
P04,2009-06-01,0.097,0,0,
P04,2009-07-01,0.097,0,0,
P04,2009-08-01,0.099,0,0,
P04,2009-09-01,0.097,0,0,
P04,2009-10-01,0.1,0,0,
P04,2009-11-01,0.099,0,0,
P04,2009-12-01,0.102,0,0,
P04,2010-01-01,0.101,0,0,
P04,2010-02-01,0.101,0,0,
P04,2010-03-01,0.102,0,0,
P04,2010-04-01,0.103,0,0,
P04,2010-05-01,0.099,0,0,
P04,2010-06-01,0.103,0,0,
P04,2010-07-01,0.101,0,0,
P04,2010-08-01,0.105,0,0,
P04,2010-09-01,0.104,0,0,
P04,2010-10-01,0.102,0,0,
P04,2010-11-01,0.106,0,0,
P04,2010-12-01,0.106,0,0,
P04,2011-01-01,0.107,0,0,
P04,2011-02-01,0.108,0,0,
P04,2011-03-01,0.105,0,0,
P04,2011-04-01,0.108,0,0,
P04,2011-05-01,0.105,0,0,
P04,2011-06-01,0.108,0,0,
P04,2011-07-01,0.107,0,0,
P04,2011-08-01,0.109,0,0,
P04,2011-09-01,0.126,0,0,
P04,2011-10-01,0.207,0,0,
P04,2011-11-01,0.411,0,0,
P04,2011-12-01,0.519,0,0,
P04,2012-01-01,0.541,0,0,
P04,2012-02-01,0.614,0,0,
P04,2012-03-01,0.64,0,0,
P04,2012-04-01,0.671,0,0,
P04,2012-05-01,0.669,0,0,
P04,2012-06-01,0.559,0,0,
P04,2012-07-01,0.581,0,0,
P04,2012-08-01,0.52,0,0,
P04,2012-09-01,0.552,0,0,
P04,2012-10-01,0.472,0,0,
P04,2012-11-01,0.468,0,0,
P04,2012-12-01,0.503,0,0,
P04,2013-01-01,0.461,0,0,
P04,2013-02-01,0.734,0,0,
P04,2013-03-01,0.449,0,0,
P04,2013-04-01,0.51,0,0,
P04,2013-05-01,0.385,0,0,
P04,2013-06-01,0.524,0,0,
P04,2013-07-01,0.53,0,0,
P04,2013-08-01,0.777,0,0,
P04,2013-09-01,0.866,0,0,
P04,2013-10-01,0.79,0,0,
P04,2013-11-01,0.869,0,0,
P04,2013-12-01,0.8,0,0,
P04,2014-01-01,0.747,0,0,
P04,2014-02-01,0.935,0,0,
P04,2014-03-01,0.958,0,0,
P04,2014-04-01,0.885,0,0,
P04,2014-05-01,0.964,0,0,
P04,2014-06-01,1.263,0,0,
P04,2014-07-01,1.385,0,0,
P04,2014-08-01,1.318,0,0,
P04,2014-09-01,1.576,0,0,
P04,2014-10-01,1.632,0,0,
P04,2014-11-01,1.471,0,0,
P04,2014-12-01,1.553,0,0,
P04,2015-01-01,1.517,0,0,
P04,2015-02-01,1.699,0,0,
P04,2015-03-01,1.794,0,0,
P04,2015-04-01,2.019,0,0,
P04,2015-05-01,1.984,0,0,
P04,2015-06-01,2.217,0,0,
P04,2015-07-01,2.08,0,0,
P04,2015-08-01,2.102,0,0,
P04,2015-09-01,2.387,0,0,
P04,2015-10-01,2.292,0,0,
P04,2015-11-01,2.461,0,0,
P04,2015-12-01,2.637,0,0,
P04,2016-01-01,2.43,0,0,
P04,2016-02-01,2.621,0,0,
P04,2016-03-01,2.568,0,0,
P04,2016-04-01,2.725,0,0,
P04,2016-05-01,3.02,0,0,
P04,2016-06-01,3.094,0,0,
P04,2016-07-01,2.728,0,0,
P04,2016-08-01,2.546,0,0,
P04,2016-09-01,2.465,0,0,
P04,2016-10-01,2.239,0,0,
P04,2016-11-01,2.232,0,0,
P04,2016-12-01,2.128,0,0,
P04,2017-01-01,2.043,0,0,
P04,2017-02-01,2.225,0,0,
P04,2017-03-01,1.94,0,0,
P04,2017-04-01,1.948,0,0,
P04,2017-05-01,1.538,0,0,
P04,2017-06-01,1.828,0,0,
P04,2017-07-01,1.796,0,0,
P04,2017-08-01,1.771,0,0,
P04,2017-09-01,1.783,0,0,
P04,2017-10-01,1.731,0,0,
P04,2017-11-01,2.325,0,0,
P04,2017-12-01,2.239,0,0,
P04,2018-01-01,2.213,0,0,
P04,2018-02-01,2.359,0,0,
P04,2018-03-01,2.37,0,0,
P04,2018-04-01,2.353,0,0,
P04,2018-05-01,2.194,0,0,
P04,2018-06-01,2.666,0,0,
P04,2018-07-01,2.285,0,0,
P04,2018-08-01,2.461,0,0,
P04,2018-09-01,2.625,0,0,
P04,2018-10-01,2.507,0,0,
P04,2018-11-01,3.348,0,0,
P04,2018-12-01,3.056,0,0,
P04,2019-01-01,3.167,0,0,
P04,2019-02-01,3.692,0,0,
P04,2019-03-01,3.501,0,0,
P04,2019-04-01,3.479,0,0,
P04,2019-05-01,3.801,0,0,
P04,2019-06-01,4.232,0,0,
P04,2019-07-01,4.182,0,0,
P04,2019-08-01,3.997,0,0,
P04,2019-09-01,4.529,0,0,
P04,2019-10-01,4.494,0,0,
P04,2019-11-01,4.755,0,0,
P04,2019-12-01,4.628,0,0,
P04,2020-01-01,4.648,0,0,
P04,2020-02-01,5.12,0,0,
P04,2020-03-01,5.107,0,0,
P04,2020-04-01,5.128,0,0,
P04,2020-05-01,5.173,0,0,
P04,2020-06-01,5.032,0,0,
P04,2020-07-01,5.31,0,0,
P04,2020-08-01,5.529,0,0,
P04,2020-09-01,5.947,0,0,
P04,2020-10-01,5.844,0,0,
P04,2020-11-01,5.902,0,0,
P04,2020-12-01,6.186,0,0,
P04,2021-01-01,5.992,0,0,
P04,2021-02-01,6.188,0,0,
P04,2021-03-01,6.224,0,0,
P04,2021-04-01,6.692,0,0,
P04,2021-05-01,6.326,0,0,
P04,2021-06-01,6.352,0.32,1.05,0.595
P04,2021-07-01,6.424,1.02,2.15,1.228
P04,2021-08-01,6.506,2,2.93,1.684
P04,2021-09-01,7.094,3.36,4.1,2.266
P04,2021-10-01,7.112,5.34,5.8,3.203
P04,2021-11-01,7.839,7.51,6.27,4.253
P04,2021-12-01,7.053,9.76,6.25,3.503
P04,2022-01-01,6.987,12.07,6.75,3.539
P04,2022-02-01,6.353,13.75,6.23,3.005
P04,2022-03-01,5.21,15.27,6.34,2.943
P04,2022-04-01,4.728,16.41,6.66,2.834
P04,2022-05-01,4.366,17.06,5.83,2.441
P04,2022-06-01,4.035,17.02,6.08,2.311
P04,2022-07-01,3.271,16.36,6.66,2.449
P04,2022-08-01,3.083,15.53,6.52,2.423
P04,2022-09-01,3.291,14.49,6.19,2.122
P04,2022-10-01,2.668,12.91,7.19,2.148
P04,2022-11-01,2.967,11.58,6.37,1.939
P04,2022-12-01,2.915,10.55,6.37,1.962
P04,2023-01-01,2.791,9.64,6.45,2.009
P04,2023-02-01,3.455,8.95,5.68,1.509
P04,2023-03-01,2.612,8.4,6.45,2.042
P04,2023-04-01,2.57,7.79,6.22,1.67
P04,2023-05-01,2.407,7.4,6.67,1.901
P04,2023-06-01,2.547,7.08,6.43,1.786
P04,2023-07-01,2.36,6.77,6.41,1.774
P04,2023-08-01,2.392,6.46,6.28,1.653
P04,2023-09-01,2.589,6.24,6.06,1.582
P04,2023-10-01,2.241,6.02,6.69,1.662
P04,2023-11-01,2.262,5.87,6.82,1.733
P04,2023-12-01,2.455,5.72,6,1.57
P04,2024-01-01,2.176,5.54,6.42,1.646
P04,2024-02-01,2.602,5.46,5.99,1.498
P04,2024-03-01,2.283,5.34,6.33,1.681
P04,2024-04-01,2.034,5.29,6.7,1.734
P04,2024-05-01,2.016,5.18,6.18,1.67
P04,2024-06-01,2.712,5.16,6.1,1.647
P04,2024-07-01,2.362,5.17,6.4,1.806
P04,2024-08-01,2.66,5.23,5.9,1.791
P04,2024-09-01,2.538,5.26,6.2,1.758
P04,2024-10-01,2.534,5.36,6.22,1.939
P04,2024-11-01,2.684,5.41,6,1.715
P04,2024-12-01,2.442,5.48,6.43,1.853
P04,2025-01-01,2.507,5.6,6.28,1.919
P04,2025-02-01,2.655,5.67,6.58,1.717
P04,2025-03-01,2.599,5.71,5.96,1.67
P04,2025-04-01,2.417,5.8,6.85,1.797
P04,2025-05-01,2.722,5.89,6.17,1.606
P04,2025-06-01,2.99,5.9,6.12,1.577
P04,2025-07-01,2.836,5.97,6.15,1.813
P04,2025-08-01,3.569,6.07,6.36,1.812
P04,2025-09-01,3.664,6.18,6.75,1.673
P04,2025-10-01,4.127,6.23,5.92,1.513
P04,2025-11-01,4.089,6.36,6.46,1.611
P04,2025-12-01,4.404,6.48,5.9,1.521
P04,2026-01-01,4.285,6.57,5.88,1.549
P04,2026-02-01,4.539,6.71,6.25,1.496
P04,2026-03-01,4.336,6.96,6,1.784
P04,2026-04-01,4.403,7.17,6.06,1.61
P04,2026-05-01,4.26,7.47,5.92,1.804
P04,2026-06-01,4.474,7.65,6.1,1.502
P04,2026-07-01,4.302,7.78,6.21,1.589
P04,2026-08-01,4.611,7.78,5.73,1.475
P05,2000-03-01,,,0,
P05,2000-04-01,,,0,
P05,2000-05-01,,,0,
P05,2000-06-01,,,0,
P05,2000-07-01,,,0,
P05,2000-08-01,,,0,
P05,2000-09-01,0.054,0,0,
P05,2000-10-01,0.054,0,0,
P05,2000-11-01,0.054,0,0,
P05,2000-12-01,0.055,0,0,
P05,2001-01-01,0.055,0,0,
P05,2001-02-01,0.055,0,0,
P05,2001-03-01,0.056,0,0,
P05,2001-04-01,0.056,0,0,
P05,2001-05-01,0.057,0,0,
P05,2001-06-01,0.057,0,0,
P05,2001-07-01,0.058,0,0,
P05,2001-08-01,0.058,0,0,
P05,2001-09-01,0.058,0,0,
P05,2001-10-01,0.059,0,0,
P05,2001-11-01,0.059,0,0,
P05,2001-12-01,0.06,0,0,
P05,2002-01-01,0.06,0,0,
P05,2002-02-01,0.061,0,0,
P05,2002-03-01,0.061,0,0,
P05,2002-04-01,0.062,0,0,
P05,2002-05-01,0.062,0,0,
P05,2002-06-01,0.062,0,0,
P05,2002-07-01,0.063,0,0,
P05,2002-08-01,0.063,0,0,
P05,2002-09-01,0.064,0,0,
P05,2002-10-01,0.064,0,0,
P05,2002-11-01,0.064,0,0,
P05,2002-12-01,0.065,0,0,
P05,2003-01-01,0.066,0,0,
P05,2003-02-01,0.066,0,0,
P05,2003-03-01,0.066,0,0,
P05,2003-04-01,0.067,0,0,
P05,2003-05-01,0.067,0,0,
P05,2003-06-01,0.067,0,0,
P05,2003-07-01,0.068,0,0,
P05,2003-08-01,0.068,0,0,
P05,2003-09-01,0.069,0,0,
P05,2003-10-01,0.069,0,0,
P05,2003-11-01,0.07,0,0,
P05,2003-12-01,0.07,0,0,
P05,2004-01-01,0.071,0,0,
P05,2004-02-01,0.071,0,0,
P05,2004-03-01,0.071,0,0,
P05,2004-04-01,0.071,0,0,
P05,2004-05-01,0.072,0,0,
P05,2004-06-01,0.072,0,0,
P05,2004-07-01,0.073,0,0,
P05,2004-08-01,0.073,0,0,
P05,2004-09-01,0.074,0,0,
P05,2004-10-01,0.074,0,0,
P05,2004-11-01,0.075,0,0,
P05,2004-12-01,0.075,0,0,
P05,2005-01-01,0.075,0,0,
P05,2005-02-01,0.076,0,0,
P05,2005-03-01,0.076,0,0,
P05,2005-04-01,0.077,0,0,
P05,2005-05-01,0.077,0,0,
P05,2005-06-01,0.077,0,0,
P05,2005-07-01,0.078,0,0,
P05,2005-08-01,0.078,0,0,
P05,2005-09-01,0.079,0,0,
P05,2005-10-01,0.079,0,0,
P05,2005-11-01,0.079,0,0,
P05,2005-12-01,0.08,0,0,
P05,2006-01-01,0.08,0,0,
P05,2006-02-01,0.081,0,0,
P05,2006-03-01,0.082,0,0,
P05,2006-04-01,0.082,0,0,
P05,2006-05-01,0.082,0,0,
P05,2006-06-01,0.083,0,0,
P05,2006-07-01,0.083,0,0,
P05,2006-08-01,0.083,0,0,
P05,2006-09-01,0.084,0,0,
P05,2006-10-01,0.084,0,0,
P05,2006-11-01,0.085,0,0,
P05,2006-12-01,0.086,0,0,
P05,2007-01-01,0.086,0.28,2,3.216
P05,2007-02-01,0.086,0.8,4.19,6.445
P05,2007-03-01,0.086,1.68,6.23,9.806
P05,2007-04-01,0.162,2.83,8.19,13.139
P05,2007-05-01,0.427,4.27,10.09,11.707
P05,2007-06-01,0.668,5.73,12.68,7.984
P05,2007-07-01,0.742,6.53,12.08,4.674
P05,2007-08-01,0.734,6.7,13.22,3.358
P05,2007-09-01,0.811,6.45,13.25,2.469
P05,2007-10-01,0.801,6.05,13.06,2.114
P05,2007-11-01,0.878,5.63,12.18,1.696
P05,2007-12-01,0.752,5.24,12.52,1.717
P05,2008-01-01,0.672,4.83,12.99,1.69
P05,2008-02-01,0.745,4.44,12.62,1.507
P05,2008-03-01,0.675,4.02,11.7,1.392
P05,2008-04-01,0.552,3.66,13.89,1.637
P05,2008-05-01,0.656,3.33,11.82,1.422
P05,2008-06-01,0.665,3.06,11.94,1.52
P05,2008-07-01,0.586,2.84,12.09,1.482
P05,2008-08-01,0.436,2.64,13.25,1.528
P05,2008-09-01,0.801,2.54,12.66,1.428
P05,2008-10-01,0.876,2.47,11.82,1.339
P05,2008-11-01,0.794,2.43,13.02,1.466
P05,2008-12-01,0.788,2.4,12.83,1.412
P05,2009-01-01,0.885,2.38,12.61,1.349
P05,2009-02-01,1.085,2.37,12.25,1.216
P05,2009-03-01,0.802,2.41,13.27,1.618
P05,2009-04-01,1.017,2.43,12.62,1.387
P05,2009-05-01,1.314,2.47,11.47,1.31
P05,2009-06-01,1.32,2.51,12.25,1.372
P05,2009-07-01,1.303,2.59,12.41,1.544
P05,2009-08-01,1.387,2.68,11.95,1.399
P05,2009-09-01,1.567,2.75,12.08,1.378
P05,2009-10-01,1.499,2.83,12.25,1.457
P05,2009-11-01,1.774,2.89,11.45,1.296
P05,2009-12-01,1.828,3.01,11.68,1.457
P05,2010-01-01,1.662,3.13,13.12,1.499
P05,2010-02-01,2.288,3.25,12.34,1.288
P05,2010-03-01,1.954,3.38,13.05,1.558
P05,2010-04-01,2.249,3.53,12.62,1.467
P05,2010-05-01,2.178,3.69,13.51,1.578
P05,2010-06-01,2.594,3.81,12.59,1.325
P05,2010-07-01,2.608,3.9,12.07,1.351
P05,2010-08-01,2.773,4.03,11.88,1.309
P05,2010-09-01,2.901,4.17,12.07,1.377
P05,2010-10-01,2.903,4.31,11.88,1.433
P05,2010-11-01,3.089,4.47,11.78,1.393
P05,2010-12-01,3.006,4.58,11.76,1.419
P05,2011-01-01,3.014,4.75,12.73,1.493
P05,2011-02-01,3.54,4.89,12.57,1.358
P05,2011-03-01,3.227,5.06,12.33,1.685
P05,2011-04-01,3.522,5.18,12.38,1.402
P05,2011-05-01,3.259,5.32,14.31,1.566
P05,2011-06-01,3.795,5.51,12.82,1.546
P05,2011-07-01,4.019,5.65,11.29,1.287
P05,2011-08-01,3.66,5.77,12.97,1.35
P05,2011-09-01,4.055,5.8,11.94,1.135
P05,2011-10-01,3.529,5.88,13.28,1.451
P05,2011-11-01,3.586,5.89,13.4,1.275
P05,2011-12-01,3.513,5.85,12.51,1.196
P05,2012-01-01,3.608,5.69,11.2,0.955
P05,2012-02-01,3.57,5.51,11.63,0.926
P05,2012-03-01,3.257,5.3,11.86,1.057
P05,2012-04-01,3.245,5.14,12.67,1.045
P05,2012-05-01,3.162,4.95,12.77,1.078
P05,2012-06-01,3.44,4.74,11.49,0.938
P05,2012-07-01,3.306,4.62,12.92,1.062
P05,2012-08-01,3.271,4.53,12.85,1.141
P05,2012-09-01,3.204,4.51,13.73,1.279
P05,2012-10-01,3.442,4.39,12.74,1.051
P05,2012-11-01,3.286,4.25,11.96,0.92
P05,2012-12-01,3.375,4.21,12.82,1.068
P05,2013-01-01,3.849,4.24,12.19,0.991
P05,2013-02-01,4.188,4.27,12.04,0.892
P05,2013-03-01,3.693,4.28,12.3,1.004
P05,2013-04-01,3.808,4.31,12.78,1.016
P05,2013-05-01,3.665,4.35,13.48,1.071
P05,2013-06-01,4.422,4.41,11.63,0.909
P05,2013-07-01,4.127,4.48,13.4,1.069
P05,2013-08-01,4.661,4.54,12.72,1.021
P05,2013-09-01,4.903,4.56,12.75,1
P05,2013-10-01,4.896,4.64,11.99,0.984
P05,2013-11-01,5.225,4.79,12.33,0.94
P05,2013-12-01,4.864,4.9,12.33,1.034
P05,2014-01-01,4.936,4.96,12.03,0.948
P05,2014-02-01,5.767,5.1,12.74,1
P05,2014-03-01,5.406,5.2,10.61,0.93
P05,2014-04-01,5.774,5.31,11.67,0.94
P05,2014-05-01,5.57,5.5,13.11,1.136
P05,2014-06-01,6.023,5.65,11.64,0.985
P05,2014-07-01,5.93,5.8,12.83,1.065
P05,2014-08-01,5.87,5.96,13.26,1.157
P05,2014-09-01,6.634,6.11,12.6,1.052
P05,2014-10-01,6.851,6.23,11.66,0.941
P05,2014-11-01,6.966,6.4,12.57,1.015
P05,2014-12-01,6.775,6.61,13.5,1.129
P05,2015-01-01,7.316,6.89,13.32,1.089
P05,2015-02-01,7.881,7.05,14.03,1.016
P05,2015-03-01,7.561,7.26,11.97,1.005
P05,2015-04-01,7.796,7.47,12.74,1.035
P05,2015-05-01,8.061,7.61,12.27,1.032
P05,2015-06-01,8.393,7.77,11.33,0.968
P05,2015-07-01,7.952,7.9,12.36,0.995
P05,2015-08-01,8.117,8.01,12.2,1.012
P05,2015-09-01,8.229,8.15,13.78,1.084
P05,2015-10-01,8.729,8.39,12.55,1.073
P05,2015-11-01,8.775,8.52,12.83,0.998
P05,2015-12-01,9.072,8.66,12.93,1.063
P05,2016-01-01,9.339,8.74,11.88,0.974
P05,2016-02-01,10.341,8.83,11.99,0.905
P05,2016-03-01,9.008,9,13.11,1.082
P05,2016-04-01,9.869,9.12,12.58,0.977
P05,2016-05-01,9.582,9.31,13.81,1.137
P05,2016-06-01,10.41,9.43,12.37,0.93
P05,2016-07-01,9.945,9.69,13.19,1.129
P05,2016-08-01,9.866,9.83,12.73,1.012
P05,2016-09-01,9.364,9.81,12.11,0.933
P05,2016-10-01,8.565,9.72,12.59,0.983
P05,2016-11-01,7.988,9.55,12.76,0.902
P05,2016-12-01,7.441,9.25,12.39,0.908
P05,2017-01-01,7.068,9.01,12.66,0.945
P05,2017-02-01,7.731,8.76,12.78,0.844
P05,2017-03-01,6.621,8.42,12.14,0.907
P05,2017-04-01,6.706,8.15,12.33,0.937
P05,2017-05-01,6.631,7.75,12.94,0.887
P05,2017-06-01,6.408,7.4,12.1,0.816
P05,2017-07-01,6.099,7.09,12.93,0.986
P05,2017-08-01,5.891,6.73,11.8,0.83
P05,2017-09-01,6.004,6.47,12.95,0.837
P05,2017-10-01,5.689,6.23,12.57,0.872
P05,2017-11-01,5.445,6.05,12.21,0.872
P05,2017-12-01,5.242,5.89,11.86,0.878
P05,2018-01-01,5.231,5.74,12.57,0.9
P05,2018-02-01,6.276,5.62,12.47,0.768
P05,2018-03-01,5.638,5.52,11.41,0.826
P05,2018-04-01,5.825,5.43,11.82,0.838
P05,2018-05-01,5.1,5.33,12.4,0.889
P05,2018-06-01,5.578,5.3,12.47,0.863
P05,2018-07-01,5.538,5.27,13.57,0.986
P05,2018-08-01,6.152,5.28,11.26,0.812
P05,2018-09-01,6.693,5.31,12.74,0.829
P05,2018-10-01,6.107,5.35,13.3,0.882
P05,2018-11-01,6.801,5.39,11.89,0.806
P05,2018-12-01,7.2,5.5,12.59,0.851
P05,2019-01-01,7.851,5.63,12.42,0.865
P05,2019-02-01,8.32,5.76,12.74,0.815
P05,2019-03-01,7.871,5.97,12.76,0.996
P05,2019-04-01,8.012,6.16,12.57,0.95
P05,2019-05-01,8.547,6.5,13.36,1.108
P05,2019-06-01,9.376,6.76,13.06,0.879
P05,2019-07-01,9.112,6.97,12.99,0.925
P05,2019-08-01,9.809,7.24,12.12,0.856
P05,2019-09-01,9.332,7.43,12.32,0.828
P05,2019-10-01,9.963,7.7,11.82,0.843
P05,2019-11-01,9.937,7.92,12.06,0.782
P05,2019-12-01,10.546,8.12,11.4,0.799
P05,2020-01-01,10.301,8.25,11.77,0.806
P05,2020-02-01,11.838,8.49,11.49,0.869
P05,2020-03-01,10.111,8.55,12.1,0.867
P05,2020-04-01,10.767,8.69,12.77,0.886
P05,2020-05-01,10.289,8.67,12.68,0.914
P05,2020-06-01,11.061,8.73,12.64,0.826
P05,2020-07-01,10.853,8.78,11.32,0.84
P05,2020-08-01,11.328,8.85,12.07,0.83
P05,2020-09-01,12.258,9.05,12.17,0.839
P05,2020-10-01,11.389,9.16,12.14,0.868
P05,2020-11-01,11.509,9.41,12.25,0.941
P05,2020-12-01,11.938,9.55,11.61,0.851
P05,2021-01-01,12.591,9.84,12.09,0.977
P05,2021-02-01,13.235,9.91,12.37,0.857
P05,2021-03-01,12.703,10.06,11.76,0.841
P05,2021-04-01,12.882,10.22,12.74,0.909
P05,2021-05-01,12.706,10.38,12.62,0.901
P05,2021-06-01,12.902,10.6,13.18,0.912
P05,2021-07-01,13.304,10.9,12.9,0.97
P05,2021-08-01,13.573,11.23,13.67,0.982
P05,2021-09-01,13.682,11.4,13.96,0.906
P05,2021-10-01,14.26,11.76,12.83,1.036
P05,2021-11-01,15.138,11.81,11.19,0.761
P05,2021-12-01,14.963,12.07,12.53,0.903
P05,2022-01-01,14.776,12.11,12.17,0.87
P05,2022-02-01,15.528,12.29,13.65,0.895
P05,2022-03-01,15.101,12.47,11.71,0.853
P05,2022-04-01,14.792,12.61,11.32,0.925
P05,2022-05-01,14.464,12.75,12.54,0.898
P05,2022-06-01,15.507,12.95,12.88,0.924
P05,2022-07-01,15.247,13.02,12.48,0.916
P05,2022-08-01,14.979,13.07,13.16,0.933
P05,2022-09-01,16.249,13.18,11.67,0.848
P05,2022-10-01,14.913,13.07,12.55,0.894
P05,2022-11-01,17.311,13.34,12.41,0.871
P05,2022-12-01,16.355,13.43,13.05,0.895
P05,2023-01-01,17.226,13.54,11.9,0.832
P05,2023-02-01,18.236,13.64,13.09,0.846
P05,2023-03-01,16.967,13.88,12.97,0.943
P05,2023-04-01,17.919,14.04,12.68,0.897
P05,2023-05-01,17.596,14.21,11.86,0.856
P05,2023-06-01,17.59,14.51,13.12,1.08
P05,2023-07-01,17.431,14.68,13.43,0.927
P05,2023-08-01,18.415,14.88,13.07,0.895
P05,2023-09-01,18.9,15.12,12.77,0.901
P05,2023-10-01,18.496,15.33,12.14,0.847
P05,2023-11-01,18.986,15.37,12.57,0.828
P05,2023-12-01,19.5,15.52,12.51,0.845
P05,2024-01-01,19.357,15.74,12.79,0.877
P05,2024-02-01,21.001,15.84,11.47,0.807
P05,2024-03-01,19.491,15.91,12.8,0.87
P05,2024-04-01,19.794,15.91,11.88,0.815
P05,2024-05-01,19.788,16.11,11.76,0.894
P05,2024-06-01,20.092,15.98,12.48,0.862
P05,2024-07-01,19.555,16.14,13.02,0.931
P05,2024-08-01,20.943,16.34,12.97,0.914
P05,2024-09-01,21.796,16.35,12.13,0.796
P05,2024-10-01,20.737,16.59,13.58,0.894
P05,2024-11-01,21.493,16.91,13.3,0.928
P05,2024-12-01,21.831,17.19,12.89,0.923
P05,2025-01-01,22.43,17.46,13.14,0.92
P05,2025-02-01,24.726,17.83,12.65,0.929
P05,2025-03-01,22.216,17.97,12.09,0.838
P05,2025-04-01,22.388,18.08,11.13,0.772
P05,2025-05-01,21.144,18.22,13.66,0.919
P05,2025-06-01,22.518,18.62,13.83,1.008
P05,2025-07-01,21.843,18.69,12.27,0.869
P05,2025-08-01,23.228,18.87,13.05,0.931
P05,2025-09-01,23.519,18.97,12.32,0.79
P05,2025-10-01,23.131,19.06,12.43,0.842
P05,2025-11-01,23.942,19.2,13.21,0.919
P05,2025-12-01,23.164,19.23,12.87,0.884
P05,2026-01-01,25.716,19.36,12.23,0.885
P05,2026-02-01,27.447,19.33,12.9,0.822
P05,2026-03-01,25.635,19.67,12.95,0.898
P05,2026-04-01,27.253,19.99,11.52,0.791
P05,2026-05-01,25.139,20.29,13.3,0.917
P05,2026-06-01,26.196,20.34,12.93,0.908
P05,2026-07-01,26.992,20.65,11.85,0.845
P05,2026-08-01,26.409,20.73,13.44,0.862
P06,2000-03-01,,,0,
P06,2000-04-01,,,0,
P06,2000-05-01,,,0,
P06,2000-06-01,,,0,
P06,2000-07-01,,,0,
P06,2000-08-01,,,0,
P06,2000-09-01,,,0,
P06,2000-10-01,,,0,
P06,2000-11-01,0.054,0,0,
P06,2000-12-01,0.055,0,0,
P06,2001-01-01,0.055,0,0,
P06,2001-02-01,0.055,0,0,
P06,2001-03-01,0.056,0,0,
P06,2001-04-01,0.056,0,0,
P06,2001-05-01,0.058,0,0,
P06,2001-06-01,0.058,0,0,
P06,2001-07-01,0.058,0,0,
P06,2001-08-01,0.059,0,0,
P06,2001-09-01,0.059,0,0,
P06,2001-10-01,0.059,0,0,
P06,2001-11-01,0.06,0,0,
P06,2001-12-01,0.061,0,0,
P06,2002-01-01,0.061,0,0,
P06,2002-02-01,0.061,0,0,
P06,2002-03-01,0.062,0,0,
P06,2002-04-01,0.062,0,0,
P06,2002-05-01,0.062,0,0,
P06,2002-06-01,0.063,0,0,
P06,2002-07-01,0.064,0,0,
P06,2002-08-01,0.063,0,0,
P06,2002-09-01,0.064,0,0,
P06,2002-10-01,0.065,0,0,
P06,2002-11-01,0.065,0,0,
P06,2002-12-01,0.066,0,0,
P06,2003-01-01,0.066,0,0,
P06,2003-02-01,0.066,0,0,
P06,2003-03-01,0.067,0,0,
P06,2003-04-01,0.067,0,0,
P06,2003-05-01,0.068,0,0,
P06,2003-06-01,0.068,0,0,
P06,2003-07-01,0.068,0,0,
P06,2003-08-01,0.069,0,0,
P06,2003-09-01,0.069,0,0,
P06,2003-10-01,0.07,0,0,
P06,2003-11-01,0.07,0,0,
P06,2003-12-01,0.071,0,0,
P06,2004-01-01,0.071,0,0,
P06,2004-02-01,0.072,0,0,
P06,2004-03-01,0.072,0,0,
P06,2004-04-01,0.072,0,0,
P06,2004-05-01,0.073,0,0,
P06,2004-06-01,0.073,0,0,
P06,2004-07-01,0.073,0,0,
P06,2004-08-01,0.074,0,0,
P06,2004-09-01,0.075,0,0,
P06,2004-10-01,0.075,0,0,
P06,2004-11-01,0.075,0,0,
P06,2004-12-01,0.076,0,0,
P06,2005-01-01,0.076,0,0,
P06,2005-02-01,0.076,0,0,
P06,2005-03-01,0.077,0,0,
P06,2005-04-01,0.077,0,0,
P06,2005-05-01,0.078,0,0,
P06,2005-06-01,0.078,0,0,
P06,2005-07-01,0.079,0,0,
P06,2005-08-01,0.079,0,0,
P06,2005-09-01,0.079,0,0,
P06,2005-10-01,0.08,0,0,
P06,2005-11-01,0.08,0,0,
P06,2005-12-01,0.081,0,0,
P06,2006-01-01,0.081,0,0,
P06,2006-02-01,0.081,0,0,
P06,2006-03-01,0.082,0,0,
P06,2006-04-01,0.082,0,0,
P06,2006-05-01,0.083,0,0,
P06,2006-06-01,0.083,0,0,
P06,2006-07-01,0.084,0,0,
P06,2006-08-01,0.084,0,0,
P06,2006-09-01,0.085,0,0,
P06,2006-10-01,0.085,0,0,
P06,2006-11-01,0.086,0,0,
P06,2006-12-01,0.086,0,0,
P06,2007-01-01,0.086,0.28,2.27,3.438
P06,2007-02-01,0.087,0.83,4.79,6.909
P06,2007-03-01,0.087,1.69,6.58,10.162
P06,2007-04-01,0.148,2.86,9.12,13.609
P06,2007-05-01,0.327,4.47,12.62,12.821
P06,2007-06-01,0.46,5.9,14.42,8.487
P06,2007-07-01,0.59,6.81,13.84,5.557
P06,2007-08-01,0.647,7.23,15.62,4.245
P06,2007-09-01,0.803,7.13,13.78,2.882
P06,2007-10-01,0.814,6.92,13.71,2.607
P06,2007-11-01,0.875,6.65,13.57,2.278
P06,2007-12-01,0.761,6.32,14.06,2.17
P06,2008-01-01,0.699,5.96,14.47,2.268
P06,2008-02-01,0.804,5.57,13.37,1.933
P06,2008-03-01,0.712,5.12,13.15,1.848
P06,2008-04-01,0.851,4.75,13.41,1.907
P06,2008-05-01,0.873,4.44,15,2.248
P06,2008-06-01,1.049,4.19,13.4,2.123
P06,2008-07-01,0.975,3.96,12.52,1.844
P06,2008-08-01,0.774,3.78,15.5,2.15
P06,2008-09-01,1.09,3.73,14.45,2.009
P06,2008-10-01,1.158,3.68,13.67,1.886
P06,2008-11-01,1.073,3.68,14.95,2.052
P06,2008-12-01,0.999,3.72,16.21,2.122
P06,2009-01-01,1.214,3.73,14.07,1.825
P06,2009-02-01,1.393,3.77,14.3,1.712
P06,2009-03-01,1.134,3.87,14.09,2.015
P06,2009-04-01,1.309,3.91,13.74,1.749
P06,2009-05-01,1.308,3.95,15.38,2.089
P06,2009-06-01,1.38,3.97,14.67,1.958
P06,2009-07-01,1.431,4.05,13.34,1.979
P06,2009-08-01,1.347,4.15,15.96,2.136
P06,2009-09-01,1.743,4.19,13.26,1.735
P06,2009-10-01,1.67,4.24,13.44,1.821
P06,2009-11-01,1.757,4.31,14.14,1.896
P06,2009-12-01,1.791,4.4,13.5,2.015
P06,2010-01-01,1.632,4.52,15.33,2.104
P06,2010-02-01,2.421,4.66,13.81,1.782
P06,2010-03-01,2.053,4.81,15.06,2.102
P06,2010-04-01,2.367,5.01,14.41,2.016
P06,2010-05-01,2.337,5.15,14.37,2.022
P06,2010-06-01,2.673,5.3,14.01,1.852
P06,2010-07-01,2.587,5.45,14.43,1.918
P06,2010-08-01,2.711,5.64,14.85,1.999
P06,2010-09-01,2.892,5.87,14.56,2.053
P06,2010-10-01,2.893,6.16,14.41,2.263
P06,2010-11-01,3.134,6.37,13.93,1.909
P06,2010-12-01,3.008,6.56,14.59,2.03
P06,2011-01-01,3.327,6.81,13.39,1.951
P06,2011-02-01,3.816,7.01,14.48,1.844
P06,2011-03-01,3.424,7.34,15.29,2.573
P06,2011-04-01,3.772,7.54,14.81,2.01
P06,2011-05-01,3.785,7.69,13.53,1.754
P06,2011-06-01,3.951,8.01,15.07,2.297
P06,2011-07-01,4.16,8.25,14.03,1.849
P06,2011-08-01,4.136,8.31,13.35,1.553
P06,2011-09-01,4.361,8.29,12.99,1.45
P06,2011-10-01,3.779,8.43,16.71,2.212
P06,2011-11-01,3.929,8.29,13.2,1.342
P06,2011-12-01,3.341,8.08,15.16,1.489
P06,2012-01-01,3.092,7.65,14.49,1.251
P06,2012-02-01,3.024,7.11,14.03,1.068
P06,2012-03-01,2.602,6.44,13.78,1.103
P06,2012-04-01,2.558,5.97,15.6,1.198
P06,2012-05-01,2.489,5.53,14.89,1.082
P06,2012-06-01,2.389,4.96,13.06,0.878
P06,2012-07-01,2.275,4.53,13.11,0.916
P06,2012-08-01,2.105,4.21,14.41,1.026
P06,2012-09-01,2.084,3.98,14.19,1.08
P06,2012-10-01,2.168,3.63,13.67,0.937
P06,2012-11-01,2.163,3.45,14.34,0.96
P06,2012-12-01,1.994,3.22,13.06,0.881
P06,2013-01-01,2.2,3.11,14.37,0.962
P06,2013-02-01,2.695,3.05,13.9,0.892
P06,2013-03-01,2.222,2.99,14.42,0.948
P06,2013-04-01,2.273,2.9,13.86,0.897
P06,2013-05-01,2.461,2.9,14.01,1.091
P06,2013-06-01,2.617,2.93,14.3,0.95
P06,2013-07-01,2.484,2.95,14.21,0.916
P06,2013-08-01,2.817,2.97,14.43,0.942
P06,2013-09-01,3.138,3.01,14.24,0.968
P06,2013-10-01,3.065,3.08,14.15,0.967
P06,2013-11-01,3.442,3.13,13.36,0.859
P06,2013-12-01,3.156,3.23,13.95,0.925
P06,2014-01-01,3.201,3.32,14.86,0.993
P06,2014-02-01,3.664,3.36,13.26,0.857
P06,2014-03-01,3.505,3.47,13.94,0.979
P06,2014-04-01,3.695,3.57,13.19,0.882
P06,2014-05-01,3.764,3.6,13.34,0.898
P06,2014-06-01,4.066,3.68,12.99,0.882
P06,2014-07-01,4.135,3.81,13.48,0.915
P06,2014-08-01,4.452,3.96,13.97,1.078
P06,2014-09-01,4.572,4.06,14.55,1.003
P06,2014-10-01,5.218,4.24,14.31,1.143
P06,2014-11-01,4.934,4.39,14.74,0.98
P06,2014-12-01,5.031,4.54,14.08,0.941
P06,2015-01-01,5.195,4.68,14.19,0.954
P06,2015-02-01,5.873,4.82,14,0.834
P06,2015-03-01,5.501,4.95,13.96,0.939
P06,2015-04-01,5.811,5.18,15.66,1.028
P06,2015-05-01,6.016,5.39,13.75,0.969
P06,2015-06-01,6.085,5.58,14.9,0.962
P06,2015-07-01,5.997,5.76,14.39,0.966
P06,2015-08-01,6.066,5.83,14.62,0.974
P06,2015-09-01,6.906,5.96,14.88,0.905
P06,2015-10-01,6.96,5.99,14.14,0.965
P06,2015-11-01,7.044,6.11,14.49,0.923
P06,2015-12-01,7.246,6.25,13.79,0.911
P06,2016-01-01,7.084,6.39,13.63,0.944
P06,2016-02-01,8.03,6.57,14.34,0.913
P06,2016-03-01,7.002,6.7,14.55,0.962
P06,2016-04-01,7.817,6.75,13.39,0.868
P06,2016-05-01,7.885,6.82,13.04,0.867
P06,2016-06-01,8.3,6.94,14.42,0.91
P06,2016-07-01,8.492,7.22,14.55,1.191
P06,2016-08-01,8.287,7.38,13.77,0.952
P06,2016-09-01,8.615,7.47,13.29,0.854
P06,2016-10-01,8.252,7.51,13.81,0.889
P06,2016-11-01,8.457,7.59,14.25,0.891
P06,2016-12-01,7.993,7.64,13.26,0.896
P06,2017-01-01,8.04,7.66,13.35,0.864
P06,2017-02-01,9.176,7.64,13.31,0.786
P06,2017-03-01,7.81,7.62,13.63,0.852
P06,2017-04-01,8.252,7.79,14.48,1.086
P06,2017-05-01,8.116,7.79,14.02,0.847
P06,2017-06-01,8.023,7.75,13.92,0.882
P06,2017-07-01,7.871,7.62,14.54,1.006
P06,2017-08-01,8.252,7.57,13.49,0.886
P06,2017-09-01,8.263,7.54,13.99,0.849
P06,2017-10-01,8.367,7.51,13.84,0.832
P06,2017-11-01,8.204,7.48,14.59,0.873
P06,2017-12-01,8.17,7.46,12.79,0.853
P06,2018-01-01,7.828,7.5,14.33,0.953
P06,2018-02-01,9.185,7.54,14.43,0.836
P06,2018-03-01,8.519,7.63,13.52,0.901
P06,2018-04-01,8.594,7.53,13.83,0.883
P06,2018-05-01,8.33,7.58,14.02,0.893
P06,2018-06-01,8.38,7.7,14.4,1.037
P06,2018-07-01,8.665,7.68,14.25,0.905
P06,2018-08-01,8.898,7.93,16.04,1.209
P06,2018-09-01,9.611,8.01,13.89,0.845
P06,2018-10-01,9.108,8.14,14.57,0.923
P06,2018-11-01,9.977,8.29,14.51,0.912
P06,2018-12-01,10.321,8.53,15.02,0.99
P06,2019-01-01,10.584,8.59,12.63,0.781
P06,2019-02-01,11.525,8.74,14.33,0.846
P06,2019-03-01,11.638,9.03,14.22,1.055
P06,2019-04-01,10.805,9.26,13.85,0.974
P06,2019-05-01,12.036,9.66,15.03,1.07
P06,2019-06-01,11.909,9.78,13.97,0.879
P06,2019-07-01,11.704,10.06,14.95,0.941
P06,2019-08-01,12.238,10.01,13.34,0.874
P06,2019-09-01,12.013,10.33,15.76,0.982
P06,2019-10-01,12.063,10.58,14.52,0.928
P06,2019-11-01,12.824,10.7,13.28,0.823
P06,2019-12-01,12.683,10.91,15.88,1.02
P06,2020-01-01,12.926,11.19,14.8,0.877
P06,2020-02-01,13.689,11.32,14.31,0.829
P06,2020-03-01,12.778,11.24,14.45,0.885
P06,2020-04-01,13.536,11.26,13.02,0.81
P06,2020-05-01,13.112,11.13,13.66,0.861
P06,2020-06-01,13.71,11.21,13.3,0.844
P06,2020-07-01,12.827,11.34,13.62,1.004
P06,2020-08-01,13.686,11.43,14.03,0.861
P06,2020-09-01,14.656,11.48,13.82,0.874
P06,2020-10-01,13.96,11.58,14.73,0.897
P06,2020-11-01,14.863,11.7,13.39,0.81
P06,2020-12-01,14.397,11.66,13.95,0.878
P06,2021-01-01,15.134,11.99,13.42,1.124
P06,2021-02-01,16.525,12.1,12.72,0.771
P06,2021-03-01,14.727,12.22,13.53,0.873
P06,2021-04-01,15.389,12.4,14.1,0.848
P06,2021-05-01,15.209,12.62,14.25,0.923
P06,2021-06-01,15.633,12.8,14.43,0.888
P06,2021-07-01,15.586,12.91,14.54,0.921
P06,2021-08-01,15.957,13.14,14.51,0.912
P06,2021-09-01,16.319,13.23,14.17,0.862
P06,2021-10-01,17.144,13.63,14.49,1.069
P06,2021-11-01,17.609,13.97,15.2,0.924
P06,2021-12-01,17.01,14.18,14.38,0.889
P06,2022-01-01,17.638,14.01,13.17,0.833
P06,2022-02-01,18.871,14.28,14.53,0.874
P06,2022-03-01,18.042,14.47,13.11,0.847
P06,2022-04-01,17.795,14.78,15.5,0.946
P06,2022-05-01,17.634,14.97,14.37,0.936
P06,2022-06-01,18.316,15.18,14.71,0.901
P06,2022-07-01,17.977,15.37,14.74,0.926
P06,2022-08-01,18.159,15.44,13.52,0.848
P06,2022-09-01,19.223,15.63,13.8,0.851
P06,2022-10-01,18.668,15.58,14.21,0.943
P06,2022-11-01,19.78,15.71,14.79,0.917
P06,2022-12-01,18.98,15.84,14.52,0.883
P06,2023-01-01,19.786,15.99,13.69,0.839
P06,2023-02-01,21.938,16.01,13.5,0.769
P06,2023-03-01,19.735,16.29,14.51,0.965
P06,2023-04-01,20.887,16.52,14.72,0.965
P06,2023-05-01,20.154,16.65,14.07,0.907
P06,2023-06-01,20.94,16.76,13.53,0.859
P06,2023-07-01,20.378,16.76,13.36,0.822
P06,2023-08-01,21.071,17.05,14.24,0.901
P06,2023-09-01,21.758,17.17,12.96,0.819
P06,2023-10-01,21.183,17.25,14.15,0.887
P06,2023-11-01,21.433,17.33,14.63,0.893
P06,2023-12-01,21.987,17.49,13.69,0.854
P06,2024-01-01,22.166,17.69,13.83,0.859
P06,2024-02-01,23.866,17.99,14.6,0.883
P06,2024-03-01,22.594,17.84,12.85,0.768
P06,2024-04-01,23.407,17.91,15.17,0.902
P06,2024-05-01,22.401,18.23,15.14,1.012
P06,2024-06-01,23.324,18.54,15.42,0.952
P06,2024-07-01,22.914,18.93,14.65,0.94
P06,2024-08-01,23.571,19.14,14.85,0.922
P06,2024-09-01,24.916,19.3,13.54,0.8
P06,2024-10-01,23.717,19.72,16.82,1.014
P06,2024-11-01,25.204,19.89,14.2,0.845
P06,2024-12-01,24.719,20.16,14.7,0.897
P06,2025-01-01,24.834,20.45,14.41,0.916
P06,2025-02-01,28.132,20.85,15.12,0.991
P06,2025-03-01,25.39,21.37,14.89,0.921
P06,2025-04-01,26.072,21.4,13.56,0.823
P06,2025-05-01,24.722,21.31,14.46,0.878
P06,2025-06-01,25.905,21.54,13.8,0.998
P06,2025-07-01,25.598,21.65,13.84,0.895
P06,2025-08-01,26.192,21.68,13.36,0.844
P06,2025-09-01,26.952,22,15.05,0.885
P06,2025-10-01,26.609,21.99,14.31,0.908
P06,2025-11-01,27.178,22.18,14.76,0.872
P06,2025-12-01,26.471,22.41,15.29,0.944
P06,2026-01-01,28.329,22.58,14.32,0.884
P06,2026-02-01,30.751,22.25,13.07,0.745
P06,2026-03-01,28.357,22.54,14.77,0.974
P06,2026-04-01,29.515,22.72,13.73,0.803
P06,2026-05-01,28.647,23.05,14.2,0.899
P06,2026-06-01,29.238,23.01,14.07,0.868
P06,2026-07-01,29.189,23.17,14.07,0.852
P06,2026-08-01,29.403,23.49,14.9,0.89
P07,2000-03-01,,,0,
P07,2000-04-01,,,0,
P07,2000-05-01,,,0,
P07,2000-06-01,,,0,
P07,2000-07-01,,,0,
P07,2000-08-01,,,0,
P07,2000-09-01,0.053,0,0,
P07,2000-10-01,0.054,0,0,
P07,2000-11-01,0.054,0,0,
P07,2000-12-01,0.054,0,0,
P07,2001-01-01,0.055,0,0,
P07,2001-02-01,0.055,0,0,
P07,2001-03-01,0.056,0,0,
P07,2001-04-01,0.056,0,0,
P07,2001-05-01,0.057,0,0,
P07,2001-06-01,0.058,0,0,
P07,2001-07-01,0.058,0,0,
P07,2001-08-01,0.059,0,0,
P07,2001-09-01,0.059,0,0,
P07,2001-10-01,0.059,0,0,
P07,2001-11-01,0.06,0,0,
P07,2001-12-01,0.06,0,0,
P07,2002-01-01,0.061,0,0,
P07,2002-02-01,0.061,0,0,
P07,2002-03-01,0.061,0,0,
P07,2002-04-01,0.062,0,0,
P07,2002-05-01,0.062,0,0,
P07,2002-06-01,0.062,0,0,
P07,2002-07-01,0.063,0,0,
P07,2002-08-01,0.063,0,0,
P07,2002-09-01,0.064,0,0,
P07,2002-10-01,0.064,0,0,
P07,2002-11-01,0.064,0,0,
P07,2002-12-01,0.065,0,0,
P07,2003-01-01,0.065,0,0,
P07,2003-02-01,0.066,0,0,
P07,2003-03-01,0.066,0,0,
P07,2003-04-01,0.067,0,0,
P07,2003-05-01,0.067,0,0,
P07,2003-06-01,0.068,0,0,
P07,2003-07-01,0.068,0,0,
P07,2003-08-01,0.068,0,0,
P07,2003-09-01,0.069,0,0,
P07,2003-10-01,0.069,0,0,
P07,2003-11-01,0.07,0,0,
P07,2003-12-01,0.07,0,0,
P07,2004-01-01,0.071,0,0,
P07,2004-02-01,0.071,0,0,
P07,2004-03-01,0.072,0,0,
P07,2004-04-01,0.072,0,0,
P07,2004-05-01,0.072,0,0,
P07,2004-06-01,0.072,0,0,
P07,2004-07-01,0.073,0,0,
P07,2004-08-01,0.074,0,0,
P07,2004-09-01,0.074,0,0,
P07,2004-10-01,0.074,0,0,
P07,2004-11-01,0.075,0,0,
P07,2004-12-01,0.075,0,0,
P07,2005-01-01,0.075,0,0,
P07,2005-02-01,0.076,0,0,
P07,2005-03-01,0.076,0,0,
P07,2005-04-01,0.076,0,0,
P07,2005-05-01,0.077,0,0,
P07,2005-06-01,0.077,0,0,
P07,2005-07-01,0.078,0,0,
P07,2005-08-01,0.079,0,0,
P07,2005-09-01,0.079,0,0,
P07,2005-10-01,0.079,0,0,
P07,2005-11-01,0.08,0,0,
P07,2005-12-01,0.08,0,0,
P07,2006-01-01,0.081,0,0,
P07,2006-02-01,0.081,0,0,
P07,2006-03-01,0.081,0,0,
P07,2006-04-01,0.082,0,0,
P07,2006-05-01,0.082,0,0,
P07,2006-06-01,0.083,0,0,
P07,2006-07-01,0.083,0,0,
P07,2006-08-01,0.083,0,0,
P07,2006-09-01,0.084,0,0,
P07,2006-10-01,0.084,0,0,
P07,2006-11-01,0.085,0,0,
P07,2006-12-01,0.085,0,0,
P07,2007-01-01,0.085,0,0,
P07,2007-02-01,0.086,0,0,
P07,2007-03-01,0.086,0,0,
P07,2007-04-01,0.106,0,0,
P07,2007-05-01,0.17,0,0,
P07,2007-06-01,0.248,0,0,
P07,2007-07-01,0.338,0,0,
P07,2007-08-01,0.425,0,0,
P07,2007-09-01,0.585,0,0,
P07,2007-10-01,0.651,0,0,
P07,2007-11-01,0.716,0,0,
P07,2007-12-01,0.708,0,0,
P07,2008-01-01,0.706,0,0,
P07,2008-02-01,0.793,0,0,
P07,2008-03-01,0.768,0,0,
P07,2008-04-01,1.057,0,0,
P07,2008-05-01,0.982,0,0,
P07,2008-06-01,1.21,0,0,
P07,2008-07-01,1.074,0,0,
P07,2008-08-01,1.052,0,0,
P07,2008-09-01,1.188,0,0,
P07,2008-10-01,1.286,0,0,
P07,2008-11-01,1.258,0,0,
P07,2008-12-01,1.224,0,0,
P07,2009-01-01,1.313,0,0,
P07,2009-02-01,1.562,0,0,
P07,2009-03-01,1.338,0,0,
P07,2009-04-01,1.42,0,0,
P07,2009-05-01,1.289,0,0,
P07,2009-06-01,1.361,0,0,
P07,2009-07-01,1.424,0,0,
P07,2009-08-01,1.391,0,0,
P07,2009-09-01,1.736,0,0,
P07,2009-10-01,1.772,0,0,
P07,2009-11-01,1.781,0,0,
P07,2009-12-01,1.763,0,0,
P07,2010-01-01,1.766,0,0,
P07,2010-02-01,2.451,0,0,
P07,2010-03-01,2.031,0,0,
P07,2010-04-01,2.377,0,0,
P07,2010-05-01,2.388,0,0,
P07,2010-06-01,2.709,0,0,
P07,2010-07-01,2.496,0,0,
P07,2010-08-01,2.735,0,0,
P07,2010-09-01,2.887,0,0,
P07,2010-10-01,2.94,0,0,
P07,2010-11-01,3.229,0,0,
P07,2010-12-01,3.117,0,0,
P07,2011-01-01,3.322,0,0,
P07,2011-02-01,3.713,0,0,
P07,2011-03-01,3.462,0,0,
P07,2011-04-01,3.786,0,0,
P07,2011-05-01,3.907,0,0,
P07,2011-06-01,3.919,0.33,2.37,0.961
P07,2011-07-01,3.957,1.03,4.68,1.916
P07,2011-08-01,4.153,2.06,6.72,2.636
P07,2011-09-01,4.387,3.4,8.9,3.344
P07,2011-10-01,4.02,5.14,11.32,4.023
P07,2011-11-01,3.738,6.89,12.56,3.961
P07,2011-12-01,2.735,8.37,13.22,3.656
P07,2012-01-01,2.239,9.08,13.2,3.063
P07,2012-02-01,1.967,9.3,14.46,2.734
P07,2012-03-01,1.652,9.15,13.76,2.485
P07,2012-04-01,1.56,8.86,13.59,2.298
P07,2012-05-01,1.435,8.47,12.99,2.147
P07,2012-06-01,1.269,7.91,14.74,2.147
P07,2012-07-01,1.219,7.36,14.2,2.152
P07,2012-08-01,1.129,6.76,14.89,2.087
P07,2012-09-01,1.188,6.18,12.96,1.81
P07,2012-10-01,1.113,5.62,13.25,1.875
P07,2012-11-01,1.126,5.12,12.11,1.706
P07,2012-12-01,1.026,4.72,13.77,1.856
P07,2013-01-01,1.067,4.45,13.85,1.951
P07,2013-02-01,1.353,4.31,13.26,2.07
P07,2013-03-01,1.18,4.17,13.6,1.911
P07,2013-04-01,1.176,4.07,14.06,1.921
P07,2013-05-01,1.166,4.03,13.36,2.085
P07,2013-06-01,1.369,4,13.75,1.863
P07,2013-07-01,1.401,4,14.74,2.001
P07,2013-08-01,1.566,4.04,14.55,1.945
P07,2013-09-01,1.827,4.12,12.94,1.859
P07,2013-10-01,1.865,4.22,13.8,1.909
P07,2013-11-01,2.069,4.35,13.11,1.769
P07,2013-12-01,1.93,4.49,13.46,1.86
P07,2014-01-01,1.912,4.61,13.93,1.915
P07,2014-02-01,2.194,4.7,14.76,2.004
P07,2014-03-01,2.292,4.85,13.48,1.868
P07,2014-04-01,2.322,5.02,13.79,1.908
P07,2014-05-01,2.444,5.16,13.5,1.863
P07,2014-06-01,2.755,5.36,13.75,1.903
P07,2014-07-01,2.77,5.56,14.01,1.978
P07,2014-08-01,2.932,5.78,13.01,2.049
P07,2014-09-01,3.193,5.98,14.07,1.982
P07,2014-10-01,3.311,6.22,13,2.139
P07,2014-11-01,3.339,6.45,14.2,1.95
P07,2014-12-01,3.405,6.74,14.75,2.086
P07,2015-01-01,3.459,7.03,14.61,1.976
P07,2015-02-01,3.904,7.21,14.45,1.824
P07,2015-03-01,3.821,7.47,13.6,1.914
P07,2015-04-01,4.187,7.73,13.63,1.854
P07,2015-05-01,4.111,8.02,13.52,1.909
P07,2015-06-01,4.406,8.25,13.93,1.862
P07,2015-07-01,4.254,8.45,13.81,1.886
P07,2015-08-01,4.289,8.66,15.15,2.036
P07,2015-09-01,5.091,8.85,13.85,1.781
P07,2015-10-01,4.955,8.95,12.99,1.815
P07,2015-11-01,5.091,9.18,14.42,1.895
P07,2015-12-01,5.311,9.29,12.48,1.706
P07,2016-01-01,5.008,9.56,14.28,2.029
P07,2016-02-01,5.639,9.79,13.69,1.836
P07,2016-03-01,5.05,10.04,15.02,2.047
P07,2016-04-01,5.323,10.34,14.09,2.227
P07,2016-05-01,5.932,10.56,13.1,1.811
P07,2016-06-01,6.02,10.85,14.78,2.018
P07,2016-07-01,5.706,11.18,13.3,2.13
P07,2016-08-01,5.623,11.38,14.21,1.956
P07,2016-09-01,5.815,11.43,13.49,1.682
P07,2016-10-01,5.443,11.54,14.19,1.869
P07,2016-11-01,5.552,11.46,13.12,1.622
P07,2016-12-01,5.002,11.35,12.95,1.633
P07,2017-01-01,5.246,11.25,13.76,1.77
P07,2017-02-01,5.75,11.04,12.65,1.422
P07,2017-03-01,4.919,10.99,14.87,1.985
P07,2017-04-01,5.011,10.85,13.65,1.98
P07,2017-05-01,4.757,10.61,14.15,1.69
P07,2017-06-01,4.734,10.33,15.48,1.802
P07,2017-07-01,4.748,10.05,14.24,1.735
P07,2017-08-01,4.872,9.8,13.12,1.609
P07,2017-09-01,5.151,9.71,13.96,1.669
P07,2017-10-01,5.09,9.5,13.08,1.52
P07,2017-11-01,6.064,9.53,13.66,1.555
P07,2017-12-01,5.579,9.63,14.16,1.7
P07,2018-01-01,5.619,9.61,12.71,1.624
P07,2018-02-01,6.164,9.76,15.4,1.646
P07,2018-03-01,5.959,9.74,13.79,1.657
P07,2018-04-01,5.839,9.69,14.44,1.631
P07,2018-05-01,5.899,9.83,13.92,1.677
P07,2018-06-01,6.065,9.98,13.04,1.797
P07,2018-07-01,6.085,10.14,14.56,1.677
P07,2018-08-01,5.861,10.37,13,1.806
P07,2018-09-01,6.337,10.49,14.34,1.607
P07,2018-10-01,6.329,10.75,13.52,1.683
P07,2018-11-01,7.5,10.99,14.73,1.709
P07,2018-12-01,7.2,11.21,14.35,1.74
P07,2019-01-01,8.518,11.72,14.77,2.047
P07,2019-02-01,8.262,11.89,13.79,1.547
P07,2019-03-01,7.685,12.17,14.8,1.743
P07,2019-04-01,8.893,12.72,14.58,1.985
P07,2019-05-01,8.413,12.93,12.76,1.476
P07,2019-06-01,8.814,13.26,14.47,1.811
P07,2019-07-01,8.846,13.62,13.03,1.626
P07,2019-08-01,8.872,13.95,14.06,1.662
P07,2019-09-01,9.328,14.42,13.74,1.656
P07,2019-10-01,9.201,14.83,13.54,1.664
P07,2019-11-01,9.62,15.05,13.97,1.621
P07,2019-12-01,9.289,15.37,14.47,1.753
P07,2020-01-01,9.781,15.21,13.16,1.606
P07,2020-02-01,10.612,15.48,13.07,1.539
P07,2020-03-01,10.197,15.76,13.34,1.652
P07,2020-04-01,10.357,15.74,14.08,1.719
P07,2020-05-01,10.381,16.18,13.47,1.682
P07,2020-06-01,10.546,16.29,14.15,1.676
P07,2020-07-01,9.652,16.6,13.52,1.901
P07,2020-08-01,10.323,16.86,14.43,1.722
P07,2020-09-01,11.308,17.13,13.53,1.7
P07,2020-10-01,11.191,17.38,13.79,1.656
P07,2020-11-01,12.99,17.96,13.51,1.927
P07,2020-12-01,11.501,18.37,13.71,1.894
P07,2021-01-01,11.032,18.79,12.91,1.895
P07,2021-02-01,12.675,18.87,11.94,1.359
P07,2021-03-01,11.407,19.1,13.7,1.716
P07,2021-04-01,12.392,19.27,13.56,1.616
P07,2021-05-01,11.811,19.45,13.33,1.663
P07,2021-06-01,12.18,19.57,13.02,1.563
P07,2021-07-01,12.455,19.57,12.19,1.501
P07,2021-08-01,12.365,19.83,13.51,1.685
P07,2021-09-01,12.93,20.23,14.98,1.908
P07,2021-10-01,13.123,20.58,13.45,1.737
P07,2021-11-01,13.697,20.53,12.77,1.789
P07,2021-12-01,13.013,20.37,13.24,1.542
P07,2022-01-01,13.614,20.36,12.91,1.559
P07,2022-02-01,14.335,20.67,12.99,1.474
P07,2022-03-01,13.159,20.69,11.99,1.513
P07,2022-04-01,13.216,20.97,15.12,1.78
P07,2022-05-01,13.483,21.35,13.97,1.808
P07,2022-06-01,13.569,21.55,13.25,1.578
P07,2022-07-01,12.489,21.95,15.3,1.862
P07,2022-08-01,12.951,22.09,14.04,1.731
P07,2022-09-01,13.019,21.84,14.84,1.663
P07,2022-10-01,11.545,21.77,14.02,1.881
P07,2022-11-01,12.744,21.61,15.27,1.727
P07,2022-12-01,12.901,21.74,14.2,1.669
P07,2023-01-01,12.328,21.65,14.27,1.642
P07,2023-02-01,14.336,21.68,14.36,1.499
P07,2023-03-01,12.881,21.98,14.36,1.844
P07,2023-04-01,13.424,21.79,13.06,1.574
P07,2023-05-01,12.514,21.48,13.88,1.63
P07,2023-06-01,12.818,21.47,14.3,1.656
P07,2023-07-01,12.616,21.28,14.05,1.66
P07,2023-08-01,12.7,21.07,13.55,1.572
P07,2023-09-01,13.196,20.88,12.34,1.458
P07,2023-10-01,12.409,20.72,13.91,1.607
P07,2023-11-01,12.687,20.56,13.88,1.585
P07,2023-12-01,13.042,20.56,14.23,1.653
P07,2024-01-01,13.085,20.65,13.81,1.638
P07,2024-02-01,14.503,20.61,13.03,1.448
P07,2024-03-01,14.694,20.5,13.53,1.534
P07,2024-04-01,14.834,20.58,12.82,1.511
P07,2024-05-01,14.011,20.95,14.18,1.819
P07,2024-06-01,14.877,21.15,13.51,1.636
P07,2024-07-01,14.257,21.35,13.13,1.666
P07,2024-08-01,14.654,21.8,13.79,1.771
P07,2024-09-01,15.21,22.28,13.42,1.687
P07,2024-10-01,15.008,22.82,14.43,1.767
P07,2024-11-01,15.724,23.32,14,1.674
P07,2024-12-01,14.963,23.54,13.07,1.612
P07,2025-01-01,15.063,24.16,14.92,1.937
P07,2025-02-01,14.946,24.64,15.6,1.79
P07,2025-03-01,14.669,24.85,13.53,1.688
P07,2025-04-01,14.731,24.93,13.97,1.591
P07,2025-05-01,14.675,24.99,15.04,1.788
P07,2025-06-01,14.542,25.2,13.89,1.858
P07,2025-07-01,15.347,25.37,13.61,1.683
P07,2025-08-01,16.34,25.29,13.47,1.541
P07,2025-09-01,17.793,25.49,14.63,1.604
P07,2025-10-01,17.529,25.67,13.91,1.675
P07,2025-11-01,18.465,25.65,13.22,1.427
P07,2025-12-01,18.224,26.03,13.58,1.607
P07,2026-01-01,18.602,26.12,14.53,1.666
P07,2026-02-01,19.747,26.41,14.53,1.599
P07,2026-03-01,18.535,26.63,11.9,1.492
P07,2026-04-01,19.702,27.31,14.51,1.627
P07,2026-05-01,18.772,27.68,13.56,1.657
P07,2026-06-01,19.649,27.92,13.51,1.552
P07,2026-07-01,19.258,28.46,14.47,1.702
P07,2026-08-01,19.525,29.05,13.5,1.647
P08,2000-03-01,,,0,
P08,2000-04-01,,,0,
P08,2000-05-01,,,0,
P08,2000-06-01,,,0,
P08,2000-07-01,,,0,
P08,2000-08-01,,,0,
P08,2000-09-01,0.053,0,0,
P08,2000-10-01,0.054,0,0,
P08,2000-11-01,0.054,0,0,
P08,2000-12-01,0.055,0,0,
P08,2001-01-01,0.055,0,0,
P08,2001-02-01,0.055,0,0,
P08,2001-03-01,0.056,0,0,
P08,2001-04-01,0.056,0,0,
P08,2001-05-01,0.056,0,0,
P08,2001-06-01,0.057,0,0,
P08,2001-07-01,0.057,0,0,
P08,2001-08-01,0.058,0,0,
P08,2001-09-01,0.058,0,0,
P08,2001-10-01,0.059,0,0,
P08,2001-11-01,0.059,0,0,
P08,2001-12-01,0.06,0,0,
P08,2002-01-01,0.06,0,0,
P08,2002-02-01,0.06,0,0,
P08,2002-03-01,0.061,0,0,
P08,2002-04-01,0.061,0,0,
P08,2002-05-01,0.062,0,0,
P08,2002-06-01,0.062,0,0,
P08,2002-07-01,0.062,0,0,
P08,2002-08-01,0.063,0,0,
P08,2002-09-01,0.063,0,0,
P08,2002-10-01,0.064,0,0,
P08,2002-11-01,0.064,0,0,
P08,2002-12-01,0.065,0,0,
P08,2003-01-01,0.065,0,0,
P08,2003-02-01,0.065,0,0,
P08,2003-03-01,0.066,0,0,
P08,2003-04-01,0.066,0,0,
P08,2003-05-01,0.067,0,0,
P08,2003-06-01,0.067,0,0,
P08,2003-07-01,0.068,0,0,
P08,2003-08-01,0.068,0,0,
P08,2003-09-01,0.069,0,0,
P08,2003-10-01,0.069,0,0,
P08,2003-11-01,0.069,0,0,
P08,2003-12-01,0.07,0,0,
P08,2004-01-01,0.07,0,0,
P08,2004-02-01,0.07,0,0,
P08,2004-03-01,0.071,0,0,
P08,2004-04-01,0.071,0,0,
P08,2004-05-01,0.072,0,0,
P08,2004-06-01,0.072,0,0,
P08,2004-07-01,0.073,0,0,
P08,2004-08-01,0.073,0,0,
P08,2004-09-01,0.073,0,0,
P08,2004-10-01,0.074,0,0,
P08,2004-11-01,0.074,0,0,
P08,2004-12-01,0.074,0,0,
P08,2005-01-01,0.075,0,0,
P08,2005-02-01,0.075,0,0,
P08,2005-03-01,0.076,0,0,
P08,2005-04-01,0.076,0,0,
P08,2005-05-01,0.077,0,0,
P08,2005-06-01,0.077,0,0,
P08,2005-07-01,0.078,0,0,
P08,2005-08-01,0.078,0,0,
P08,2005-09-01,0.078,0,0,
P08,2005-10-01,0.079,0,0,
P08,2005-11-01,0.079,0,0,
P08,2005-12-01,0.079,0,0,
P08,2006-01-01,0.08,0,0,
P08,2006-02-01,0.081,0,0,
P08,2006-03-01,0.081,0,0,
P08,2006-04-01,0.082,0,0,
P08,2006-05-01,0.082,0,0,
P08,2006-06-01,0.083,0,0,
P08,2006-07-01,0.083,0,0,
P08,2006-08-01,0.083,0,0,
P08,2006-09-01,0.084,0,0,
P08,2006-10-01,0.084,0,0,
P08,2006-11-01,0.084,0,0,
P08,2006-12-01,0.085,0,0,
P08,2007-01-01,0.085,0,0,
P08,2007-02-01,0.085,0,0,
P08,2007-03-01,0.085,0,0,
P08,2007-04-01,0.087,0,0,
P08,2007-05-01,0.087,0,0,
P08,2007-06-01,0.087,0,0,
P08,2007-07-01,0.088,0,0,
P08,2007-08-01,0.093,0,0,
P08,2007-09-01,0.151,0,0,
P08,2007-10-01,0.281,0,0,
P08,2007-11-01,0.477,0,0,
P08,2007-12-01,0.703,0,0,
P08,2008-01-01,0.76,0,0,
P08,2008-02-01,0.922,0,0,
P08,2008-03-01,0.949,0,0,
P08,2008-04-01,1.053,0,0,
P08,2008-05-01,0.966,0,0,
P08,2008-06-01,1.154,0,0,
P08,2008-07-01,0.847,0,0,
P08,2008-08-01,1.034,0,0,
P08,2008-09-01,1.113,0,0,
P08,2008-10-01,1.129,0,0,
P08,2008-11-01,1.306,0,0,
P08,2008-12-01,1.416,0,0,
P08,2009-01-01,1.162,0,0,
P08,2009-02-01,1.563,0,0,
P08,2009-03-01,1.355,0,0,
P08,2009-04-01,1.371,0,0,
P08,2009-05-01,1.411,0,0,
P08,2009-06-01,1.43,0,0,
P08,2009-07-01,1.3,0,0,
P08,2009-08-01,1.574,0,0,
P08,2009-09-01,1.728,0,0,
P08,2009-10-01,2.022,0,0,
P08,2009-11-01,2.086,0,0,
P08,2009-12-01,1.976,0,0,
P08,2010-01-01,2.167,0,0,
P08,2010-02-01,2.653,0,0,
P08,2010-03-01,2.202,0,0,
P08,2010-04-01,2.618,0,0,
P08,2010-05-01,2.662,0,0,
P08,2010-06-01,2.997,0,0,
P08,2010-07-01,2.762,0,0,
P08,2010-08-01,3.195,0,0,
P08,2010-09-01,3.334,0,0,
P08,2010-10-01,3.67,0,0,
P08,2010-11-01,3.728,0,0,
P08,2010-12-01,3.959,0,0,
P08,2011-01-01,3.555,0,0,
P08,2011-02-01,3.786,0,0,
P08,2011-03-01,3.753,0,0,
P08,2011-04-01,3.978,0,0,
P08,2011-05-01,3.98,0,0,
P08,2011-06-01,4.174,0,0,
P08,2011-07-01,4.24,0,0,
P08,2011-08-01,4.243,0,0,
P08,2011-09-01,4.737,0,0,
P08,2011-10-01,4.698,0,0,
P08,2011-11-01,4.415,0,0,
P08,2011-12-01,3.996,0,0,
P08,2012-01-01,2.966,0,0,
P08,2012-02-01,2.608,0,0,
P08,2012-03-01,2.078,0,0,
P08,2012-04-01,1.954,0,0,
P08,2012-05-01,1.845,0,0,
P08,2012-06-01,1.547,0,0,
P08,2012-07-01,1.492,0,0,
P08,2012-08-01,1.453,0,0,
P08,2012-09-01,1.553,0,0,
P08,2012-10-01,1.382,0,0,
P08,2012-11-01,1.536,0,0,
P08,2012-12-01,1.355,0,0,
P08,2013-01-01,1.388,0,0,
P08,2013-02-01,1.759,0,0,
P08,2013-03-01,1.465,0,0,
P08,2013-04-01,1.513,0,0,
P08,2013-05-01,1.543,0,0,
P08,2013-06-01,1.729,0,0,
P08,2013-07-01,1.841,0,0,
P08,2013-08-01,1.996,0,0,
P08,2013-09-01,2.291,0,0,
P08,2013-10-01,2.327,0,0,
P08,2013-11-01,2.409,0,0,
P08,2013-12-01,2.286,0,0,
P08,2014-01-01,2.293,0,0,
P08,2014-02-01,2.641,0,0,
P08,2014-03-01,2.694,0,0,
P08,2014-04-01,2.809,0,0,
P08,2014-05-01,2.793,0,0,
P08,2014-06-01,3.27,0,0,
P08,2014-07-01,3.278,0,0,
P08,2014-08-01,3.447,0,0,
P08,2014-09-01,3.875,0,0,
P08,2014-10-01,3.779,0,0,
P08,2014-11-01,3.788,0,0,
P08,2014-12-01,3.875,0,0,
P08,2015-01-01,3.862,0,0,
P08,2015-02-01,4.307,0,0,
P08,2015-03-01,4.285,0,0,
P08,2015-04-01,4.773,0,0,
P08,2015-05-01,4.614,0,0,
P08,2015-06-01,4.831,0,0,
P08,2015-07-01,4.775,0,0,
P08,2015-08-01,4.773,0,0,
P08,2015-09-01,5.527,0,0,
P08,2015-10-01,5.328,0,0,
P08,2015-11-01,5.517,0,0,
P08,2015-12-01,5.647,0,0,
P08,2016-01-01,5.387,0.22,1.8,0.486
P08,2016-02-01,5.836,0.62,3.39,0.893
P08,2016-03-01,5.471,1.29,5.22,1.397
P08,2016-04-01,5.647,2.24,7.35,2.362
P08,2016-05-01,5.519,3.42,8.26,2.641
P08,2016-06-01,6.207,4.77,9.99,2.546
P08,2016-07-01,5.014,6.25,10.92,2.647
P08,2016-08-01,4.406,7.46,10.3,2.221
P08,2016-09-01,3.933,8.28,10.45,1.999
P08,2016-10-01,3.425,8.85,10.49,1.934
P08,2016-11-01,3.198,9.12,10.38,1.737
P08,2016-12-01,3.051,9.16,10.14,1.624
P08,2017-01-01,2.77,8.99,10.18,1.635
P08,2017-02-01,2.955,8.73,10.76,1.592
P08,2017-03-01,2.41,8.34,9.98,1.737
P08,2017-04-01,2.609,7.75,9.95,1.505
P08,2017-05-01,2.039,7.08,11.56,1.668
P08,2017-06-01,2.24,6.53,10.35,1.569
P08,2017-07-01,2.337,6,10.02,1.431
P08,2017-08-01,2.227,5.6,10.27,1.429
P08,2017-09-01,2.279,5.3,10.19,1.383
P08,2017-10-01,2.161,5.09,11.13,1.58
P08,2017-11-01,3.011,5.01,10.03,1.453
P08,2017-12-01,2.818,4.96,10.39,1.489
P08,2018-01-01,2.963,4.98,10.73,1.613
P08,2018-02-01,3.162,4.95,11.19,1.4
P08,2018-03-01,3.123,4.95,10.13,1.433
P08,2018-04-01,3.179,4.95,10.44,1.298
P08,2018-05-01,2.795,5.05,11.71,1.684
P08,2018-06-01,3.298,5.12,10.52,1.42
P08,2018-07-01,2.982,5.19,10.89,1.431
P08,2018-08-01,3.12,5.32,10.63,1.48
P08,2018-09-01,3.391,5.44,10.51,1.35
P08,2018-10-01,3.124,5.54,10.94,1.482
P08,2018-11-01,4.392,5.64,10.11,1.385
P08,2018-12-01,3.858,5.76,11.28,1.533
P08,2019-01-01,4.267,5.92,10.69,1.778
P08,2019-02-01,4.678,6.06,11.19,1.432
P08,2019-03-01,4.519,6.19,10.61,1.409
P08,2019-04-01,4.489,6.45,10.83,1.643
P08,2019-05-01,4.732,6.59,10.62,1.472
P08,2019-06-01,5.473,6.81,10.02,1.466
P08,2019-07-01,5.453,7.15,10.33,1.584
P08,2019-08-01,5.697,7.43,10.3,1.426
P08,2019-09-01,5.911,7.76,10.19,1.429
P08,2019-10-01,5.798,8.17,10.39,1.572
P08,2019-11-01,6.111,8.36,10.26,1.391
P08,2019-12-01,5.91,8.6,10.61,1.469
P08,2020-01-01,6.235,8.71,10.76,1.535
P08,2020-02-01,6.693,8.96,11.02,1.48
P08,2020-03-01,6.595,9.24,10.22,1.459
P08,2020-04-01,6.717,9.45,10.93,1.533
P08,2020-05-01,6.985,9.73,10.65,1.473
P08,2020-06-01,7.158,9.86,10.83,1.371
P08,2020-07-01,6.974,9.99,10.84,1.497
P08,2020-08-01,7.147,10.14,10.95,1.4
P08,2020-09-01,7.72,10.32,10.57,1.402
P08,2020-10-01,7.792,10.48,10.64,1.479
P08,2020-11-01,8.182,10.85,10.78,1.702
P08,2020-12-01,7.884,11.11,9.99,1.532
P08,2021-01-01,7.976,11.32,10.79,1.544
P08,2021-02-01,8.762,11.49,10.92,1.408
P08,2021-03-01,8.189,11.74,10.88,1.565
P08,2021-04-01,8.829,11.88,10.17,1.402
P08,2021-05-01,8.308,12.06,10.77,1.495
P08,2021-06-01,8.456,12.32,11.05,1.521
P08,2021-07-01,8.279,12.51,10.89,1.531
P08,2021-08-01,8.555,12.83,11.15,1.566
P08,2021-09-01,9.417,13,9.94,1.377
P08,2021-10-01,9.393,13.14,10.06,1.412
P08,2021-11-01,10.713,13.36,9.82,1.788
P08,2021-12-01,9.255,13.49,11.14,1.488
P08,2022-01-01,9.545,13.6,10.41,1.447
P08,2022-02-01,9.78,13.76,11.47,1.475
P08,2022-03-01,8.737,13.78,10.61,1.502
P08,2022-04-01,8.835,13.76,10.16,1.37
P08,2022-05-01,8.687,13.59,9.51,1.244
P08,2022-06-01,8.384,13.36,9.79,1.256
P08,2022-07-01,7.317,13.09,10.52,1.381
P08,2022-08-01,7.436,12.83,10.62,1.428
P08,2022-09-01,7.664,12.58,10.68,1.33
P08,2022-10-01,6.162,12.16,10.71,1.425
P08,2022-11-01,7.157,11.59,10.84,1.291
P08,2022-12-01,7.039,11.14,9.93,1.205
P08,2023-01-01,6.742,10.87,11.79,1.439
P08,2023-02-01,8.37,10.57,10.61,1.156
P08,2023-03-01,7.147,10.36,10.75,1.376
P08,2023-04-01,7.218,10.14,10.49,1.239
P08,2023-05-01,6.549,10.04,11.54,1.4
P08,2023-06-01,6.99,9.9,10.91,1.239
P08,2023-07-01,6.872,9.75,9.92,1.209
P08,2023-08-01,6.839,9.62,10.87,1.293
P08,2023-09-01,6.977,9.51,10.96,1.255
P08,2023-10-01,6.557,9.39,10.27,1.164
P08,2023-11-01,6.598,9.26,10.55,1.187
P08,2023-12-01,6.869,9.27,10.55,1.245
P08,2024-01-01,6.739,9.16,10.5,1.262
P08,2024-02-01,7.393,9.09,10.32,1.145
P08,2024-03-01,7.44,8.58,4.08,0.485
P08,2024-04-01,6.989,8.13,3.95,0.49
P08,2024-05-01,7.059,7.7,4.19,0.563
P08,2024-06-01,7.657,7.38,4.38,0.587
P08,2024-07-01,7.008,7.07,4.25,0.638
P08,2024-08-01,7.404,6.73,3.97,0.633
P08,2024-09-01,6.983,6.37,4.34,0.652
P08,2024-10-01,7.068,6.11,4.59,0.707
P08,2024-11-01,7.149,5.8,4.55,0.671
P08,2024-12-01,6.604,5.34,3.95,0.593
P08,2025-01-01,7.03,4.92,4.04,0.656
P08,2025-02-01,6.44,4.89,9.69,1.293
P08,2025-03-01,6.655,5.55,10.7,1.603
P08,2025-04-01,6.847,6.11,10.45,1.299
P08,2025-05-01,7.175,6.69,10.86,1.392
P08,2025-06-01,7.662,7.24,11.47,1.362
P08,2025-07-01,9.812,8.02,11.48,1.615
P08,2025-08-01,10.847,8.77,11.11,1.491
P08,2025-09-01,9.872,9.3,10.26,1.134
P08,2025-10-01,10.28,9.9,10.66,1.258
P08,2025-11-01,10.476,10.44,9.97,1.114
P08,2025-12-01,10.392,11.17,10.37,1.203
P08,2026-01-01,10.895,11.83,10.3,1.237
P08,2026-02-01,10.38,12.24,10.64,1.314
P08,2026-03-01,10.671,12.48,10.52,1.336
P08,2026-04-01,10.937,12.9,10.55,1.224
P08,2026-05-01,10.822,13.27,10.77,1.316
P08,2026-06-01,11.171,13.45,9.77,1.095
P08,2026-07-01,10.759,13.16,9.8,1.151
P08,2026-08-01,11.659,13.14,10.79,1.372
P09,2000-03-01,,,0,
P09,2000-04-01,,,0,
P09,2000-05-01,,,0,
P09,2000-06-01,,,0,
P09,2000-07-01,,,0,
P09,2000-08-01,,,0,
P09,2000-09-01,0.054,0,0,
P09,2000-10-01,0.054,0,0,
P09,2000-11-01,0.054,0,0,
P09,2000-12-01,0.055,0,0,
P09,2001-01-01,0.055,0,0,
P09,2001-02-01,0.055,0,0,
P09,2001-03-01,0.056,0,0,
P09,2001-04-01,0.056,0,0,
P09,2001-05-01,0.057,0,0,
P09,2001-06-01,0.057,0,0,
P09,2001-07-01,0.058,0,0,
P09,2001-08-01,0.058,0,0,
P09,2001-09-01,0.059,0,0,
P09,2001-10-01,0.059,0,0,
P09,2001-11-01,0.059,0,0,
P09,2001-12-01,0.059,0,0,
P09,2002-01-01,0.06,0,0,
P09,2002-02-01,0.06,0,0,
P09,2002-03-01,0.061,0,0,
P09,2002-04-01,0.061,0,0,
P09,2002-05-01,0.062,0,0,
P09,2002-06-01,0.062,0,0,
P09,2002-07-01,0.062,0,0,
P09,2002-08-01,0.063,0,0,
P09,2002-09-01,0.063,0,0,
P09,2002-10-01,0.064,0,0,
P09,2002-11-01,0.064,0,0,
P09,2002-12-01,0.065,0,0,
P09,2003-01-01,0.065,0,0,
P09,2003-02-01,0.065,0,0,
P09,2003-03-01,0.066,0,0,
P09,2003-04-01,0.066,0,0,
P09,2003-05-01,0.067,0,0,
P09,2003-06-01,0.067,0,0,
P09,2003-07-01,0.068,0,0,
P09,2003-08-01,0.068,0,0,
P09,2003-09-01,0.068,0,0,
P09,2003-10-01,0.068,0,0,
P09,2003-11-01,0.069,0,0,
P09,2003-12-01,0.07,0,0,
P09,2004-01-01,0.07,0,0,
P09,2004-02-01,0.07,0,0,
P09,2004-03-01,0.071,0,0,
P09,2004-04-01,0.071,0,0,
P09,2004-05-01,0.072,0,0,
P09,2004-06-01,0.072,0,0,
P09,2004-07-01,0.072,0,0,
P09,2004-08-01,0.073,0,0,
P09,2004-09-01,0.073,0,0,
P09,2004-10-01,0.073,0,0,
P09,2004-11-01,0.074,0,0,
P09,2004-12-01,0.074,0,0,
P09,2005-01-01,0.075,0,0,
P09,2005-02-01,0.075,0,0,
P09,2005-03-01,0.076,0,0,
P09,2005-04-01,0.076,0,0,
P09,2005-05-01,0.077,0,0,
P09,2005-06-01,0.077,0,0,
P09,2005-07-01,0.077,0,0,
P09,2005-08-01,0.078,0,0,
P09,2005-09-01,0.078,0,0,
P09,2005-10-01,0.079,0,0,
P09,2005-11-01,0.079,0,0,
P09,2005-12-01,0.08,0,0,
P09,2006-01-01,0.08,0,0,
P09,2006-02-01,0.081,0,0,
P09,2006-03-01,0.081,0,0,
P09,2006-04-01,0.081,0,0,
P09,2006-05-01,0.082,0,0,
P09,2006-06-01,0.082,0,0,
P09,2006-07-01,0.083,0,0,
P09,2006-08-01,0.083,0,0,
P09,2006-09-01,0.083,0,0,
P09,2006-10-01,0.084,0,0,
P09,2006-11-01,0.084,0,0,
P09,2006-12-01,0.085,0,0,
P09,2007-01-01,0.085,0,0,
P09,2007-02-01,0.086,0,0,
P09,2007-03-01,0.085,0,0,
P09,2007-04-01,0.113,0,0,
P09,2007-05-01,0.219,0,0,
P09,2007-06-01,0.38,0,0,
P09,2007-07-01,0.497,0,0,
P09,2007-08-01,0.547,0,0,
P09,2007-09-01,0.655,0,0,
P09,2007-10-01,0.648,0,0,
P09,2007-11-01,0.738,0,0,
P09,2007-12-01,0.635,0,0,
P09,2008-01-01,0.583,0,0,
P09,2008-02-01,0.643,0,0,
P09,2008-03-01,0.591,0,0,
P09,2008-04-01,0.492,0,0,
P09,2008-05-01,0.578,0,0,
P09,2008-06-01,0.602,0,0,
P09,2008-07-01,0.519,0,0,
P09,2008-08-01,0.392,0,0,
P09,2008-09-01,0.711,0,0,
P09,2008-10-01,0.76,0,0,
P09,2008-11-01,0.696,0,0,
P09,2008-12-01,0.691,0,0,
P09,2009-01-01,0.778,0,0,
P09,2009-02-01,0.98,0,0,
P09,2009-03-01,0.694,0,0,
P09,2009-04-01,0.892,0,0,
P09,2009-05-01,1.118,0,0,
P09,2009-06-01,1.131,0,0,
P09,2009-07-01,1.094,0,0,
P09,2009-08-01,1.176,0,0,
P09,2009-09-01,1.326,0,0,
P09,2009-10-01,1.267,0,0,
P09,2009-11-01,1.454,0,0,
P09,2009-12-01,1.55,0,0,
P09,2010-01-01,1.388,0,0,
P09,2010-02-01,1.886,0,0,
P09,2010-03-01,1.624,0,0,
P09,2010-04-01,1.835,0,0,
P09,2010-05-01,1.88,0,0,
P09,2010-06-01,2.127,0,0,
P09,2010-07-01,2.233,0,0,
P09,2010-08-01,2.259,0,0,
P09,2010-09-01,2.319,0,0,
P09,2010-10-01,2.35,0,0,
P09,2010-11-01,2.48,0,0,
P09,2010-12-01,2.413,0,0,
P09,2011-01-01,2.375,0,0,
P09,2011-02-01,2.837,0,0,
P09,2011-03-01,2.367,0,0,
P09,2011-04-01,2.763,0,0,
P09,2011-05-01,2.599,0,0,
P09,2011-06-01,2.986,0,0,
P09,2011-07-01,3.19,0,0,
P09,2011-08-01,3.033,0,0,
P09,2011-09-01,3.532,0,0,
P09,2011-10-01,3.094,0,0,
P09,2011-11-01,3.158,0,0,
P09,2011-12-01,3.129,0,0,
P09,2012-01-01,3.234,0,0,
P09,2012-02-01,3.396,0,0,
P09,2012-03-01,2.951,0,0,
P09,2012-04-01,2.945,0,0,
P09,2012-05-01,2.855,0,0,
P09,2012-06-01,3.55,0,0,
P09,2012-07-01,3.074,0,0,
P09,2012-08-01,2.977,0,0,
P09,2012-09-01,3.067,0,0,
P09,2012-10-01,3.125,0,0,
P09,2012-11-01,3.147,0,0,
P09,2012-12-01,2.959,0,0,
P09,2013-01-01,3.183,0,0,
P09,2013-02-01,3.372,0,0,
P09,2013-03-01,2.863,0,0,
P09,2013-04-01,3.368,0,0,
P09,2013-05-01,2.969,0,0,
P09,2013-06-01,3.056,0,0,
P09,2013-07-01,2.786,0,0,
P09,2013-08-01,3.458,0,0,
P09,2013-09-01,3.677,0,0,
P09,2013-10-01,3.562,0,0,
P09,2013-11-01,3.921,0,0,
P09,2013-12-01,4.232,0,0,
P09,2014-01-01,3.738,0,0,
P09,2014-02-01,3.991,0,0,
P09,2014-03-01,3.605,0,0,
P09,2014-04-01,3.929,0,0,
P09,2014-05-01,3.646,0,0,
P09,2014-06-01,3.935,0,0,
P09,2014-07-01,4.079,0,0,
P09,2014-08-01,4.271,0,0,
P09,2014-09-01,4.848,0,0,
P09,2014-10-01,4.793,0,0,
P09,2014-11-01,4.825,0,0,
P09,2014-12-01,4.886,0,0,
P09,2015-01-01,5.065,0,0,
P09,2015-02-01,5.558,0,0,
P09,2015-03-01,4.932,0,0,
P09,2015-04-01,5.321,0,0,
P09,2015-05-01,5.741,0,0,
P09,2015-06-01,5.787,0,0,
P09,2015-07-01,5.292,0,0,
P09,2015-08-01,5.454,0,0,
P09,2015-09-01,6.097,0,0,
P09,2015-10-01,6.144,0,0,
P09,2015-11-01,6.27,0,0,
P09,2015-12-01,6.232,0,0,
P09,2016-01-01,6.454,0.27,1.39,0.504
P09,2016-02-01,7.169,0.84,2.98,1.035
P09,2016-03-01,6.455,1.82,4.72,1.8
P09,2016-04-01,7.135,3.06,6,2.173
P09,2016-05-01,6.855,4.69,7.57,2.788
P09,2016-06-01,8.043,6.56,8.73,2.895
P09,2016-07-01,7.345,8.68,8.87,3.438
P09,2016-08-01,6.116,10.6,8.85,3.007
P09,2016-09-01,4.89,12.05,9.48,2.702
P09,2016-10-01,4.182,13,8.72,2.607
P09,2016-11-01,3.598,13.24,8.65,2.083
P09,2016-12-01,2.912,13.1,9.11,2.196
P09,2017-01-01,2.539,12.38,9.12,1.972
P09,2017-02-01,2.678,11.45,8.49,1.612
P09,2017-03-01,1.975,10.27,9.35,1.852
P09,2017-04-01,1.882,9.09,8.86,1.635
P09,2017-05-01,1.865,7.9,8.19,1.4
P09,2017-06-01,1.719,6.9,8.81,1.447
P09,2017-07-01,1.552,6.03,8.52,1.436
P09,2017-08-01,1.527,5.36,9.34,1.445
P09,2017-09-01,1.598,4.85,9.01,1.379
P09,2017-10-01,1.344,4.41,9.54,1.429
P09,2017-11-01,1.286,4.1,9.86,1.433
P09,2017-12-01,1.268,3.83,9.66,1.456
P09,2018-01-01,1.189,3.62,10.02,1.49
P09,2018-02-01,1.941,3.54,8.63,1.335
P09,2018-03-01,1.399,3.39,8.66,1.289
P09,2018-04-01,1.568,3.29,8.5,1.205
P09,2018-05-01,1.336,3.26,9.68,1.504
P09,2018-06-01,1.676,3.27,8.96,1.549
P09,2018-07-01,1.492,3.25,8.93,1.332
P09,2018-08-01,1.766,3.22,8.75,1.206
P09,2018-09-01,1.806,3.22,8.98,1.259
P09,2018-10-01,1.719,3.23,9.46,1.294
P09,2018-11-01,2.137,3.33,9.22,1.606
P09,2018-12-01,2.058,3.38,9.07,1.299
P09,2019-01-01,2.205,3.45,9.21,1.295
P09,2019-02-01,2.592,3.49,9.92,1.297
P09,2019-03-01,2.38,3.63,9.49,1.514
P09,2019-04-01,2.928,3.75,8.62,1.177
P09,2019-05-01,2.568,3.86,8.9,1.397
P09,2019-06-01,3.224,3.92,8.7,1.263
P09,2019-07-01,3.144,4.09,8.79,1.369
P09,2019-08-01,3.29,4.28,8.67,1.347
P09,2019-09-01,3.43,4.45,9.15,1.286
P09,2019-10-01,3.452,4.69,8.99,1.385
P09,2019-11-01,3.623,4.76,9.31,1.338
P09,2019-12-01,3.774,4.92,8.53,1.224
P09,2020-01-01,3.839,5.12,8.99,1.357
P09,2020-02-01,4.154,5.28,9.36,1.328
P09,2020-03-01,3.941,5.4,9.31,1.346
P09,2020-04-01,4.462,5.55,8.55,1.18
P09,2020-05-01,4.198,5.77,9.85,1.51
P09,2020-06-01,4.61,5.91,9.09,1.264
P09,2020-07-01,4.384,6.07,9.63,1.469
P09,2020-08-01,4.723,6.2,9.17,1.303
P09,2020-09-01,4.991,6.32,8.7,1.197
P09,2020-10-01,4.85,6.47,9.37,1.397
P09,2020-11-01,5.14,6.58,9.08,1.252
P09,2020-12-01,5.243,6.78,8.69,1.342
P09,2021-01-01,5.137,6.89,8.33,1.316
P09,2021-02-01,5.963,7.02,9.03,1.252
P09,2021-03-01,5.676,7.11,7.94,1.144
P09,2021-04-01,5.802,7.26,8.42,1.227
P09,2021-05-01,5.618,7.34,8.77,1.384
P09,2021-06-01,5.922,7.52,9.17,1.359
P09,2021-07-01,5.722,7.61,8.57,1.361
P09,2021-08-01,5.948,7.75,8.76,1.342
P09,2021-09-01,6.292,7.98,9.71,1.388
P09,2021-10-01,5.932,8.12,9.1,1.43
P09,2021-11-01,6.821,8.27,8.76,1.222
P09,2021-12-01,6.598,8.42,8.68,1.383
P09,2022-01-01,6.354,8.56,9.13,1.335
P09,2022-02-01,7.196,8.66,9.13,1.228
P09,2022-03-01,6.814,8.87,8.71,1.319
P09,2022-04-01,6.931,9,8.53,1.241
P09,2022-05-01,7.076,9.09,8.95,1.279
P09,2022-06-01,7.28,9.15,8.21,1.237
P09,2022-07-01,6.942,9.25,8.64,1.308
P09,2022-08-01,6.914,9.4,9.39,1.435
P09,2022-09-01,7.305,9.49,9.38,1.369
P09,2022-10-01,7.183,9.62,10.02,1.406
P09,2022-11-01,8.074,9.75,8.78,1.24
P09,2022-12-01,7.876,9.84,9.2,1.337
P09,2023-01-01,8.452,10.02,8.85,1.285
P09,2023-02-01,9.378,10.19,9.1,1.212
P09,2023-03-01,8.581,10.4,9.03,1.395
P09,2023-04-01,8.987,10.74,9.1,1.508
P09,2023-05-01,8.503,11,9.54,1.433
P09,2023-06-01,9.331,11.24,8.96,1.311
P09,2023-07-01,8.919,11.49,9.16,1.356
P09,2023-08-01,9.582,11.64,8.76,1.258
P09,2023-09-01,9.437,11.83,9.33,1.32
P09,2023-10-01,9.142,12.1,9.84,1.447
P09,2023-11-01,9.602,12.35,9.76,1.356
P09,2023-12-01,10.133,12.48,8.6,1.189
P09,2024-01-01,10.025,12.6,8.9,1.239
P09,2024-02-01,10.673,12.67,8.72,1.152
P09,2024-03-01,10.615,12.76,8.57,1.261
P09,2024-04-01,10.701,12.8,9.42,1.338
P09,2024-05-01,10.258,12.87,8.7,1.286
P09,2024-06-01,10.269,12.96,9.17,1.308
P09,2024-07-01,10.756,13.05,8.84,1.253
P09,2024-08-01,11.072,13.2,8.49,1.268
P09,2024-09-01,11.412,13.3,8.93,1.216
P09,2024-10-01,11.211,13.33,8.73,1.246
P09,2024-11-01,11.423,13.4,8.91,1.232
P09,2024-12-01,11.705,13.59,8.52,1.226
P09,2025-01-01,12.113,13.74,7.99,1.188
P09,2025-02-01,12.327,14.03,8.67,1.329
P09,2025-03-01,11.681,14.18,8.93,1.315
P09,2025-04-01,11.582,14.28,9.6,1.352
P09,2025-05-01,11.908,14.49,8.91,1.329
P09,2025-06-01,11.903,14.67,9.09,1.33
P09,2025-07-01,11.638,14.96,10.01,1.444
P09,2025-08-01,12.825,15.03,8.26,1.173
P09,2025-09-01,12.868,15.25,9.28,1.298
P09,2025-10-01,14.768,15.67,9.17,1.35
P09,2025-11-01,14.449,16.12,9.31,1.415
P09,2025-12-01,14.269,16.59,9.05,1.46
P09,2026-01-01,15.149,17.08,8.77,1.411
P09,2026-02-01,16.592,17.63,9.07,1.658
P09,2026-03-01,14.918,18.12,8.43,1.478
P09,2026-04-01,15.333,18.58,8.69,1.397
P09,2026-05-01,14.232,19.15,9.29,1.599
P09,2026-06-01,14.632,19.93,9.88,1.76
P09,2026-07-01,14.893,20.56,8.94,1.605
P09,2026-08-01,15.716,21.33,8.83,1.456
P10,2000-03-01,0.051,0,0,
P10,2000-04-01,0.051,0,0,
P10,2000-05-01,0.052,0,0,
P10,2000-06-01,0.052,0,0,
P10,2000-07-01,0.053,0,0,
P10,2000-08-01,0.053,0,0,
P10,2000-09-01,0.053,0,0,
P10,2000-10-01,0.054,0,0,
P10,2000-11-01,0.054,0,0,
P10,2000-12-01,0.055,0,0,
P10,2001-01-01,0.055,0,0,
P10,2001-02-01,0.056,0,0,
P10,2001-03-01,0.056,0,0,
P10,2001-04-01,0.056,0,0,
P10,2001-05-01,0.057,0,0,
P10,2001-06-01,0.057,0,0,
P10,2001-07-01,0.058,0,0,
P10,2001-08-01,0.058,0,0,
P10,2001-09-01,0.058,0,0,
P10,2001-10-01,0.059,0,0,
P10,2001-11-01,0.059,0,0,
P10,2001-12-01,0.06,0,0,
P10,2002-01-01,0.06,0,0,
P10,2002-02-01,0.06,0,0,
P10,2002-03-01,0.061,0,0,
P10,2002-04-01,0.061,0,0,
P10,2002-05-01,0.062,0,0,
P10,2002-06-01,0.062,0,0,
P10,2002-07-01,0.063,0,0,
P10,2002-08-01,0.063,0,0,
P10,2002-09-01,0.063,0,0,
P10,2002-10-01,0.064,0,0,
P10,2002-11-01,0.064,0,0,
P10,2002-12-01,0.065,0,0,
P10,2003-01-01,0.065,0,0,
P10,2003-02-01,0.065,0,0,
P10,2003-03-01,0.066,0,0,
P10,2003-04-01,0.066,0,0,
P10,2003-05-01,0.067,0,0,
P10,2003-06-01,0.067,0,0,
P10,2003-07-01,0.067,0,0,
P10,2003-08-01,0.068,0,0,
P10,2003-09-01,0.068,0,0,
P10,2003-10-01,0.069,0,0,
P10,2003-11-01,0.069,0,0,
P10,2003-12-01,0.07,0,0,
P10,2004-01-01,0.07,0,0,
P10,2004-02-01,0.07,0,0,
P10,2004-03-01,0.071,0,0,
P10,2004-04-01,0.071,0,0,
P10,2004-05-01,0.072,0,0,
P10,2004-06-01,0.072,0,0,
P10,2004-07-01,0.072,0,0,
P10,2004-08-01,0.073,0,0,
P10,2004-09-01,0.073,0,0,
P10,2004-10-01,0.074,0,0,
P10,2004-11-01,0.074,0,0,
P10,2004-12-01,0.075,0,0,
P10,2005-01-01,0.075,0,0,
P10,2005-02-01,0.075,0,0,
P10,2005-03-01,0.076,0,0,
P10,2005-04-01,0.076,0,0,
P10,2005-05-01,0.077,0,0,
P10,2005-06-01,0.077,0,0,
P10,2005-07-01,0.077,0,0,
P10,2005-08-01,0.078,0,0,
P10,2005-09-01,0.078,0,0,
P10,2005-10-01,0.079,0,0,
P10,2005-11-01,0.079,0,0,
P10,2005-12-01,0.08,0,0,
P10,2006-01-01,0.08,0,0,
P10,2006-02-01,0.08,0,0,
P10,2006-03-01,0.081,0,0,
P10,2006-04-01,0.081,0,0,
P10,2006-05-01,0.082,0,0,
P10,2006-06-01,0.082,0,0,
P10,2006-07-01,0.083,0,0,
P10,2006-08-01,0.083,0,0,
P10,2006-09-01,0.084,0,0,
P10,2006-10-01,0.084,0,0,
P10,2006-11-01,0.084,0,0,
P10,2006-12-01,0.085,0,0,
P10,2007-01-01,0.085,0,0,
P10,2007-02-01,0.085,0,0,
P10,2007-03-01,0.086,0,0,
P10,2007-04-01,0.11,0,0,
P10,2007-05-01,0.195,0,0,
P10,2007-06-01,0.3,0,0,
P10,2007-07-01,0.416,0,0,
P10,2007-08-01,0.497,0,0,
P10,2007-09-01,0.644,0,0,
P10,2007-10-01,0.645,0,0,
P10,2007-11-01,0.719,0,0,
P10,2007-12-01,0.646,0,0,
P10,2008-01-01,0.594,0,0,
P10,2008-02-01,0.691,0,0,
P10,2008-03-01,0.613,0,0,
P10,2008-04-01,0.708,0,0,
P10,2008-05-01,0.742,0,0,
P10,2008-06-01,0.858,0,0,
P10,2008-07-01,0.798,0,0,
P10,2008-08-01,0.673,0,0,
P10,2008-09-01,0.918,0,0,
P10,2008-10-01,0.959,0,0,
P10,2008-11-01,0.905,0,0,
P10,2008-12-01,0.848,0,0,
P10,2009-01-01,1.023,0,0,
P10,2009-02-01,1.243,0,0,
P10,2009-03-01,0.942,0,0,
P10,2009-04-01,1.113,0,0,
P10,2009-05-01,1.108,0,0,
P10,2009-06-01,1.161,0,0,
P10,2009-07-01,1.213,0,0,
P10,2009-08-01,1.134,0,0,
P10,2009-09-01,1.431,0,0,
P10,2009-10-01,1.388,0,0,
P10,2009-11-01,1.428,0,0,
P10,2009-12-01,1.543,0,0,
P10,2010-01-01,1.337,0,0,
P10,2010-02-01,1.95,0,0,
P10,2010-03-01,1.673,0,0,
P10,2010-04-01,1.871,0,0,
P10,2010-05-01,1.862,0,0,
P10,2010-06-01,2.12,0,0,
P10,2010-07-01,2.165,0,0,
P10,2010-08-01,2.161,0,0,
P10,2010-09-01,2.281,0,0,
P10,2010-10-01,2.334,0,0,
P10,2010-11-01,2.458,0,0,
P10,2010-12-01,2.381,0,0,
P10,2011-01-01,2.449,0.12,1.25,0.496
P10,2011-02-01,2.902,0.32,2.27,0.799
P10,2011-03-01,2.358,0.72,3.85,2.199
P10,2011-04-01,2.856,1.23,4.85,1.879
P10,2011-05-01,2.904,1.95,6.55,2.474
P10,2011-06-01,3.086,2.82,7.9,2.928
P10,2011-07-01,3.376,3.73,7.48,2.919
P10,2011-08-01,3.333,4.65,7.46,2.458
P10,2011-09-01,3.329,5.51,7.69,2.364
P10,2011-10-01,2.888,6.34,7.29,2.294
P10,2011-11-01,2.848,6.97,7.64,2.007
P10,2011-12-01,2.35,7.4,7.19,1.777
P10,2012-01-01,2.103,7.37,8.01,1.584
P10,2012-02-01,2.175,7.1,7.34,1.295
P10,2012-03-01,1.826,6.54,7.75,1.351
P10,2012-04-01,1.664,6.02,7.82,1.307
P10,2012-05-01,1.634,5.38,7.26,1.123
P10,2012-06-01,1.661,4.84,7.56,1.168
P10,2012-07-01,1.519,4.28,6.8,0.996
P10,2012-08-01,1.393,3.86,7.27,1.092
P10,2012-09-01,1.481,3.53,7.47,1.064
P10,2012-10-01,1.506,3.23,6.79,0.944
P10,2012-11-01,1.436,2.99,7.33,1.003
P10,2012-12-01,1.264,2.8,7.46,1.014
P10,2013-01-01,1.467,2.64,6.73,0.948
P10,2013-02-01,1.762,2.57,7.2,0.98
P10,2013-03-01,1.518,2.49,7.33,1.012
P10,2013-04-01,1.589,2.49,7.82,1.293
P10,2013-05-01,1.578,2.5,7.17,1.219
P10,2013-06-01,1.579,2.45,7.4,0.967
P10,2013-07-01,1.616,2.5,7.94,1.208
P10,2013-08-01,1.758,2.51,7.45,1.002
P10,2013-09-01,2.002,2.54,7.35,1.007
P10,2013-10-01,2.049,2.6,7.78,1.047
P10,2013-11-01,2.487,2.65,6.82,0.895
P10,2013-12-01,2.342,2.75,7.37,1.051
P10,2014-01-01,2.313,2.82,7.32,0.958
P10,2014-02-01,2.586,2.87,7.58,0.97
P10,2014-03-01,2.415,2.96,7.79,1.092
P10,2014-04-01,2.476,2.96,7.29,0.97
P10,2014-05-01,2.595,2.99,7.46,0.989
P10,2014-06-01,2.773,3.09,7.38,0.965
P10,2014-07-01,2.887,3.12,7.09,0.964
P10,2014-08-01,3.161,3.27,7.58,1.161
P10,2014-09-01,3.434,3.35,7.24,0.951
P10,2014-10-01,3.37,3.49,7.54,1.208
P10,2014-11-01,3.548,3.59,7.62,0.995
P10,2014-12-01,3.667,3.65,7.16,0.938
P10,2015-01-01,3.775,3.78,7.44,0.981
P10,2015-02-01,4.29,3.88,7.52,0.93
P10,2015-03-01,3.786,3.99,8.01,1.104
P10,2015-04-01,4.088,4.12,7.58,0.963
P10,2015-05-01,4.409,4.23,6.76,0.885
P10,2015-06-01,4.342,4.36,7.7,0.95
P10,2015-07-01,4.001,4.5,7.99,1.083
P10,2015-08-01,4.308,4.54,7.88,1.028
P10,2015-09-01,5.257,4.64,7.14,0.887
P10,2015-10-01,5.023,4.65,6.86,0.911
P10,2015-11-01,5.112,4.76,7.45,0.972
P10,2015-12-01,5.169,4.89,7.48,1.002
P10,2016-01-01,5.042,5.03,7.99,1.065
P10,2016-02-01,5.974,5.12,7.1,0.9
P10,2016-03-01,5.176,5.19,7.63,1.014
P10,2016-04-01,5.86,5.32,7.54,0.967
P10,2016-05-01,5.888,5.45,7.46,0.931
P10,2016-06-01,6.406,5.55,6.77,0.853
P10,2016-07-01,5.659,5.71,7.23,1.173
P10,2016-08-01,5.263,5.78,7.78,0.989
P10,2016-09-01,5.277,5.75,7.01,0.836
P10,2016-10-01,4.679,5.72,7.45,0.922
P10,2016-11-01,4.603,5.58,7.35,0.82
P10,2016-12-01,3.876,5.39,8.03,0.897
P10,2017-01-01,3.745,5.07,7.19,0.743
P10,2017-02-01,3.938,4.79,6.76,0.651
P10,2017-03-01,3.257,4.46,7.1,0.702
P10,2017-04-01,2.735,4.14,7.45,0.774
P10,2017-05-01,3.033,3.81,7.06,0.632
P10,2017-06-01,2.844,3.55,7.46,0.685
P10,2017-07-01,2.549,3.25,7.41,0.677
P10,2017-08-01,2.426,2.97,7.12,0.61
P10,2017-09-01,2.667,2.81,8.17,0.674
P10,2017-10-01,2.61,2.62,6.99,0.571
P10,2017-11-01,2.659,2.51,8.28,0.67
P10,2017-12-01,2.525,2.39,7.65,0.66
P10,2018-01-01,2.509,2.32,7.47,0.656
P10,2018-02-01,3.049,2.27,7.24,0.557
P10,2018-03-01,2.662,2.23,7.31,0.656
P10,2018-04-01,2.964,2.2,7.32,0.603
P10,2018-05-01,2.784,2.18,7.01,0.598
P10,2018-06-01,2.898,2.17,7.28,0.624
P10,2018-07-01,2.981,2.17,7.34,0.631
P10,2018-08-01,3.019,2.21,7.28,0.619
P10,2018-09-01,3.292,2.22,7.41,0.617
P10,2018-10-01,3.201,2.26,7.68,0.637
P10,2018-11-01,3.397,2.28,7.26,0.597
P10,2018-12-01,3.525,2.31,7.28,0.62
P10,2019-01-01,3.758,2.35,7.23,0.592
P10,2019-02-01,4.14,2.4,7.65,0.592
P10,2019-03-01,3.705,2.44,6.86,0.645
P10,2019-04-01,4.195,2.49,7.25,0.579
P10,2019-05-01,4.045,2.56,7.02,0.62
P10,2019-06-01,4.741,2.63,7.1,0.604
P10,2019-07-01,4.989,2.71,6.95,0.623
P10,2019-08-01,5.075,2.79,6.67,0.608
P10,2019-09-01,5.097,2.88,7.61,0.652
P10,2019-10-01,5.094,3,8,0.675
P10,2019-11-01,5.282,3.12,8.06,0.664
P10,2019-12-01,5.552,3.22,7.25,0.639
P10,2020-01-01,5.868,3.32,6.99,0.576
P10,2020-02-01,6.378,3.38,6.95,0.515
P10,2020-03-01,5.863,3.48,7.59,0.62
P10,2020-04-01,6.391,3.61,7.63,0.631
P10,2020-05-01,6.319,3.72,7.21,0.613
P10,2020-06-01,6.579,3.79,7.29,0.568
P10,2020-07-01,6.281,3.86,7.45,0.633
P10,2020-08-01,6.757,3.93,7.34,0.597
P10,2020-09-01,6.914,3.95,6.81,0.541
P10,2020-10-01,7.107,4.03,7.74,0.653
P10,2020-11-01,7.328,4.06,7.01,0.552
P10,2020-12-01,7.366,4.17,7.86,0.682
P10,2021-01-01,6.991,4.3,7.7,0.716
P10,2021-02-01,8.386,4.39,6.88,0.532
P10,2021-03-01,7.548,4.47,7.26,0.61
P10,2021-04-01,8.21,4.53,7.28,0.601
P10,2021-05-01,7.647,4.63,7.72,0.682
P10,2021-06-01,8.062,4.72,7.25,0.597
P10,2021-07-01,7.973,4.83,7.96,0.671
P10,2021-08-01,8.589,4.94,7.34,0.62
P10,2021-09-01,8.735,5.04,7.07,0.563
P10,2021-10-01,8.342,5.12,7.63,0.689
P10,2021-11-01,9.261,5.22,7.21,0.564
P10,2021-12-01,9.165,5.3,7.88,0.677
P10,2022-01-01,8.866,5.34,7.56,0.627
P10,2022-02-01,9.685,5.4,7.23,0.547
P10,2022-03-01,9.381,5.49,7.17,0.611
P10,2022-04-01,9.369,5.52,7.34,0.568
P10,2022-05-01,9.218,5.53,7.24,0.589
P10,2022-06-01,9.617,5.62,7.53,0.624
P10,2022-07-01,9.622,5.66,7.26,0.618
P10,2022-08-01,9.62,5.76,7.94,0.689
P10,2022-09-01,10.514,5.85,7.15,0.573
P10,2022-10-01,9.861,5.88,7.63,0.637
P10,2022-11-01,11.263,6.02,7.53,0.632
P10,2022-12-01,10.398,6.05,8,0.643
P10,2023-01-01,11.189,6.12,7.13,0.579
P10,2023-02-01,12.096,6.19,6.78,0.512
P10,2023-03-01,10.944,6.23,6.84,0.579
P10,2023-04-01,12.492,6.43,6.88,0.674
P10,2023-05-01,11.21,6.6,7.68,0.655
P10,2023-06-01,12.027,6.64,6.82,0.551
P10,2023-07-01,11.617,6.72,7.1,0.596
P10,2023-08-01,12.259,6.74,6.98,0.571
P10,2023-09-01,12.437,6.81,6.89,0.558
P10,2023-10-01,12.312,6.91,7.06,0.616
P10,2023-11-01,12.243,6.95,7.71,0.629
P10,2023-12-01,12.762,7.06,7.52,0.635
P10,2024-01-01,12.813,7.17,7.39,0.614
P10,2024-02-01,13.806,7.31,7.49,0.577
P10,2024-03-01,13.611,7.48,7.63,0.621
P10,2024-04-01,14.123,7.41,6.55,0.534
P10,2024-05-01,13.193,7.52,7.83,0.67
P10,2024-06-01,13.373,7.64,7.68,0.603
P10,2024-07-01,13.571,7.8,7.8,0.653
P10,2024-08-01,14.287,7.94,7.51,0.612
P10,2024-09-01,15.033,8.06,7.24,0.565
P10,2024-10-01,14.447,8.1,7.21,0.568
P10,2024-11-01,14.983,8.15,7.06,0.556
P10,2024-12-01,15.087,8.21,7.44,0.598
P10,2025-01-01,15.023,8.33,7.53,0.626
P10,2025-02-01,16.366,8.52,7.76,0.674
P10,2025-03-01,15.576,8.57,6.99,0.589
P10,2025-04-01,15.599,8.74,7.53,0.616
P10,2025-05-01,15.645,8.76,7.43,0.595
P10,2025-06-01,15.691,8.88,7.27,0.609
P10,2025-07-01,15.308,8.82,6.65,0.536
P10,2025-08-01,16.107,8.95,7.45,0.647
P10,2025-09-01,16.949,9.05,7.01,0.578
P10,2025-10-01,17.345,9.27,7.59,0.638
P10,2025-11-01,17.164,9.42,7.38,0.592
P10,2025-12-01,17.187,9.61,8.1,0.67
P10,2026-01-01,18.216,9.74,7.31,0.608
P10,2026-02-01,21.178,9.89,7.45,0.679
P10,2026-03-01,18.458,10.15,7.58,0.695
P10,2026-04-01,18.653,10.27,7.58,0.596
P10,2026-05-01,18.398,10.5,7.47,0.661
P10,2026-06-01,19.145,10.69,7.25,0.623
P10,2026-07-01,18.515,11.11,7.77,0.698
P10,2026-08-01,19.453,11.25,7.16,0.63
P11,2000-03-01,0.051,0,0,
P11,2000-04-01,0.051,0,0,
P11,2000-05-01,0.052,0,0,
P11,2000-06-01,0.052,0,0,
P11,2000-07-01,0.053,0,0,
P11,2000-08-01,0.053,0,0,
P11,2000-09-01,0.053,0,0,
P11,2000-10-01,0.054,0,0,
P11,2000-11-01,0.054,0,0,
P11,2000-12-01,0.055,0,0,
P11,2001-01-01,0.055,0,0,
P11,2001-02-01,0.056,0,0,
P11,2001-03-01,0.056,0,0,
P11,2001-04-01,0.056,0,0,
P11,2001-05-01,0.057,0,0,
P11,2001-06-01,0.057,0,0,
P11,2001-07-01,0.058,0,0,
P11,2001-08-01,0.058,0,0,
P11,2001-09-01,0.058,0,0,
P11,2001-10-01,0.059,0,0,
P11,2001-11-01,0.059,0,0,
P11,2001-12-01,0.06,0,0,
P11,2002-01-01,0.06,0,0,
P11,2002-02-01,0.06,0,0,
P11,2002-03-01,0.061,0,0,
P11,2002-04-01,0.061,0,0,
P11,2002-05-01,0.062,0,0,
P11,2002-06-01,0.062,0,0,
P11,2002-07-01,0.063,0,0,
P11,2002-08-01,0.063,0,0,
P11,2002-09-01,0.063,0,0,
P11,2002-10-01,0.064,0,0,
P11,2002-11-01,0.064,0,0,
P11,2002-12-01,0.065,0,0,
P11,2003-01-01,0.065,0,0,
P11,2003-02-01,0.065,0,0,
P11,2003-03-01,0.066,0,0,
P11,2003-04-01,0.066,0,0,
P11,2003-05-01,0.067,0,0,
P11,2003-06-01,0.067,0,0,
P11,2003-07-01,0.068,0,0,
P11,2003-08-01,0.068,0,0,
P11,2003-09-01,0.068,0,0,
P11,2003-10-01,0.069,0,0,
P11,2003-11-01,0.069,0,0,
P11,2003-12-01,0.07,0,0,
P11,2004-01-01,0.07,0,0,
P11,2004-02-01,0.07,0,0,
P11,2004-03-01,0.071,0,0,
P11,2004-04-01,0.071,0,0,
P11,2004-05-01,0.072,0,0,
P11,2004-06-01,0.072,0,0,
P11,2004-07-01,0.072,0,0,
P11,2004-08-01,0.073,0,0,
P11,2004-09-01,0.073,0,0,
P11,2004-10-01,0.074,0,0,
P11,2004-11-01,0.074,0,0,
P11,2004-12-01,0.075,0,0,
P11,2005-01-01,0.075,0,0,
P11,2005-02-01,0.075,0,0,
P11,2005-03-01,0.076,0,0,
P11,2005-04-01,0.076,0,0,
P11,2005-05-01,0.077,0,0,
P11,2005-06-01,0.077,0,0,
P11,2005-07-01,0.077,0,0,
P11,2005-08-01,0.078,0,0,
P11,2005-09-01,0.078,0,0,
P11,2005-10-01,0.079,0,0,
P11,2005-11-01,0.079,0,0,
P11,2005-12-01,0.08,0,0,
P11,2006-01-01,0.08,0,0,
P11,2006-02-01,0.08,0,0,
P11,2006-03-01,0.081,0,0,
P11,2006-04-01,0.082,0,0,
P11,2006-05-01,0.082,0,0,
P11,2006-06-01,0.082,0,0,
P11,2006-07-01,0.083,0,0,
P11,2006-08-01,0.083,0,0,
P11,2006-09-01,0.084,0,0,
P11,2006-10-01,0.084,0,0,
P11,2006-11-01,0.084,0,0,
P11,2006-12-01,0.084,0,0,
P11,2007-01-01,0.085,0,0,
P11,2007-02-01,0.086,0,0,
P11,2007-03-01,0.086,0,0,
P11,2007-04-01,0.096,0,0,
P11,2007-05-01,0.13,0,0,
P11,2007-06-01,0.19,0,0,
P11,2007-07-01,0.235,0,0,
P11,2007-08-01,0.331,0,0,
P11,2007-09-01,0.472,0,0,
P11,2007-10-01,0.565,0,0,
P11,2007-11-01,0.708,0,0,
P11,2007-12-01,0.791,0,0,
P11,2008-01-01,0.808,0,0,
P11,2008-02-01,0.932,0,0,
P11,2008-03-01,0.959,0,0,
P11,2008-04-01,1.135,0,0,
P11,2008-05-01,1.081,0,0,
P11,2008-06-01,1.262,0,0,
P11,2008-07-01,1.01,0,0,
P11,2008-08-01,1.077,0,0,
P11,2008-09-01,1.273,0,0,
P11,2008-10-01,1.375,0,0,
P11,2008-11-01,1.398,0,0,
P11,2008-12-01,1.458,0,0,
P11,2009-01-01,1.347,0,0,
P11,2009-02-01,1.684,0,0,
P11,2009-03-01,1.486,0,0,
P11,2009-04-01,1.52,0,0,
P11,2009-05-01,1.502,0,0,
P11,2009-06-01,1.509,0,0,
P11,2009-07-01,1.623,0,0,
P11,2009-08-01,1.645,0,0,
P11,2009-09-01,1.926,0,0,
P11,2009-10-01,2.104,0,0,
P11,2009-11-01,2.193,0,0,
P11,2009-12-01,2.096,0,0,
P11,2010-01-01,2.227,0,0,
P11,2010-02-01,2.927,0,0,
P11,2010-03-01,2.426,0,0,
P11,2010-04-01,2.852,0,0,
P11,2010-05-01,2.913,0,0,
P11,2010-06-01,3.199,0,0,
P11,2010-07-01,3.172,0,0,
P11,2010-08-01,3.446,0,0,
P11,2010-09-01,3.664,0,0,
P11,2010-10-01,3.767,0,0,
P11,2010-11-01,4.134,0,0,
P11,2010-12-01,4.052,0,0,
P11,2011-01-01,3.985,0,0,
P11,2011-02-01,4.51,0,0,
P11,2011-03-01,4.247,0,0,
P11,2011-04-01,4.565,0,0,
P11,2011-05-01,4.601,0,0,
P11,2011-06-01,4.859,0.22,2.09,0.574
P11,2011-07-01,4.71,0.71,4.25,1.433
P11,2011-08-01,4.978,1.39,5.84,1.53
P11,2011-09-01,4.673,2.33,7.94,2.454
P11,2011-10-01,4.718,3.58,10.35,2.547
P11,2011-11-01,4.111,4.89,12.03,2.644
P11,2011-12-01,3.068,5.94,12.11,2.344
P11,2012-01-01,2.433,6.49,12.01,2.017
P11,2012-02-01,2.35,6.61,11.37,1.633
P11,2012-03-01,2.034,6.53,11.96,1.56
P11,2012-04-01,1.806,6.39,12.57,1.57
P11,2012-05-01,1.645,6.18,12.72,1.563
P11,2012-06-01,1.531,5.84,12.76,1.478
P11,2012-07-01,1.379,5.42,12.77,1.496
P11,2012-08-01,1.398,4.98,12.4,1.308
P11,2012-09-01,1.44,4.58,12.39,1.32
P11,2012-10-01,1.44,4.18,11.17,1.207
P11,2012-11-01,1.36,3.82,12.07,1.271
P11,2012-12-01,1.224,3.51,12.11,1.218
P11,2013-01-01,1.381,3.34,11.8,1.332
P11,2013-02-01,1.695,3.3,12.39,1.584
P11,2013-03-01,1.634,3.21,11.05,1.218
P11,2013-04-01,1.596,3.18,12.75,1.485
P11,2013-05-01,1.647,3.17,12.24,1.499
P11,2013-06-01,1.672,3.15,12.84,1.309
P11,2013-07-01,1.805,3.18,11.96,1.43
P11,2013-08-01,1.745,3.23,13.16,1.377
P11,2013-09-01,2.027,3.29,12.73,1.37
P11,2013-10-01,2.246,3.37,12.18,1.219
P11,2013-11-01,2.675,3.47,11.69,1.213
P11,2013-12-01,2.397,3.64,12.42,1.344
P11,2014-01-01,2.563,3.73,11.66,1.188
P11,2014-02-01,2.882,3.75,12.04,1.213
P11,2014-03-01,2.859,3.85,10.92,1.176
P11,2014-04-01,2.802,3.93,12.59,1.306
P11,2014-05-01,3.123,3.99,11.38,1.187
P11,2014-06-01,3.298,4.12,11.72,1.214
P11,2014-07-01,3.297,4.24,12.13,1.339
P11,2014-08-01,3.691,4.44,11.85,1.413
P11,2014-09-01,3.891,4.57,11.93,1.232
P11,2014-10-01,3.938,4.81,12.17,1.536
P11,2014-11-01,4.071,4.95,11.99,1.26
P11,2014-12-01,4.16,5.1,11.88,1.248
P11,2015-01-01,4.331,5.29,11.77,1.195
P11,2015-02-01,4.775,5.47,12.36,1.271
P11,2015-03-01,4.457,5.69,11.96,1.343
P11,2015-04-01,4.777,5.86,11.84,1.206
P11,2015-05-01,4.925,6.07,11.64,1.239
P11,2015-06-01,4.927,6.24,11.6,1.192
P11,2015-07-01,4.824,6.38,12.38,1.288
P11,2015-08-01,5.054,6.45,12.16,1.244
P11,2015-09-01,6.046,6.57,10.52,1.088
P11,2015-10-01,5.664,6.61,11.82,1.23
P11,2015-11-01,5.785,6.77,12.21,1.277
P11,2015-12-01,5.942,6.96,12.05,1.295
P11,2016-01-01,5.704,7.17,12.61,1.343
P11,2016-02-01,6.744,7.28,10.94,1.174
P11,2016-03-01,5.727,7.45,13.31,1.406
P11,2016-04-01,6.337,7.71,12.13,1.487
P11,2016-05-01,6.754,7.82,10.95,1.125
P11,2016-06-01,6.94,8.01,11.63,1.188
P11,2016-07-01,6.345,8.2,11.1,1.336
P11,2016-08-01,5.597,8.25,12.07,1.22
P11,2016-09-01,5.661,8.26,12.32,1.178
P11,2016-10-01,5.075,8.15,12,1.189
P11,2016-11-01,5.099,7.94,11.21,1.057
P11,2016-12-01,4.503,7.69,12.41,1.169
P11,2017-01-01,4.499,7.43,12.91,1.158
P11,2017-02-01,4.753,7.11,10.88,0.916
P11,2017-03-01,4.032,6.84,12.6,1.227
P11,2017-04-01,3.683,6.47,12.04,1.143
P11,2017-05-01,4.033,6.17,11.61,0.99
P11,2017-06-01,3.781,5.92,13.93,1.159
P11,2017-07-01,3.552,5.57,12.15,0.982
P11,2017-08-01,3.374,5.31,12.17,1.029
P11,2017-09-01,3.947,5.12,12.38,0.972
P11,2017-10-01,4.054,4.93,11.52,0.897
P11,2017-11-01,4.474,4.86,12.36,0.949
P11,2017-12-01,4.31,4.8,12.12,1.022
P11,2018-01-01,4.44,4.77,12.83,1.077
P11,2018-02-01,4.974,4.74,11.26,0.814
P11,2018-03-01,4.695,4.72,11.9,1.02
P11,2018-04-01,4.922,4.75,12.56,0.994
P11,2018-05-01,4.626,4.8,12.62,1.01
P11,2018-06-01,5.227,4.88,12.89,1.112
P11,2018-07-01,5.248,4.99,11.73,0.943
P11,2018-08-01,5.173,5.16,12.74,1.082
P11,2018-09-01,5.783,5.31,12.26,1.018
P11,2018-10-01,5.517,5.5,12.1,1.045
P11,2018-11-01,5.91,5.66,13.38,1.044
P11,2018-12-01,5.964,5.79,12.75,1.025
P11,2019-01-01,6.36,5.89,11.96,0.998
P11,2019-02-01,6.756,6.09,12,0.957
P11,2019-03-01,6.345,6.17,11.49,0.939
P11,2019-04-01,6.482,6.29,12.47,0.99
P11,2019-05-01,6.692,6.4,11.22,0.886
P11,2019-06-01,7.128,6.48,11.61,1.009
P11,2019-07-01,7.507,6.64,11,0.939
P11,2019-08-01,7.671,6.78,11.47,0.986
P11,2019-09-01,8.094,6.89,10.92,0.944
P11,2019-10-01,7.623,7.03,12.07,1.011
P11,2019-11-01,7.9,7.13,12.04,0.956
P11,2019-12-01,8.065,7.35,13.14,1.118
P11,2020-01-01,8.565,7.5,11.9,0.992
P11,2020-02-01,9.274,7.7,12.74,1
P11,2020-03-01,8.775,8,13.16,1.111
P11,2020-04-01,9.014,8.22,11.99,1.021
P11,2020-05-01,8.931,8.52,12.38,1.025
P11,2020-06-01,9.47,8.62,11.37,0.9
P11,2020-07-01,8.819,8.89,13.67,1.168
P11,2020-08-01,9.528,9.11,11.97,1.112
P11,2020-09-01,9.972,9.33,13.12,1.059
P11,2020-10-01,10.315,9.54,11.52,1.004
P11,2020-11-01,10.745,9.77,11.49,0.957
P11,2020-12-01,10.387,9.89,10.48,1.048
P11,2021-01-01,9.934,10.09,12.6,1.098
P11,2021-02-01,11.866,10.19,11.77,0.907
P11,2021-03-01,10.474,10.28,11.85,1.058
P11,2021-04-01,11.271,10.42,11.3,0.982
P11,2021-05-01,10.517,10.54,11.41,1.004
P11,2021-06-01,11.296,10.88,12.73,1.115
P11,2021-07-01,11.068,10.99,12.45,1.062
P11,2021-08-01,11.8,11.05,11.92,0.983
P11,2021-09-01,11.837,11.2,12.51,1.061
P11,2021-10-01,12.312,11.42,12.39,1.069
P11,2021-11-01,12.141,11.68,12.49,1.14
P11,2021-12-01,12.207,11.79,12.62,1.01
P11,2022-01-01,12.4,11.95,12.59,1.055
P11,2022-02-01,13.161,12.12,12.6,0.986
P11,2022-03-01,12.85,12.24,10.97,0.99
P11,2022-04-01,12.815,12.38,12.65,1
P11,2022-05-01,12.422,12.56,12.08,1.024
P11,2022-06-01,12.639,12.6,12.76,1.042
P11,2022-07-01,13.118,12.73,11.91,1.025
P11,2022-08-01,12.749,12.93,12.94,1.095
P11,2022-09-01,14.109,13.07,12.76,1.029
P11,2022-10-01,13.634,13.15,10.8,1.06
P11,2022-11-01,15.466,13.11,10.84,0.88
P11,2022-12-01,14.257,13.23,11.65,0.965
P11,2023-01-01,14.156,13.47,12.69,1.167
P11,2023-02-01,15.945,13.58,11.59,0.918
P11,2023-03-01,14.639,13.8,12.49,1.065
P11,2023-04-01,15.891,14,11.7,0.971
P11,2023-05-01,15.642,14.29,12.06,1.047
P11,2023-06-01,15.864,14.47,11.94,0.975
P11,2023-07-01,15.571,14.62,11.52,0.987
P11,2023-08-01,16.469,14.85,12.57,1.027
P11,2023-09-01,16.616,14.98,11.55,0.977
P11,2023-10-01,16.387,15.1,11.43,0.991
P11,2023-11-01,16.418,15.45,13.39,1.096
P11,2023-12-01,17.128,15.96,11.67,1.235
P11,2024-01-01,17.39,16.1,12.16,1.07
P11,2024-02-01,18.613,16.44,13.12,1.033
P11,2024-03-01,18.707,16.72,12.22,1.028
P11,2024-04-01,19.018,17.03,12.3,1.03
P11,2024-05-01,18.626,17.16,11.08,0.977
P11,2024-06-01,18.313,17.38,12.02,0.986
P11,2024-07-01,18.154,17.92,13.29,1.222
P11,2024-08-01,19.339,18.22,12.16,1.071
P11,2024-09-01,20.126,18.52,11.8,0.996
P11,2024-10-01,19.207,18.79,11.98,1.007
P11,2024-11-01,20.372,19.19,13.42,1.144
P11,2024-12-01,20.864,19.3,12.5,1.093
P11,2025-01-01,19.484,19.58,12.89,1.137
P11,2025-02-01,22.05,19.61,11.27,0.89
P11,2025-03-01,20.053,19.74,12.46,1.041
P11,2025-04-01,20.63,19.87,12.65,1.026
P11,2025-05-01,20.713,19.94,11.29,0.925
P11,2025-06-01,21.362,20.33,12.54,1.074
P11,2025-07-01,20.321,20.43,13.65,1.157
P11,2025-08-01,21.867,20.65,12.39,1.088
P11,2025-09-01,22.554,20.83,12.56,0.994
P11,2025-10-01,22.172,21.07,11.58,1.007
P11,2025-11-01,22.251,21,13.06,1.013
P11,2025-12-01,22.339,21.02,12.58,1.035
P11,2026-01-01,23.095,20.97,11.81,0.943
P11,2026-02-01,25.347,21.23,11.71,0.919
P11,2026-03-01,23.631,21.52,11.69,1.05
P11,2026-04-01,23.157,21.64,12.79,0.983
P11,2026-05-01,24.054,22.19,12.6,1.079
P11,2026-06-01,24.905,22.39,12.75,1.039
P11,2026-07-01,23.705,22.44,11.98,1.03
P11,2026-08-01,24.81,22.74,12.37,1.14
P12,2000-03-01,,,0,
P12,2000-04-01,0.051,0,0,
P12,2000-05-01,0.052,0,0,
P12,2000-06-01,0.052,0,0,
P12,2000-07-01,0.053,0,0,
P12,2000-08-01,0.053,0,0,
P12,2000-09-01,0.053,0,0,
P12,2000-10-01,0.054,0,0,
P12,2000-11-01,0.054,0,0,
P12,2000-12-01,0.055,0,0,
P12,2001-01-01,0.055,0,0,
P12,2001-02-01,0.055,0,0,
P12,2001-03-01,0.056,0,0,
P12,2001-04-01,0.056,0,0,
P12,2001-05-01,0.057,0,0,
P12,2001-06-01,0.057,0,0,
P12,2001-07-01,0.058,0,0,
P12,2001-08-01,0.058,0,0,
P12,2001-09-01,0.058,0,0,
P12,2001-10-01,0.059,0,0,
P12,2001-11-01,0.059,0,0,
P12,2001-12-01,0.06,0,0,
P12,2002-01-01,0.06,0,0,
P12,2002-02-01,0.061,0,0,
P12,2002-03-01,0.061,0,0,
P12,2002-04-01,0.061,0,0,
P12,2002-05-01,0.062,0,0,
P12,2002-06-01,0.062,0,0,
P12,2002-07-01,0.062,0,0,
P12,2002-08-01,0.063,0,0,
P12,2002-09-01,0.063,0,0,
P12,2002-10-01,0.064,0,0,
P12,2002-11-01,0.064,0,0,
P12,2002-12-01,0.065,0,0,
P12,2003-01-01,0.065,0,0,
P12,2003-02-01,0.065,0,0,
P12,2003-03-01,0.066,0,0,
P12,2003-04-01,0.066,0,0,
P12,2003-05-01,0.067,0,0,
P12,2003-06-01,0.067,0,0,
P12,2003-07-01,0.068,0,0,
P12,2003-08-01,0.068,0,0,
P12,2003-09-01,0.068,0,0,
P12,2003-10-01,0.069,0,0,
P12,2003-11-01,0.069,0,0,
P12,2003-12-01,0.07,0,0,
P12,2004-01-01,0.07,0,0,
P12,2004-02-01,0.07,0,0,
P12,2004-03-01,0.071,0,0,
P12,2004-04-01,0.071,0,0,
P12,2004-05-01,0.072,0,0,
P12,2004-06-01,0.072,0,0,
P12,2004-07-01,0.072,0,0,
P12,2004-08-01,0.073,0,0,
P12,2004-09-01,0.073,0,0,
P12,2004-10-01,0.074,0,0,
P12,2004-11-01,0.074,0,0,
P12,2004-12-01,0.075,0,0,
P12,2005-01-01,0.075,0,0,
P12,2005-02-01,0.076,0,0,
P12,2005-03-01,0.076,0,0,
P12,2005-04-01,0.076,0,0,
P12,2005-05-01,0.077,0,0,
P12,2005-06-01,0.077,0,0,
P12,2005-07-01,0.078,0,0,
P12,2005-08-01,0.078,0,0,
P12,2005-09-01,0.078,0,0,
P12,2005-10-01,0.079,0,0,
P12,2005-11-01,0.079,0,0,
P12,2005-12-01,0.079,0,0,
P12,2006-01-01,0.08,0,0,
P12,2006-02-01,0.08,0,0,
P12,2006-03-01,0.081,0,0,
P12,2006-04-01,0.082,0,0,
P12,2006-05-01,0.082,0,0,
P12,2006-06-01,0.082,0,0,
P12,2006-07-01,0.083,0,0,
P12,2006-08-01,0.083,0,0,
P12,2006-09-01,0.083,0,0,
P12,2006-10-01,0.084,0,0,
P12,2006-11-01,0.084,0,0,
P12,2006-12-01,0.084,0,0,
P12,2007-01-01,0.086,0,0,
P12,2007-02-01,0.085,0,0,
P12,2007-03-01,0.085,0,0,
P12,2007-04-01,0.086,0,0,
P12,2007-05-01,0.086,0,0,
P12,2007-06-01,0.087,0.28,2.66,3.169
P12,2007-07-01,0.088,0.89,5.53,6.638
P12,2007-08-01,0.106,1.9,9.01,11.137
P12,2007-09-01,0.301,3.08,10.69,11.255
P12,2007-10-01,0.644,4.52,13.42,9.142
P12,2007-11-01,0.899,5.89,17.89,5.951
P12,2007-12-01,1.134,6.57,16.09,3.548
P12,2008-01-01,1.098,6.74,18.87,2.877
P12,2008-02-01,1.432,6.91,16.69,2.568
P12,2008-03-01,1.283,6.39,17.67,1.775
P12,2008-04-01,1.354,5.96,17.7,1.515
P12,2008-05-01,1.279,5.66,17.14,1.564
P12,2008-06-01,1.457,5.27,15.65,1.238
P12,2008-07-01,1.054,4.85,17.79,1.486
P12,2008-08-01,1.234,4.47,16.51,1.366
P12,2008-09-01,1.455,4.22,18.68,1.515
P12,2008-10-01,1.597,4.02,17.12,1.644
P12,2008-11-01,1.676,3.77,17.41,1.389
P12,2008-12-01,1.851,3.62,15.89,1.315
P12,2009-01-01,1.498,3.5,18.73,1.543
P12,2009-02-01,1.981,3.39,17.24,1.225
P12,2009-03-01,1.761,3.37,16.58,1.406
P12,2009-04-01,1.755,3.38,17.27,1.341
P12,2009-05-01,1.847,3.39,16,1.29
P12,2009-06-01,1.815,3.45,17.03,1.368
P12,2009-07-01,1.861,3.58,16.44,1.66
P12,2009-08-01,2.105,3.65,15.76,1.236
P12,2009-09-01,2.372,3.74,18.16,1.524
P12,2009-10-01,2.741,3.77,16.29,1.297
P12,2009-11-01,2.902,3.87,16.79,1.375
P12,2009-12-01,2.704,4.01,18.25,1.558
P12,2010-01-01,3.063,4.14,17.13,1.452
P12,2010-02-01,3.79,4.28,16.3,1.206
P12,2010-03-01,3.175,4.45,17.62,1.501
P12,2010-04-01,3.876,4.67,16.36,1.388
P12,2010-05-01,3.961,4.94,17.73,1.45
P12,2010-06-01,4.431,5.22,17.32,1.386
P12,2010-07-01,4.114,5.47,19.39,1.656
P12,2010-08-01,5.067,5.86,16.86,1.428
P12,2010-09-01,5.273,6.1,17.65,1.338
P12,2010-10-01,5.601,6.39,16.73,1.288
P12,2010-11-01,5.916,6.66,16.71,1.294
P12,2010-12-01,6.238,6.91,15.5,1.232
P12,2011-01-01,5.894,7.21,16.68,1.431
P12,2011-02-01,6.567,7.54,17.27,1.389
P12,2011-03-01,6.183,7.89,16.67,1.457
P12,2011-04-01,6.501,8.18,17.03,1.402
P12,2011-05-01,6.715,8.5,16.47,1.472
P12,2011-06-01,7.14,8.8,16.76,1.401
P12,2011-07-01,7.099,9.08,17.31,1.505
P12,2011-08-01,7.343,9.36,17.3,1.52
P12,2011-09-01,8.31,9.72,16.39,1.431
P12,2011-10-01,7.89,10.18,16.75,1.69
P12,2011-11-01,7.752,10.45,17.41,1.364
P12,2011-12-01,6.207,10.68,18.21,1.588
P12,2012-01-01,6.009,10.58,16.87,1.286
P12,2012-02-01,5.739,10.21,16.97,1.094
P12,2012-03-01,4.757,9.69,16.88,1.135
P12,2012-04-01,4.57,9.21,16.86,1.138
P12,2012-05-01,4.307,8.64,17.59,1.141
P12,2012-06-01,4.009,8.08,17.39,1.12
P12,2012-07-01,3.585,7.54,17.4,1.217
P12,2012-08-01,3.618,6.94,17.28,1.053
P12,2012-09-01,3.891,6.45,16.26,0.992
P12,2012-10-01,3.776,6.02,16.99,1.105
P12,2012-11-01,3.797,5.65,16.93,0.993
P12,2012-12-01,3.408,5.27,16.73,1.02
P12,2013-01-01,3.996,5.14,18.14,1.203
P12,2013-02-01,5.608,5.13,15.92,1.111
P12,2013-03-01,4.435,5.09,16.89,1.071
P12,2013-04-01,4.211,5.05,17.83,1.107
P12,2013-05-01,4.107,5.04,19.11,1.154
P12,2013-06-01,4.43,5.07,18.36,1.093
P12,2013-07-01,4.618,5.09,16.92,1.065
P12,2013-08-01,4.651,5.16,16.47,0.998
P12,2013-09-01,5.177,5.26,16.18,1.017
P12,2013-10-01,5.5,5.32,16.2,0.921
P12,2013-11-01,6.127,5.51,16.97,1.048
P12,2013-12-01,5.864,5.76,16.85,1.098
P12,2014-01-01,6.024,5.88,17.47,1.109
P12,2014-02-01,6.911,5.9,17.29,0.979
P12,2014-03-01,6.492,6.09,18.12,1.158
P12,2014-04-01,6.716,6.24,16.38,1.007
P12,2014-05-01,7.098,6.48,17.01,1.152
P12,2014-06-01,7.684,6.72,16.9,1.06
P12,2014-07-01,7.477,6.98,17.18,1.114
P12,2014-08-01,7.911,7.35,18.21,1.145
P12,2014-09-01,8.562,7.59,15.61,0.967
P12,2014-10-01,8.347,7.97,17.3,1.115
P12,2014-11-01,8.882,8.21,17.22,1.099
P12,2014-12-01,8.984,8.45,16.89,1.069
P12,2015-01-01,8.995,8.63,15.88,0.987
P12,2015-02-01,9.856,8.87,16.83,1.012
P12,2015-03-01,9.516,9.12,17.63,1.14
P12,2015-04-01,10.167,9.4,15.96,0.991
P12,2015-05-01,10.045,9.56,16.62,1.045
P12,2015-06-01,10.609,9.86,18.18,1.155
P12,2015-07-01,10.024,10.06,17.59,1.072
P12,2015-08-01,10.293,10.2,17.14,1.067
P12,2015-09-01,11.932,10.46,15.83,0.98
P12,2015-10-01,10.912,10.71,17.96,1.157
P12,2015-11-01,11.541,10.87,16.72,1.037
P12,2015-12-01,11.953,11.05,15.37,1.011
P12,2016-01-01,11.014,11.32,16.82,1.083
P12,2016-02-01,12.851,11.59,16.67,1.091
P12,2016-03-01,11.154,11.74,17.33,1.145
P12,2016-04-01,13.811,12.22,17.37,1.281
P12,2016-05-01,12.004,12.65,17.79,1.348
P12,2016-06-01,12.505,12.72,17.44,1.06
P12,2016-07-01,11.014,12.86,16.89,1.099
P12,2016-08-01,9.741,12.8,17.92,1.082
P12,2016-09-01,8.939,12.44,16.75,0.96
P12,2016-10-01,8.012,11.82,16.25,0.923
P12,2016-11-01,7.773,11.37,18,1.01
P12,2016-12-01,7.34,10.8,17.08,0.938
P12,2017-01-01,6.743,10.17,16.54,0.909
P12,2017-02-01,7.113,9.59,17.36,0.898
P12,2017-03-01,6.317,9.18,17.1,1.104
P12,2017-04-01,6.381,8.54,18.18,0.956
P12,2017-05-01,5.809,7.83,14.49,0.813
P12,2017-06-01,5.906,7.46,17.08,1.026
P12,2017-07-01,5.532,6.97,16.58,0.855
P12,2017-08-01,5.482,6.6,16.42,0.891
P12,2017-09-01,5.786,6.35,17.02,0.857
P12,2017-10-01,5.705,6.2,17.77,0.925
P12,2017-11-01,7.01,6.07,16.38,0.842
P12,2017-12-01,6.657,6.07,17.98,1.005
P12,2018-01-01,6.795,6.12,19.1,0.979
P12,2018-02-01,7.564,6.07,16.71,0.767
P12,2018-03-01,7.191,6.03,17.04,0.898
P12,2018-04-01,7.462,6.03,17.33,0.836
P12,2018-05-01,6.861,6.13,16.82,0.872
P12,2018-06-01,7.733,6.17,17.14,0.89
P12,2018-07-01,7.533,6.3,16.24,0.837
P12,2018-08-01,7.639,6.47,17.38,0.909
P12,2018-09-01,8.242,6.66,17.18,0.895
P12,2018-10-01,7.824,6.88,18.91,1.005
P12,2018-11-01,9.318,7.01,16.9,0.846
P12,2018-12-01,8.991,7.04,16.09,0.816
P12,2019-01-01,9.497,7.16,17.07,0.913
P12,2019-02-01,10.524,7.35,16.47,0.796
P12,2019-03-01,9.761,7.5,17.61,0.876
P12,2019-04-01,10.208,7.66,16.02,0.814
P12,2019-05-01,10.257,7.96,18.14,0.956
P12,2019-06-01,10.962,8.15,15.96,0.876
P12,2019-07-01,11.217,8.44,16.29,0.894
P12,2019-08-01,11.662,8.69,16.88,0.877
P12,2019-09-01,12.219,8.95,17.16,0.904
P12,2019-10-01,12.013,9.22,17.57,0.969
P12,2019-11-01,12.416,9.43,16.55,0.856
P12,2019-12-01,11.994,9.73,16.96,0.891
P12,2020-01-01,12.777,9.93,17.26,0.892
P12,2020-02-01,13.912,10.05,14.88,0.711
P12,2020-03-01,12.968,10.36,17.92,0.946
P12,2020-04-01,13.444,10.7,17.96,0.93
P12,2020-05-01,13.321,10.86,17.84,0.887
P12,2020-06-01,14.339,11.02,16.59,0.813
P12,2020-07-01,13.645,11.14,16.56,0.856
P12,2020-08-01,15.212,11.49,18.02,1.007
P12,2020-09-01,14.851,11.65,17.63,0.897
P12,2020-10-01,15.513,11.76,16.47,0.86
P12,2020-11-01,16.059,12,17.16,0.868
P12,2020-12-01,16.621,12.39,16.51,0.989
P12,2021-01-01,15.05,12.66,18.15,0.98
P12,2021-02-01,17.553,13.01,16.57,0.814
P12,2021-03-01,15.93,13.23,18.38,0.947
P12,2021-04-01,17.271,13.42,16.52,0.878
P12,2021-05-01,16.559,13.62,15.95,0.847
P12,2021-06-01,17.106,13.87,16.25,0.852
P12,2021-07-01,16.174,14.25,17.76,0.99
P12,2021-08-01,17.051,14.22,17.05,0.886
P12,2021-09-01,17.909,14.42,16.45,0.889
P12,2021-10-01,18.03,14.64,16.52,0.891
P12,2021-11-01,19.274,14.99,17.37,0.982
P12,2021-12-01,17.594,14.85,16.83,0.835
P12,2022-01-01,18.378,14.84,15.73,0.805
P12,2022-02-01,19.229,14.97,17.38,0.836
P12,2022-03-01,18.361,15.2,17.55,0.995
P12,2022-04-01,18.997,15.44,18.47,0.969
P12,2022-05-01,19.279,15.64,16.49,0.851
P12,2022-06-01,19.371,15.83,16.85,0.882
P12,2022-07-01,19.138,16.03,17.83,0.976
P12,2022-08-01,19.065,16.11,16.08,0.841
P12,2022-09-01,20.418,16.2,16.27,0.844
P12,2022-10-01,20.722,16.48,16.15,0.969
P12,2022-11-01,21.66,16.37,16.21,0.81
P12,2022-12-01,20.713,16.7,16.84,0.897
P12,2023-01-01,19.792,17.26,18.6,1.108
P12,2023-02-01,23.805,17.54,17.07,0.841
P12,2023-03-01,22.279,17.55,15.92,0.831
P12,2023-04-01,22.954,17.73,17.59,0.925
P12,2023-05-01,22.692,17.94,15.49,0.829
P12,2023-06-01,23.092,18.21,17.38,0.895
P12,2023-07-01,24.084,18.32,16.05,0.845
P12,2023-08-01,23.25,18.77,17.97,0.915
P12,2023-09-01,24.553,19.11,16.65,0.879
P12,2023-10-01,23.856,19.38,18.56,0.998
P12,2023-11-01,24.995,19.68,17.28,0.848
P12,2023-12-01,26.552,20.32,17.1,1.067
P12,2024-01-01,25.898,20.51,18.29,0.958
P12,2024-02-01,27.56,20.72,17.27,0.83
P12,2024-03-01,31.795,21.5,17.63,0.944
P12,2024-04-01,31.572,21.97,17.15,0.902
P12,2024-05-01,31.465,22.74,17.19,0.933
P12,2024-06-01,31.572,23.37,17.01,0.928
P12,2024-07-01,30.109,24.18,17.71,1.035
P12,2024-08-01,31.423,24.9,16.38,0.958
P12,2024-09-01,32.273,25.61,17.03,0.953
P12,2024-10-01,30.522,25.94,15.89,0.897
P12,2024-11-01,31.424,26.63,16.16,0.902
P12,2024-12-01,32.855,26.63,15.51,0.871
P12,2025-01-01,30.369,27.26,17.66,1.062
P12,2025-02-01,29.332,27.68,17.78,0.917
P12,2025-03-01,26.476,27.35,17.53,0.987
P12,2025-04-01,27.351,27.34,19.63,1.035
P12,2025-05-01,28.677,27.18,17.58,0.957
P12,2025-06-01,30.006,26.87,16.18,0.845
P12,2025-07-01,28.931,26.37,17,0.869
P12,2025-08-01,31.005,26.05,17.04,0.835
P12,2025-09-01,32.297,25.91,18.45,0.887
P12,2025-10-01,31.437,26.13,18.24,0.962
P12,2025-11-01,33.403,25.99,16.34,0.793
P12,2025-12-01,33.002,26.04,17.05,0.886
P12,2026-01-01,33.944,25.83,17.17,0.86
P12,2026-02-01,37.393,26.19,15.9,0.895
P12,2026-03-01,31.587,26.68,16.87,1.049
P12,2026-04-01,33.299,26.72,17.71,0.874
P12,2026-05-01,33.359,26.94,17.44,0.909
P12,2026-06-01,35.909,27.22,15.89,0.805
P12,2026-07-01,34.346,27.67,16.92,0.883
P12,2026-08-01,35.172,28.21,16.78,0.925
P13,2000-03-01,,,0,
P13,2000-04-01,,,0,
P13,2000-05-01,,,0,
P13,2000-06-01,,,0,
P13,2000-07-01,,,0,
P13,2000-08-01,,,0,
P13,2000-09-01,,,0,
P13,2000-10-01,,,0,
P13,2000-11-01,,,0,
P13,2000-12-01,,,0,
P13,2001-01-01,0.055,0,0,
P13,2001-02-01,0.055,0,0,
P13,2001-03-01,0.056,0,0,
P13,2001-04-01,0.057,0,0,
P13,2001-05-01,0.057,0,0,
P13,2001-06-01,0.057,0,0,
P13,2001-07-01,0.058,0,0,
P13,2001-08-01,0.058,0,0,
P13,2001-09-01,0.058,0,0,
P13,2001-10-01,0.058,0,0,
P13,2001-11-01,0.06,0,0,
P13,2001-12-01,0.06,0,0,
P13,2002-01-01,0.06,0,0,
P13,2002-02-01,0.061,0,0,
P13,2002-03-01,0.061,0,0,
P13,2002-04-01,0.062,0,0,
P13,2002-05-01,0.062,0,0,
P13,2002-06-01,0.062,0,0,
P13,2002-07-01,0.063,0,0,
P13,2002-08-01,0.063,0,0,
P13,2002-09-01,0.063,0,0,
P13,2002-10-01,0.064,0,0,
P13,2002-11-01,0.064,0,0,
P13,2002-12-01,0.065,0,0,
P13,2003-01-01,0.065,0,0,
P13,2003-02-01,0.066,0,0,
P13,2003-03-01,0.066,0,0,
P13,2003-04-01,0.066,0,0,
P13,2003-05-01,0.066,0,0,
P13,2003-06-01,0.067,0,0,
P13,2003-07-01,0.067,0,0,
P13,2003-08-01,0.068,0,0,
P13,2003-09-01,0.069,0,0,
P13,2003-10-01,0.069,0,0,
P13,2003-11-01,0.069,0,0,
P13,2003-12-01,0.069,0,0,
P13,2004-01-01,0.07,0,0,
P13,2004-02-01,0.07,0,0,
P13,2004-03-01,0.071,0,0,
P13,2004-04-01,0.072,0,0,
P13,2004-05-01,0.071,0,0,
P13,2004-06-01,0.072,0,0,
P13,2004-07-01,0.073,0,0,
P13,2004-08-01,0.073,0,0,
P13,2004-09-01,0.073,0,0,
P13,2004-10-01,0.073,0,0,
P13,2004-11-01,0.074,0,0,
P13,2004-12-01,0.074,0,0,
P13,2005-01-01,0.075,0,0,
P13,2005-02-01,0.076,0,0,
P13,2005-03-01,0.076,0,0,
P13,2005-04-01,0.076,0,0,
P13,2005-05-01,0.076,0,0,
P13,2005-06-01,0.077,0,0,
P13,2005-07-01,0.077,0,0,
P13,2005-08-01,0.078,0,0,
P13,2005-09-01,0.078,0,0,
P13,2005-10-01,0.078,0,0,
P13,2005-11-01,0.079,0,0,
P13,2005-12-01,0.08,0,0,
P13,2006-01-01,0.079,0,0,
P13,2006-02-01,0.081,0,0,
P13,2006-03-01,0.081,0,0,
P13,2006-04-01,0.082,0,0,
P13,2006-05-01,0.081,0,0,
P13,2006-06-01,0.082,0,0,
P13,2006-07-01,0.083,0,0,
P13,2006-08-01,0.084,0,0,
P13,2006-09-01,0.083,0,0,
P13,2006-10-01,0.083,0,0,
P13,2006-11-01,0.084,0,0,
P13,2006-12-01,0.084,0,0,
P13,2007-01-01,0.085,0,0,
P13,2007-02-01,0.086,0,0,
P13,2007-03-01,0.086,0,0,
P13,2007-04-01,0.086,0,0,
P13,2007-05-01,0.086,0,0,
P13,2007-06-01,0.087,0,0,
P13,2007-07-01,0.088,0,0,
P13,2007-08-01,0.088,0,0,
P13,2007-09-01,0.088,0,0,
P13,2007-10-01,0.088,0,0,
P13,2007-11-01,0.09,0,0,
P13,2007-12-01,0.089,0,0,
P13,2008-01-01,0.09,0,0,
P13,2008-02-01,0.091,0,0,
P13,2008-03-01,0.09,0,0,
P13,2008-04-01,0.091,0,0,
P13,2008-05-01,0.092,0,0,
P13,2008-06-01,0.092,0,0,
P13,2008-07-01,0.093,0,0,
P13,2008-08-01,0.094,0,0,
P13,2008-09-01,0.093,0,0,
P13,2008-10-01,0.094,0,0,
P13,2008-11-01,0.094,0,0,
P13,2008-12-01,0.095,0,0,
P13,2009-01-01,0.094,0,0,
P13,2009-02-01,0.094,0,0,
P13,2009-03-01,0.097,0,0,
P13,2009-04-01,0.096,0,0,
P13,2009-05-01,0.096,0,0,
P13,2009-06-01,0.097,0,0,
P13,2009-07-01,0.097,0,0,
P13,2009-08-01,0.099,0,0,
P13,2009-09-01,0.099,0,0,
P13,2009-10-01,0.097,0,0,
P13,2009-11-01,0.099,0,0,
P13,2009-12-01,0.099,0,0,
P13,2010-01-01,0.1,0,0,
P13,2010-02-01,0.101,0,0,
P13,2010-03-01,0.101,0,0,
P13,2010-04-01,0.101,0,0,
P13,2010-05-01,0.102,0,0,
P13,2010-06-01,0.102,0,0,
P13,2010-07-01,0.102,0,0,
P13,2010-08-01,0.102,0,0,
P13,2010-09-01,0.102,0,0,
P13,2010-10-01,0.104,0,0,
P13,2010-11-01,0.104,0,0,
P13,2010-12-01,0.105,0,0,
P13,2011-01-01,0.106,0,0,
P13,2011-02-01,0.105,0,0,
P13,2011-03-01,0.106,0,0,
P13,2011-04-01,0.106,0,0,
P13,2011-05-01,0.124,0,0,
P13,2011-06-01,0.175,0,0,
P13,2011-07-01,0.23,0,0,
P13,2011-08-01,0.313,0,0,
P13,2011-09-01,0.424,0,0,
P13,2011-10-01,0.411,0,0,
P13,2011-11-01,0.521,0,0,
P13,2011-12-01,0.55,0,0,
P13,2012-01-01,0.555,0,0,
P13,2012-02-01,0.669,0,0,
P13,2012-03-01,0.644,0,0,
P13,2012-04-01,0.679,0,0,
P13,2012-05-01,0.73,0,0,
P13,2012-06-01,0.545,0,0,
P13,2012-07-01,0.763,0,0,
P13,2012-08-01,0.726,0,0,
P13,2012-09-01,0.748,0,0,
P13,2012-10-01,0.767,0,0,
P13,2012-11-01,0.778,0,0,
P13,2012-12-01,0.706,0,0,
P13,2013-01-01,0.777,0,0,
P13,2013-02-01,0.846,0,0,
P13,2013-03-01,0.719,0,0,
P13,2013-04-01,0.551,0,0,
P13,2013-05-01,0.73,0,0,
P13,2013-06-01,0.752,0,0,
P13,2013-07-01,0.667,0,0,
P13,2013-08-01,0.892,0,0,
P13,2013-09-01,1.039,0,0,
P13,2013-10-01,0.954,0,0,
P13,2013-11-01,1.201,0,0,
P13,2013-12-01,0.796,0,0,
P13,2014-01-01,1.04,0,0,
P13,2014-02-01,1.176,0,0,
P13,2014-03-01,1.006,0,0,
P13,2014-04-01,1.144,0,0,
P13,2014-05-01,1.089,0,0,
P13,2014-06-01,1.153,0,0,
P13,2014-07-01,1.224,0,0,
P13,2014-08-01,1.352,0,0,
P13,2014-09-01,1.477,0,0,
P13,2014-10-01,1.549,0,0,
P13,2014-11-01,1.5,0,0,
P13,2014-12-01,1.558,0,0,
P13,2015-01-01,1.5,0,0,
P13,2015-02-01,1.715,0,0,
P13,2015-03-01,1.525,0,0,
P13,2015-04-01,1.685,0,0,
P13,2015-05-01,1.904,0,0,
P13,2015-06-01,1.664,0,0,
P13,2015-07-01,1.717,0,0,
P13,2015-08-01,1.703,0,0,
P13,2015-09-01,2.067,0,0,
P13,2015-10-01,2.089,0,0,
P13,2015-11-01,2.245,0,0,
P13,2015-12-01,2.051,0,0,
P13,2016-01-01,2.018,0,0,
P13,2016-02-01,2.418,0,0,
P13,2016-03-01,2.041,0,0,
P13,2016-04-01,2.246,0,0,
P13,2016-05-01,2.447,0,0,
P13,2016-06-01,2.777,0.51,1.85,2.02
P13,2016-07-01,2.693,1.59,3.67,3.875
P13,2016-08-01,2.33,3.14,5.42,4.851
P13,2016-09-01,2.089,4.75,6.72,4.535
P13,2016-10-01,2.029,6.76,8.98,5.816
P13,2016-11-01,1.826,8.13,10.3,4.383
P13,2016-12-01,1.371,8.52,10.28,3.523
P13,2017-01-01,1.261,7.98,9.87,2.407
P13,2017-02-01,1.25,7.38,10.69,2.084
P13,2017-03-01,0.993,6.58,10.9,1.89
P13,2017-04-01,1.028,5.87,10.84,1.564
P13,2017-05-01,0.971,5.28,10.74,1.43
P13,2017-06-01,0.914,4.74,11.07,1.371
P13,2017-07-01,0.862,4.21,10.9,1.261
P13,2017-08-01,0.882,3.76,10.12,1.16
P13,2017-09-01,0.839,3.39,11.07,1.181
P13,2017-10-01,0.754,3.02,10.63,1.122
P13,2017-11-01,0.739,2.7,11.23,1.079
P13,2017-12-01,0.692,2.47,11.14,1.123
P13,2018-01-01,0.639,2.3,11.35,1.144
P13,2018-02-01,0.974,2.19,10.13,1.037
P13,2018-03-01,0.822,2.11,11.51,1.2
P13,2018-04-01,1.043,2.06,11.06,1.037
P13,2018-05-01,0.984,2.02,10.78,1.084
P13,2018-06-01,1.01,2.02,12.22,1.342
P13,2018-07-01,0.995,2.02,11.53,1.171
P13,2018-08-01,1.229,2.01,10.36,0.914
P13,2018-09-01,1.216,2.02,11.31,1.029
P13,2018-10-01,1.178,2.04,11.16,1.072
P13,2018-11-01,1.333,2.11,11.31,1.226
P13,2018-12-01,1.364,2.15,10.64,1.014
P13,2019-01-01,1.386,2.2,11.15,1.04
P13,2019-02-01,1.724,2.23,10.39,0.926
P13,2019-03-01,1.642,2.31,11.27,1.275
P13,2019-04-01,1.88,2.37,10.95,1.048
P13,2019-05-01,1.812,2.43,11.07,1.05
P13,2019-06-01,2.227,2.46,10.35,0.989
P13,2019-07-01,2.099,2.52,10.91,1.063
P13,2019-08-01,2.224,2.64,10.94,1.126
P13,2019-09-01,2.388,2.76,10.37,1.171
P13,2019-10-01,2.438,2.86,10.49,1.06
P13,2019-11-01,2.627,2.93,11.05,1.087
P13,2019-12-01,2.761,3.06,11.03,1.03
P13,2020-01-01,2.779,3.2,11.22,1.101
P13,2020-02-01,3.292,3.32,10.4,0.933
P13,2020-03-01,2.959,3.39,11.55,1.085
P13,2020-04-01,3.337,3.49,10.91,0.99
P13,2020-05-01,3.463,3.59,9.76,0.941
P13,2020-06-01,3.493,3.7,11.13,1.018
P13,2020-07-01,3.35,3.81,10.91,1.059
P13,2020-08-01,3.667,3.89,10.45,0.993
P13,2020-09-01,3.821,3.93,10.68,0.973
P13,2020-10-01,3.732,4.06,11.04,1.121
P13,2020-11-01,3.844,4.17,11.65,1.151
P13,2020-12-01,3.902,4.3,11.54,1.146
P13,2021-01-01,4.17,4.4,10.99,1.052
P13,2021-02-01,4.833,4.5,10.54,0.92
P13,2021-03-01,4.278,4.61,11.27,1.069
P13,2021-04-01,4.539,4.73,11.04,1.066
P13,2021-05-01,4.51,4.85,10.51,1.036
P13,2021-06-01,4.81,4.94,10.09,1.01
P13,2021-07-01,4.293,5.07,11.75,1.16
P13,2021-08-01,4.668,5.19,11.16,1.07
P13,2021-09-01,5.109,5.29,10.25,0.97
P13,2021-10-01,4.945,5.36,10.94,1.053
P13,2021-11-01,5.167,5.48,11.1,1.213
P13,2021-12-01,5.312,5.54,10.31,1.01
P13,2022-01-01,4.981,5.63,11.49,1.104
P13,2022-02-01,5.541,5.73,11.69,1.029
P13,2022-03-01,5.398,5.83,10.86,1.069
P13,2022-04-01,5.336,5.94,11.91,1.166
P13,2022-05-01,5.91,6,9.74,0.936
P13,2022-06-01,5.519,6.12,11.67,1.147
P13,2022-07-01,5.56,6.2,11.17,1.086
P13,2022-08-01,5.706,6.31,11.13,1.122
P13,2022-09-01,6,6.42,11.23,1.037
P13,2022-10-01,5.809,6.5,10.88,1.07
P13,2022-11-01,6.412,6.49,10.94,0.981
P13,2022-12-01,6.106,6.57,11.15,1.047
P13,2023-01-01,6.596,6.74,11.15,1.215
P13,2023-02-01,7.566,6.88,11.31,1.016
P13,2023-03-01,6.845,7.04,11.13,1.161
P13,2023-04-01,7.312,7.15,10.94,1.09
P13,2023-05-01,7.186,7.34,11.16,1.101
P13,2023-06-01,7.865,7.44,10.56,0.994
P13,2023-07-01,7.328,7.61,11.07,1.123
P13,2023-08-01,8.098,7.73,10.5,1.003
P13,2023-09-01,7.951,7.88,10.93,1.006
P13,2023-10-01,7.755,8.07,10.84,1.11
P13,2023-11-01,8.181,8.27,10.97,1.039
P13,2023-12-01,8.354,8.49,10.97,1.078
P13,2024-01-01,8.464,8.52,10.67,1.015
P13,2024-02-01,8.888,8.63,11.92,1.031
P13,2024-03-01,9.057,8.7,10.65,1.01
P13,2024-04-01,9.345,8.79,10.14,0.989
P13,2024-05-01,8.736,8.88,10.9,1.058
P13,2024-06-01,8.596,9.02,12,1.1
P13,2024-07-01,9.569,9.08,9.98,0.958
P13,2024-08-01,9.403,9.24,10.88,1.087
P13,2024-09-01,9.833,9.35,10.24,0.952
P13,2024-10-01,9.428,9.47,11.37,1.095
P13,2024-11-01,9.609,9.65,11.98,1.116
P13,2024-12-01,10.13,9.73,10.66,1.01
P13,2025-01-01,10.301,9.87,10.63,1.001
P13,2025-02-01,11.206,9.99,11,0.979
P13,2025-03-01,10.089,10.11,10.94,1.056
P13,2025-04-01,10.235,10.21,11.07,1.023
P13,2025-05-01,10.326,10.37,10.87,1.097
P13,2025-06-01,10.489,10.51,11.47,1.083
P13,2025-07-01,10.39,10.63,10.84,1.011
P13,2025-08-01,10.975,10.7,10.99,1.031
P13,2025-09-01,11.337,10.89,10.82,1.034
P13,2025-10-01,16.262,10.7,3.96,0.416
P13,2025-11-01,15.155,10.42,4.03,0.416
P13,2025-12-01,14.37,10.22,3.94,0.478
P13,2026-01-01,13.603,10,3.84,0.492
P13,2026-02-01,13.629,9.81,3.92,0.585
P13,2026-03-01,11.728,9.55,3.95,0.622
P13,2026-04-01,11.894,9.26,3.86,0.573
P13,2026-05-01,11.38,8.87,3.99,0.627
P13,2026-06-01,12.067,8.41,3.51,0.545
P13,2026-07-01,11.355,8.05,4,0.671
P13,2026-08-01,11.832,7.55,4,0.631
P14,2000-03-01,0.051,0,0,
P14,2000-04-01,0.051,0,0,
P14,2000-05-01,0.052,0,0,
P14,2000-06-01,0.052,0,0,
P14,2000-07-01,0.053,0,0,
P14,2000-08-01,0.053,0,0,
P14,2000-09-01,0.053,0,0,
P14,2000-10-01,0.054,0,0,
P14,2000-11-01,0.055,0,0,
P14,2000-12-01,0.055,0,0,
P14,2001-01-01,0.055,0,0,
P14,2001-02-01,0.055,0,0,
P14,2001-03-01,0.056,0,0,
P14,2001-04-01,0.056,0,0,
P14,2001-05-01,0.057,0,0,
P14,2001-06-01,0.057,0,0,
P14,2001-07-01,0.058,0,0,
P14,2001-08-01,0.058,0,0,
P14,2001-09-01,0.058,0,0,
P14,2001-10-01,0.059,0,0,
P14,2001-11-01,0.059,0,0,
P14,2001-12-01,0.06,0,0,
P14,2002-01-01,0.06,0,0,
P14,2002-02-01,0.061,0,0,
P14,2002-03-01,0.061,0,0,
P14,2002-04-01,0.061,0,0,
P14,2002-05-01,0.062,0,0,
P14,2002-06-01,0.062,0,0,
P14,2002-07-01,0.062,0,0,
P14,2002-08-01,0.063,0,0,
P14,2002-09-01,0.063,0,0,
P14,2002-10-01,0.064,0,0,
P14,2002-11-01,0.065,0,0,
P14,2002-12-01,0.065,0,0,
P14,2003-01-01,0.065,0,0,
P14,2003-02-01,0.065,0,0,
P14,2003-03-01,0.066,0,0,
P14,2003-04-01,0.066,0,0,
P14,2003-05-01,0.067,0,0,
P14,2003-06-01,0.067,0,0,
P14,2003-07-01,0.068,0,0,
P14,2003-08-01,0.068,0,0,
P14,2003-09-01,0.068,0,0,
P14,2003-10-01,0.069,0,0,
P14,2003-11-01,0.069,0,0,
P14,2003-12-01,0.07,0,0,
P14,2004-01-01,0.07,0,0,
P14,2004-02-01,0.07,0,0,
P14,2004-03-01,0.071,0,0,
P14,2004-04-01,0.071,0,0,
P14,2004-05-01,0.071,0,0,
P14,2004-06-01,0.072,0,0,
P14,2004-07-01,0.073,0,0,
P14,2004-08-01,0.073,0,0,
P14,2004-09-01,0.073,0,0,
P14,2004-10-01,0.074,0,0,
P14,2004-11-01,0.074,0,0,
P14,2004-12-01,0.074,0,0,
P14,2005-01-01,0.075,0,0,
P14,2005-02-01,0.075,0,0,
P14,2005-03-01,0.076,0,0,
P14,2005-04-01,0.076,0,0,
P14,2005-05-01,0.076,0,0,
P14,2005-06-01,0.077,0,0,
P14,2005-07-01,0.078,0,0,
P14,2005-08-01,0.078,0,0,
P14,2005-09-01,0.078,0,0,
P14,2005-10-01,0.079,0,0,
P14,2005-11-01,0.079,0,0,
P14,2005-12-01,0.08,0,0,
P14,2006-01-01,0.079,0,0,
P14,2006-02-01,0.08,0,0,
P14,2006-03-01,0.081,0,0,
P14,2006-04-01,0.081,0,0,
P14,2006-05-01,0.081,0,0,
P14,2006-06-01,0.082,0,0,
P14,2006-07-01,0.083,0,0,
P14,2006-08-01,0.083,0,0,
P14,2006-09-01,0.083,0,0,
P14,2006-10-01,0.083,0,0,
P14,2006-11-01,0.084,0,0,
P14,2006-12-01,0.084,0,0,
P14,2007-01-01,0.085,0,0,
P14,2007-02-01,0.086,0,0,
P14,2007-03-01,0.085,0,0,
P14,2007-04-01,0.087,0,0,
P14,2007-05-01,0.087,0,0,
P14,2007-06-01,0.088,0,0,
P14,2007-07-01,0.087,0,0,
P14,2007-08-01,0.088,0,0,
P14,2007-09-01,0.088,0,0,
P14,2007-10-01,0.089,0,0,
P14,2007-11-01,0.089,0,0,
P14,2007-12-01,0.09,0,0,
P14,2008-01-01,0.09,0,0,
P14,2008-02-01,0.091,0,0,
P14,2008-03-01,0.091,0,0,
P14,2008-04-01,0.091,0,0,
P14,2008-05-01,0.091,0,0,
P14,2008-06-01,0.092,0,0,
P14,2008-07-01,0.093,0,0,
P14,2008-08-01,0.093,0,0,
P14,2008-09-01,0.093,0,0,
P14,2008-10-01,0.093,0,0,
P14,2008-11-01,0.095,0,0,
P14,2008-12-01,0.095,0,0,
P14,2009-01-01,0.095,0,0,
P14,2009-02-01,0.095,0,0,
P14,2009-03-01,0.096,0,0,
P14,2009-04-01,0.096,0,0,
P14,2009-05-01,0.097,0,0,
P14,2009-06-01,0.097,0,0,
P14,2009-07-01,0.097,0,0,
P14,2009-08-01,0.098,0,0,
P14,2009-09-01,0.098,0,0,
P14,2009-10-01,0.098,0,0,
P14,2009-11-01,0.099,0,0,
P14,2009-12-01,0.099,0,0,
P14,2010-01-01,0.1,0,0,
P14,2010-02-01,0.1,0,0,
P14,2010-03-01,0.101,0,0,
P14,2010-04-01,0.101,0,0,
P14,2010-05-01,0.102,0,0,
P14,2010-06-01,0.102,0,0,
P14,2010-07-01,0.102,0,0,
P14,2010-08-01,0.104,0,0,
P14,2010-09-01,0.103,0,0,
P14,2010-10-01,0.104,0,0,
P14,2010-11-01,0.105,0,0,
P14,2010-12-01,0.104,0,0,
P14,2011-01-01,0.106,0,0,
P14,2011-02-01,0.105,0,0,
P14,2011-03-01,0.105,0,0,
P14,2011-04-01,0.106,0,0,
P14,2011-05-01,0.144,0,0,
P14,2011-06-01,0.233,0,0,
P14,2011-07-01,0.356,0,0,
P14,2011-08-01,0.488,0,0,
P14,2011-09-01,0.628,0,0,
P14,2011-10-01,0.71,0,0,
P14,2011-11-01,0.823,0,0,
P14,2011-12-01,0.825,0,0,
P14,2012-01-01,0.811,0,0,
P14,2012-02-01,0.948,0,0,
P14,2012-03-01,0.837,0,0,
P14,2012-04-01,0.87,0,0,
P14,2012-05-01,0.857,0,0,
P14,2012-06-01,0.803,0,0,
P14,2012-07-01,0.835,0,0,
P14,2012-08-01,0.816,0,0,
P14,2012-09-01,0.836,0,0,
P14,2012-10-01,0.874,0,0,
P14,2012-11-01,0.812,0,0,
P14,2012-12-01,0.718,0,0,
P14,2013-01-01,0.862,0,0,
P14,2013-02-01,0.993,0,0,
P14,2013-03-01,0.879,0,0,
P14,2013-04-01,0.762,0,0,
P14,2013-05-01,0.869,0,0,
P14,2013-06-01,0.875,0,0,
P14,2013-07-01,0.793,0,0,
P14,2013-08-01,1.009,0,0,
P14,2013-09-01,1.2,0,0,
P14,2013-10-01,1.272,0,0,
P14,2013-11-01,1.563,0,0,
P14,2013-12-01,1.354,0,0,
P14,2014-01-01,1.462,0,0,
P14,2014-02-01,1.611,0,0,
P14,2014-03-01,1.415,0,0,
P14,2014-04-01,1.521,0,0,
P14,2014-05-01,1.614,0,0,
P14,2014-06-01,1.699,0,0,
P14,2014-07-01,1.747,0,0,
P14,2014-08-01,1.989,0,0,
P14,2014-09-01,2.178,0,0,
P14,2014-10-01,2.066,0,0,
P14,2014-11-01,2.235,0,0,
P14,2014-12-01,2.329,0,0,
P14,2015-01-01,2.339,0,0,
P14,2015-02-01,2.597,0,0,
P14,2015-03-01,2.271,0,0,
P14,2015-04-01,2.614,0,0,
P14,2015-05-01,2.693,0,0,
P14,2015-06-01,2.669,0,0,
P14,2015-07-01,2.546,0,0,
P14,2015-08-01,2.675,0,0,
P14,2015-09-01,3.251,0,0,
P14,2015-10-01,3.243,0,0,
P14,2015-11-01,3.336,0,0,
P14,2015-12-01,3.161,0,0,
P14,2016-01-01,3.086,0,0,
P14,2016-02-01,3.728,0,0,
P14,2016-03-01,3.231,0,0,
P14,2016-04-01,3.665,0,0,
P14,2016-05-01,3.929,0,0,
P14,2016-06-01,3.877,0.28,1.67,0.787
P14,2016-07-01,3.129,0.84,3.24,1.467
P14,2016-08-01,2.386,1.71,5.46,2.108
P14,2016-09-01,2.274,2.62,6.94,2.387
P14,2016-10-01,1.936,3.47,7.8,2.417
P14,2016-11-01,2.004,4.26,9.43,2.522
P14,2016-12-01,1.678,4.78,10.07,2.325
P14,2017-01-01,1.534,5.03,10.54,2.059
P14,2017-02-01,1.499,5.08,10.96,1.842
P14,2017-03-01,1.257,4.99,10.7,1.767
P14,2017-04-01,1.239,4.77,10.37,1.446
P14,2017-05-01,1.196,4.57,10.59,1.422
P14,2017-06-01,1.155,4.31,10.04,1.319
P14,2017-07-01,1.005,3.97,10.46,1.218
P14,2017-08-01,0.969,3.67,10.91,1.263
P14,2017-09-01,1.098,3.4,10.11,1.144
P14,2017-10-01,1.053,3.18,10.93,1.222
P14,2017-11-01,1.109,2.94,9.89,1.042
P14,2017-12-01,1.046,2.74,9.83,1.069
P14,2018-01-01,1.014,2.58,9.88,1.111
P14,2018-02-01,1.242,2.46,9.78,0.972
P14,2018-03-01,1.106,2.36,9.72,1.103
P14,2018-04-01,1.385,2.33,10.35,1.098
P14,2018-05-01,1.289,2.29,9.88,1.079
P14,2018-06-01,1.389,2.27,10.2,1.096
P14,2018-07-01,1.439,2.3,10.74,1.175
P14,2018-08-01,1.476,2.33,11.44,1.203
P14,2018-09-01,1.653,2.36,10.79,1.072
P14,2018-10-01,1.634,2.39,10.35,1.09
P14,2018-11-01,1.777,2.44,10.63,1.06
P14,2018-12-01,1.809,2.51,10.42,1.086
P14,2019-01-01,1.916,2.56,9.56,0.98
P14,2019-02-01,2.144,2.63,9.99,0.993
P14,2019-03-01,1.942,2.71,10.64,1.138
P14,2019-04-01,2.178,2.77,10.65,1.107
P14,2019-05-01,2.102,2.85,10.65,1.105
P14,2019-06-01,2.603,2.92,9.98,1.031
P14,2019-07-01,2.678,2.98,9.21,1.008
P14,2019-08-01,2.797,3.04,9.34,1.034
P14,2019-09-01,2.88,3.14,9.86,1.114
P14,2019-10-01,2.863,3.24,10.25,1.115
P14,2019-11-01,3.153,3.35,10.26,1.074
P14,2019-12-01,3.262,3.46,9.53,1.075
P14,2020-01-01,3.375,3.63,10.42,1.151
P14,2020-02-01,3.923,3.75,9.85,0.973
P14,2020-03-01,3.61,3.87,9.61,1.017
P14,2020-04-01,3.736,3.99,10.22,1.098
P14,2020-05-01,3.886,4.14,9.6,1.04
P14,2020-06-01,4.166,4.22,9.11,0.908
P14,2020-07-01,3.825,4.36,10.15,1.128
P14,2020-08-01,4.319,4.49,10.04,1.066
P14,2020-09-01,4.353,4.6,10.58,1.086
P14,2020-10-01,4.441,4.69,9.01,0.995
P14,2020-11-01,4.522,4.82,10.35,1.129
P14,2020-12-01,4.441,4.92,10.06,1.085
P14,2021-01-01,4.58,4.99,10.03,1.059
P14,2021-02-01,5.497,5.08,9.85,0.924
P14,2021-03-01,4.716,5.22,10.25,1.156
P14,2021-04-01,5.073,5.33,10.09,1.091
P14,2021-05-01,4.943,5.45,10.43,1.117
P14,2021-06-01,5.317,5.61,10.2,1.075
P14,2021-07-01,4.88,5.72,10.76,1.145
P14,2021-08-01,5.403,5.83,10.47,1.119
P14,2021-09-01,5.778,5.93,10.16,1.047
P14,2021-10-01,5.91,6.05,9.58,1.01
P14,2021-11-01,6.119,6.18,9.99,1.165
P14,2021-12-01,5.879,6.31,10.25,1.103
P14,2022-01-01,5.707,6.42,10.07,1.071
P14,2022-02-01,6.271,6.53,10.64,1.025
P14,2022-03-01,5.921,6.62,10.07,1.129
P14,2022-04-01,6.238,6.79,10.75,1.266
P14,2022-05-01,6.236,6.87,10.14,1.047
P14,2022-06-01,5.983,7.01,11.52,1.247
P14,2022-07-01,6.286,7.16,10.71,1.164
P14,2022-08-01,6.409,7.21,9.58,1.045
P14,2022-09-01,7.041,7.27,9.58,0.976
P14,2022-10-01,6.555,7.43,10.7,1.192
P14,2022-11-01,7.366,7.44,10.25,1.015
P14,2022-12-01,6.834,7.53,10.7,1.128
P14,2023-01-01,7.377,7.64,9.92,1.014
P14,2023-02-01,7.961,7.77,10.42,1.022
P14,2023-03-01,7.357,7.94,11.35,1.223
P14,2023-04-01,7.942,8,10.2,1.14
P14,2023-05-01,7.934,8.14,9.54,1.047
P14,2023-06-01,8.323,8.19,9.51,1.014
P14,2023-07-01,7.893,8.28,9.95,1.087
P14,2023-08-01,8.834,8.46,9.72,1.024
P14,2023-09-01,8.518,8.68,10.75,1.111
P14,2023-10-01,8.476,8.86,10.62,1.222
P14,2023-11-01,9.013,9.05,10.25,1.104
P14,2023-12-01,9.164,9.27,10.41,1.149
P14,2024-01-01,9.134,9.53,10.85,1.161
P14,2024-02-01,10.224,9.65,9.75,0.953
P14,2024-03-01,9.928,9.71,9.46,1.007
P14,2024-04-01,9.935,9.79,9.79,1.039
P14,2024-05-01,9.438,10.06,10.97,1.225
P14,2024-06-01,9.538,10.27,11.51,1.147
P14,2024-07-01,10.157,10.44,10.1,1.058
P14,2024-08-01,10.597,10.63,9.97,1.081
P14,2024-09-01,10.829,10.91,11.2,1.221
P14,2024-10-01,10.488,10.97,10.5,1.084
P14,2024-11-01,11.068,11.1,10.31,1.057
P14,2024-12-01,11.492,11.21,9.66,1.057
P14,2025-01-01,10.98,11.28,10.49,1.054
P14,2025-02-01,12.755,11.46,9.54,0.963
P14,2025-03-01,11.49,11.72,10.25,1.159
P14,2025-04-01,11.751,11.9,10.11,1.083
P14,2025-05-01,11.68,11.96,9.92,1.073
P14,2025-06-01,11.845,12.08,9.91,1.049
P14,2025-07-01,11.539,12.22,10.39,1.075
P14,2025-08-01,11.774,12.4,10.82,1.167
P14,2025-09-01,12.806,12.46,10.32,1.123
P14,2025-10-01,14.195,12.75,9.85,1.092
P14,2025-11-01,13.443,13.12,11.45,1.234
P14,2025-12-01,14.03,13.37,9.9,1.126
P14,2026-01-01,13.923,13.83,10.93,1.256
P14,2026-02-01,14.852,14.26,10.57,1.287
P14,2026-03-01,13.806,14.48,9.36,1.192
P14,2026-04-01,13.887,14.77,10.3,1.176
P14,2026-05-01,13.784,15.18,9.89,1.277
P14,2026-06-01,14.407,15.61,9.88,1.223
P14,2026-07-01,13.142,16.19,10.75,1.419
P14,2026-08-01,13.957,16.63,10.63,1.337
P15,2000-03-01,0.051,0,0,
P15,2000-04-01,0.051,0,0,
P15,2000-05-01,0.052,0,0,
P15,2000-06-01,0.052,0,0,
P15,2000-07-01,0.053,0,0,
P15,2000-08-01,0.053,0,0,
P15,2000-09-01,0.053,0,0,
P15,2000-10-01,0.054,0,0,
P15,2000-11-01,0.054,0,0,
P15,2000-12-01,0.055,0,0,
P15,2001-01-01,0.055,0,0,
P15,2001-02-01,0.056,0,0,
P15,2001-03-01,0.056,0,0,
P15,2001-04-01,0.056,0,0,
P15,2001-05-01,0.057,0,0,
P15,2001-06-01,0.057,0,0,
P15,2001-07-01,0.057,0,0,
P15,2001-08-01,0.058,0,0,
P15,2001-09-01,0.059,0,0,
P15,2001-10-01,0.059,0,0,
P15,2001-11-01,0.059,0,0,
P15,2001-12-01,0.059,0,0,
P15,2002-01-01,0.06,0,0,
P15,2002-02-01,0.061,0,0,
P15,2002-03-01,0.061,0,0,
P15,2002-04-01,0.061,0,0,
P15,2002-05-01,0.062,0,0,
P15,2002-06-01,0.062,0,0,
P15,2002-07-01,0.062,0,0,
P15,2002-08-01,0.063,0,0,
P15,2002-09-01,0.063,0,0,
P15,2002-10-01,0.064,0,0,
P15,2002-11-01,0.065,0,0,
P15,2002-12-01,0.064,0,0,
P15,2003-01-01,0.065,0,0,
P15,2003-02-01,0.065,0,0,
P15,2003-03-01,0.066,0,0,
P15,2003-04-01,0.066,0,0,
P15,2003-05-01,0.067,0,0,
P15,2003-06-01,0.067,0,0,
P15,2003-07-01,0.068,0,0,
P15,2003-08-01,0.068,0,0,
P15,2003-09-01,0.068,0,0,
P15,2003-10-01,0.068,0,0,
P15,2003-11-01,0.069,0,0,
P15,2003-12-01,0.069,0,0,
P15,2004-01-01,0.07,0,0,
P15,2004-02-01,0.071,0,0,
P15,2004-03-01,0.071,0,0,
P15,2004-04-01,0.071,0,0,
P15,2004-05-01,0.071,0,0,
P15,2004-06-01,0.072,0,0,
P15,2004-07-01,0.072,0,0,
P15,2004-08-01,0.073,0,0,
P15,2004-09-01,0.074,0,0,
P15,2004-10-01,0.074,0,0,
P15,2004-11-01,0.074,0,0,
P15,2004-12-01,0.075,0,0,
P15,2005-01-01,0.075,0,0,
P15,2005-02-01,0.075,0,0,
P15,2005-03-01,0.076,0,0,
P15,2005-04-01,0.076,0,0,
P15,2005-05-01,0.076,0,0,
P15,2005-06-01,0.077,0,0,
P15,2005-07-01,0.078,0,0,
P15,2005-08-01,0.078,0,0,
P15,2005-09-01,0.079,0,0,
P15,2005-10-01,0.079,0,0,
P15,2005-11-01,0.079,0,0,
P15,2005-12-01,0.08,0,0,
P15,2006-01-01,0.08,0,0,
P15,2006-02-01,0.08,0,0,
P15,2006-03-01,0.081,0,0,
P15,2006-04-01,0.081,0,0,
P15,2006-05-01,0.082,0,0,
P15,2006-06-01,0.082,0,0,
P15,2006-07-01,0.082,0,0,
P15,2006-08-01,0.083,0,0,
P15,2006-09-01,0.084,0,0,
P15,2006-10-01,0.083,0,0,
P15,2006-11-01,0.084,0,0,
P15,2006-12-01,0.084,0,0,
P15,2007-01-01,0.085,0,0,
P15,2007-02-01,0.086,0,0,
P15,2007-03-01,0.085,0,0,
P15,2007-04-01,0.086,0,0,
P15,2007-05-01,0.087,0,0,
P15,2007-06-01,0.087,0,0,
P15,2007-07-01,0.088,0,0,
P15,2007-08-01,0.09,0,0,
P15,2007-09-01,0.111,0,0,
P15,2007-10-01,0.169,0,0,
P15,2007-11-01,0.276,0,0,
P15,2007-12-01,0.38,0,0,
P15,2008-01-01,0.44,0,0,
P15,2008-02-01,0.4,0,0,
P15,2008-03-01,0.638,0,0,
P15,2008-04-01,0.67,0,0,
P15,2008-05-01,0.664,0,0,
P15,2008-06-01,0.745,0,0,
P15,2008-07-01,0.591,0,0,
P15,2008-08-01,0.688,0,0,
P15,2008-09-01,0.765,0,0,
P15,2008-10-01,0.823,0,0,
P15,2008-11-01,0.847,0,0,
P15,2008-12-01,0.945,0,0,
P15,2009-01-01,0.8,0,0,
P15,2009-02-01,1.018,0,0,
P15,2009-03-01,0.886,0,0,
P15,2009-04-01,0.905,0,0,
P15,2009-05-01,0.934,0,0,
P15,2009-06-01,0.909,0,0,
P15,2009-07-01,0.965,0,0,
P15,2009-08-01,1.051,0,0,
P15,2009-09-01,1.096,0,0,
P15,2009-10-01,1.269,0,0,
P15,2009-11-01,1.32,0,0,
P15,2009-12-01,1.23,0,0,
P15,2010-01-01,1.279,0,0,
P15,2010-02-01,1.612,0,0,
P15,2010-03-01,1.33,0,0,
P15,2010-04-01,1.502,0,0,
P15,2010-05-01,1.565,0,0,
P15,2010-06-01,1.65,0,0,
P15,2010-07-01,1.927,0,0,
P15,2010-08-01,1.728,0,0,
P15,2010-09-01,1.775,0,0,
P15,2010-10-01,1.895,0,0,
P15,2010-11-01,1.943,0,0,
P15,2010-12-01,2.017,0,0,
P15,2011-01-01,1.822,0,0,
P15,2011-02-01,1.998,0,0,
P15,2011-03-01,1.926,0,0,
P15,2011-04-01,2.137,0,0,
P15,2011-05-01,2.106,0,0,
P15,2011-06-01,2.051,0,0,
P15,2011-07-01,1.364,0,0,
P15,2011-08-01,2.143,0,0,
P15,2011-09-01,1.413,0,0,
P15,2011-10-01,2.195,0,0,
P15,2011-11-01,2.296,0,0,
P15,2011-12-01,1.963,0,0,
P15,2012-01-01,1.691,0,0,
P15,2012-02-01,1.777,0,0,
P15,2012-03-01,1.717,0,0,
P15,2012-04-01,1.527,0,0,
P15,2012-05-01,1.399,0,0,
P15,2012-06-01,1.386,0,0,
P15,2012-07-01,1.222,0,0,
P15,2012-08-01,1.334,0,0,
P15,2012-09-01,1.357,0,0,
P15,2012-10-01,1.351,0,0,
P15,2012-11-01,1.252,0,0,
P15,2012-12-01,1.169,0,0,
P15,2013-01-01,1.285,0,0,
P15,2013-02-01,1.56,0,0,
P15,2013-03-01,1.581,0,0,
P15,2013-04-01,1.609,0,0,
P15,2013-05-01,1.468,0,0,
P15,2013-06-01,1.446,0,0,
P15,2013-07-01,1.657,0,0,
P15,2013-08-01,1.498,0,0,
P15,2013-09-01,1.701,0,0,
P15,2013-10-01,1.986,0,0,
P15,2013-11-01,2.298,0,0,
P15,2013-12-01,2.019,0,0,
P15,2014-01-01,2.212,0,0,
P15,2014-02-01,2.528,0,0,
P15,2014-03-01,2.4,0,0,
P15,2014-04-01,2.314,0,0,
P15,2014-05-01,2.587,0,0,
P15,2014-06-01,2.648,0,0,
P15,2014-07-01,2.718,0,0,
P15,2014-08-01,2.968,0,0,
P15,2014-09-01,3.242,0,0,
P15,2014-10-01,3.065,0,0,
P15,2014-11-01,3.24,0,0,
P15,2014-12-01,3.429,0,0,
P15,2015-01-01,3.527,0,0,
P15,2015-02-01,3.726,0,0,
P15,2015-03-01,3.453,0,0,
P15,2015-04-01,3.766,0,0,
P15,2015-05-01,3.844,0,0,
P15,2015-06-01,3.898,0,0,
P15,2015-07-01,3.756,0,0,
P15,2015-08-01,4.091,0,0,
P15,2015-09-01,4.694,0,0,
P15,2015-10-01,4.306,0,0,
P15,2015-11-01,4.412,0,0,
P15,2015-12-01,4.546,0,0,
P15,2016-01-01,4.376,0.27,1.89,0.678
P15,2016-02-01,5.026,0.82,4.01,1.488
P15,2016-03-01,4.426,1.69,5.9,2.205
P15,2016-04-01,5.081,2.95,8.3,2.911
P15,2016-05-01,5.425,4.43,9.34,3.134
P15,2016-06-01,4.916,6.01,10.63,3.069
P15,2016-07-01,3.367,7.44,11.5,3.023
P15,2016-08-01,2.304,8.27,12.52,2.814
P15,2016-09-01,2.054,8.34,11.3,2.178
P15,2016-10-01,2.031,8.52,11.58,2.31
P15,2016-11-01,1.72,8.13,11.66,1.842
P15,2016-12-01,1.509,7.58,11.38,1.658
P15,2017-01-01,1.503,6.98,11.04,1.51
P15,2017-02-01,1.458,6.41,12,1.526
P15,2017-03-01,1.282,5.78,11,1.424
P15,2017-04-01,1.174,5.12,11.88,1.372
P15,2017-05-01,1.196,4.55,10.45,1.253
P15,2017-06-01,1.148,4.08,10.97,1.267
P15,2017-07-01,1.016,3.65,11.6,1.25
P15,2017-08-01,0.975,3.39,12.64,1.557
P15,2017-09-01,1.235,3.17,10.3,1.117
P15,2017-10-01,1.312,3,11.4,1.242
P15,2017-11-01,1.456,2.88,11.16,1.173
P15,2017-12-01,1.362,2.81,11.39,1.25
P15,2018-01-01,1.445,2.77,11.25,1.235
P15,2018-02-01,1.522,2.71,11.83,1.123
P15,2018-03-01,1.448,2.69,11.12,1.219
P15,2018-04-01,1.706,2.7,10.56,1.151
P15,2018-05-01,1.423,2.73,12.13,1.29
P15,2018-06-01,1.84,2.77,10.87,1.193
P15,2018-07-01,1.959,2.84,10.84,1.137
P15,2018-08-01,1.916,2.89,12.29,1.372
P15,2018-09-01,2.192,2.97,10.99,1.101
P15,2018-10-01,2.119,3.05,12.01,1.256
P15,2018-11-01,2.368,3.11,11.31,1.125
P15,2018-12-01,2.465,3.2,11.29,1.205
P15,2019-01-01,2.558,3.28,11.07,1.16
P15,2019-02-01,2.642,3.39,12.06,1.2
P15,2019-03-01,2.6,3.52,11.7,1.302
P15,2019-04-01,2.918,3.63,11.48,1.191
P15,2019-05-01,2.784,3.76,11.62,1.198
P15,2019-06-01,3.082,3.88,12.28,1.253
P15,2019-07-01,3.388,4.03,11.55,1.226
P15,2019-08-01,3.53,4.13,11.35,1.21
P15,2019-09-01,3.716,4.3,11.4,1.259
P15,2019-10-01,3.607,4.42,11.3,1.185
P15,2019-11-01,3.831,4.58,11.97,1.209
P15,2019-12-01,3.901,4.76,12.03,1.372
P15,2020-01-01,4.267,4.91,10.8,1.147
P15,2020-02-01,4.844,5.05,10.64,1.087
P15,2020-03-01,4.599,5.2,10.76,1.203
P15,2020-04-01,4.276,5.37,12.17,1.289
P15,2020-05-01,4.451,5.6,12.15,1.335
P15,2020-06-01,4.903,5.77,11.6,1.242
P15,2020-07-01,4.535,5.94,12.2,1.368
P15,2020-08-01,5.1,6.08,10,1.179
P15,2020-09-01,5.336,6.17,11.21,1.143
P15,2020-10-01,5.22,6.36,11.36,1.251
P15,2020-11-01,5.508,6.51,10.83,1.177
P15,2020-12-01,5.225,6.58,11.32,1.216
P15,2021-01-01,5.2,6.75,11.93,1.311
P15,2021-02-01,6.438,6.82,10.41,0.977
P15,2021-03-01,5.458,6.96,11.46,1.351
P15,2021-04-01,5.664,7.08,11.57,1.249
P15,2021-05-01,5.478,7.18,12.13,1.317
P15,2021-06-01,5.99,7.28,11.53,1.238
P15,2021-07-01,5.711,7.34,11.59,1.242
P15,2021-08-01,6.552,7.47,10.82,1.186
P15,2021-09-01,6.561,7.62,11.52,1.239
P15,2021-10-01,7.098,7.68,9.84,1.052
P15,2021-11-01,6.943,7.75,10.63,1.089
P15,2021-12-01,6.684,7.83,10.47,1.109
P15,2022-01-01,6.538,7.9,11.05,1.201
P15,2022-02-01,6.975,8.04,11.4,1.129
P15,2022-03-01,6.46,8.1,11.44,1.281
P15,2022-04-01,7.617,8.25,10.39,1.234
P15,2022-05-01,6.559,8.31,12.04,1.233
P15,2022-06-01,6.619,8.41,12.45,1.306
P15,2022-07-01,7.218,8.52,10.83,1.173
P15,2022-08-01,6.778,8.66,12.98,1.371
P15,2022-09-01,7.917,8.71,10.97,1.142
P15,2022-10-01,7.524,8.87,11.42,1.247
P15,2022-11-01,9.013,8.98,10.06,1.016
P15,2022-12-01,8.066,9.18,11.6,1.234
P15,2023-01-01,8.112,9.35,11,1.235
P15,2023-02-01,8.655,9.61,12.78,1.328
P15,2023-03-01,8.797,9.73,10.52,1.14
P15,2023-04-01,9.168,9.81,10.92,1.16
P15,2023-05-01,9.25,10.04,10.7,1.205
P15,2023-06-01,9.138,10.24,11.73,1.23
P15,2023-07-01,8.978,10.46,11.4,1.235
P15,2023-08-01,10.024,10.57,10.34,1.091
P15,2023-09-01,9.366,10.78,12.01,1.248
P15,2023-10-01,9.423,11.06,12.04,1.364
P15,2023-11-01,10.127,11.34,11.91,1.25
P15,2023-12-01,9.944,11.56,10.51,1.299
P15,2024-01-01,10.246,11.76,11.04,1.233
P15,2024-02-01,11.908,11.83,10.59,1.079
P15,2024-03-01,10.794,12.05,10.93,1.181
P15,2024-04-01,10.405,12.34,12.69,1.376
P15,2024-05-01,10.681,12.51,11.19,1.248
P15,2024-06-01,10.947,12.68,11.67,1.224
P15,2024-07-01,10.952,12.93,11.38,1.298
P15,2024-08-01,12.123,13.18,10.72,1.16
P15,2024-09-01,12.462,13.44,11.19,1.217
P15,2024-10-01,11.526,13.65,12.65,1.35
P15,2024-11-01,12.875,13.84,11.33,1.183
P15,2024-12-01,13.718,14.02,10.26,1.151
P15,2025-01-01,12.033,14.2,12.02,1.233
P15,2025-02-01,14.779,14.46,11.17,1.125
P15,2025-03-01,13.574,14.68,10.66,1.148
P15,2025-04-01,13.774,14.77,10.61,1.152
P15,2025-05-01,13.555,14.99,10.88,1.184
P15,2025-06-01,13.572,15.23,11.6,1.21
P15,2025-07-01,13.224,15.37,11.38,1.207
P15,2025-08-01,13.525,15.55,11.3,1.206
P15,2025-09-01,14.794,15.7,10.86,1.176
P15,2025-10-01,14.229,15.81,11.39,1.204
P15,2025-11-01,13.66,16.02,12.93,1.3
P15,2025-12-01,14.94,16.18,11.52,1.204
P15,2026-01-01,15.547,16.33,10.65,1.071
P15,2026-02-01,16.481,16.47,11.58,1.133
P15,2026-03-01,15.419,16.79,11.51,1.292
P15,2026-04-01,15.511,16.94,11.84,1.151
P15,2026-05-01,16.299,17.18,10.7,1.198
P15,2026-06-01,16.699,17.41,10.87,1.178
P15,2026-07-01,15.016,17.8,12.32,1.374
P15,2026-08-01,16.29,18.06,11.07,1.207
P16,2000-03-01,,,0,
P16,2000-04-01,0.051,0,0,
P16,2000-05-01,0.051,0,0,
P16,2000-06-01,0.052,0,0,
P16,2000-07-01,0.053,0,0,
P16,2000-08-01,0.053,0,0,
P16,2000-09-01,0.053,0,0,
P16,2000-10-01,0.054,0,0,
P16,2000-11-01,0.054,0,0,
P16,2000-12-01,0.054,0,0,
P16,2001-01-01,0.055,0,0,
P16,2001-02-01,0.055,0,0,
P16,2001-03-01,0.056,0,0,
P16,2001-04-01,0.056,0,0,
P16,2001-05-01,0.057,0,0,
P16,2001-06-01,0.057,0,0,
P16,2001-07-01,0.058,0,0,
P16,2001-08-01,0.057,0,0,
P16,2001-09-01,0.059,0,0,
P16,2001-10-01,0.058,0,0,
P16,2001-11-01,0.059,0,0,
P16,2001-12-01,0.059,0,0,
P16,2002-01-01,0.06,0,0,
P16,2002-02-01,0.06,0,0,
P16,2002-03-01,0.061,0,0,
P16,2002-04-01,0.061,0,0,
P16,2002-05-01,0.061,0,0,
P16,2002-06-01,0.063,0,0,
P16,2002-07-01,0.062,0,0,
P16,2002-08-01,0.064,0,0,
P16,2002-09-01,0.063,0,0,
P16,2002-10-01,0.063,0,0,
P16,2002-11-01,0.064,0,0,
P16,2002-12-01,0.065,0,0,
P16,2003-01-01,0.065,0,0,
P16,2003-02-01,0.066,0,0,
P16,2003-03-01,0.066,0,0,
P16,2003-04-01,0.065,0,0,
P16,2003-05-01,0.066,0,0,
P16,2003-06-01,0.066,0,0,
P16,2003-07-01,0.069,0,0,
P16,2003-08-01,0.067,0,0,
P16,2003-09-01,0.068,0,0,
P16,2003-10-01,0.07,0,0,
P16,2003-11-01,0.07,0,0,
P16,2003-12-01,0.069,0,0,
P16,2004-01-01,0.069,0,0,
P16,2004-02-01,0.07,0,0,
P16,2004-03-01,0.07,0,0,
P16,2004-04-01,0.071,0,0,
P16,2004-05-01,0.071,0,0,
P16,2004-06-01,0.072,0,0,
P16,2004-07-01,0.071,0,0,
P16,2004-08-01,0.074,0,0,
P16,2004-09-01,0.073,0,0,
P16,2004-10-01,0.074,0,0,
P16,2004-11-01,0.073,0,0,
P16,2004-12-01,0.076,0,0,
P16,2005-01-01,0.075,0,0,
P16,2005-02-01,0.076,0,0,
P16,2005-03-01,0.075,0,0,
P16,2005-04-01,0.075,0,0,
P16,2005-05-01,0.076,0,0,
P16,2005-06-01,0.076,0,0,
P16,2005-07-01,0.076,0,0,
P16,2005-08-01,0.078,0,0,
P16,2005-09-01,0.078,0,0,
P16,2005-10-01,0.078,0,0,
P16,2005-11-01,0.079,0,0,
P16,2005-12-01,0.078,0,0,
P16,2006-01-01,0.081,0,0,
P16,2006-02-01,0.082,0,0,
P16,2006-03-01,0.08,0,0,
P16,2006-04-01,0.081,0,0,
P16,2006-05-01,0.081,0,0,
P16,2006-06-01,0.081,0,0,
P16,2006-07-01,0.083,0,0,
P16,2006-08-01,0.083,0,0,
P16,2006-09-01,0.082,0,0,
P16,2006-10-01,0.084,0,0,
P16,2006-11-01,0.084,0,0,
P16,2006-12-01,0.084,0,0,
P16,2007-01-01,0.086,0,0,
P16,2007-02-01,0.086,0,0,
P16,2007-03-01,0.089,0,0,
P16,2007-04-01,0.085,0,0,
P16,2007-05-01,0.085,0,0,
P16,2007-06-01,0.085,0,0,
P16,2007-07-01,0.088,0,0,
P16,2007-08-01,0.09,0,0,
P16,2007-09-01,0.105,0,0,
P16,2007-10-01,0.149,0,0,
P16,2007-11-01,0.234,0,0,
P16,2007-12-01,0.3,0,0,
P16,2008-01-01,0.396,0,0,
P16,2008-02-01,0.454,0,0,
P16,2008-03-01,0.531,0,0,
P16,2008-04-01,0.61,0,0,
P16,2008-05-01,0.573,0,0,
P16,2008-06-01,0.651,0,0,
P16,2008-07-01,0.522,0,0,
P16,2008-08-01,0.584,0,0,
P16,2008-09-01,0.657,0,0,
P16,2008-10-01,0.689,0,0,
P16,2008-11-01,0.712,0,0,
P16,2008-12-01,0.787,0,0,
P16,2009-01-01,0.882,0,0,
P16,2009-02-01,0.854,0,0,
P16,2009-03-01,0.759,0,0,
P16,2009-04-01,0.739,0,0,
P16,2009-05-01,0.799,0,0,
P16,2009-06-01,0.796,0,0,
P16,2009-07-01,0.771,0,0,
P16,2009-08-01,0.894,0,0,
P16,2009-09-01,0.932,0,0,
P16,2009-10-01,0.987,0,0,
P16,2009-11-01,1.064,0,0,
P16,2009-12-01,0.981,0,0,
P16,2010-01-01,1.022,0,0,
P16,2010-02-01,1.255,0,0,
P16,2010-03-01,1.105,0,0,
P16,2010-04-01,1.603,0,0,
P16,2010-05-01,1.213,0,0,
P16,2010-06-01,1.38,0,0,
P16,2010-07-01,1.34,0,0,
P16,2010-08-01,1.378,0,0,
P16,2010-09-01,1.518,0,0,
P16,2010-10-01,1.425,0,0,
P16,2010-11-01,1.594,0,0,
P16,2010-12-01,1.632,0,0,
P16,2011-01-01,1.631,0,0,
P16,2011-02-01,1.751,0,0,
P16,2011-03-01,1.481,0,0,
P16,2011-04-01,1.71,0,0,
P16,2011-05-01,1.471,0,0,
P16,2011-06-01,1.775,0,0,
P16,2011-07-01,1.593,0,0,
P16,2011-08-01,1.69,0,0,
P16,2011-09-01,1.753,0,0,
P16,2011-10-01,1.381,0,0,
P16,2011-11-01,1.835,0,0,
P16,2011-12-01,1.37,0,0,
P16,2012-01-01,1.811,0,0,
P16,2012-02-01,1.993,0,0,
P16,2012-03-01,1.97,0,0,
P16,2012-04-01,1.9,0,0,
P16,2012-05-01,1.842,0,0,
P16,2012-06-01,1.856,0,0,
P16,2012-07-01,1.759,0,0,
P16,2012-08-01,1.889,0,0,
P16,2012-09-01,1.859,0,0,
P16,2012-10-01,1.823,0,0,
P16,2012-11-01,1.97,0,0,
P16,2012-12-01,1.816,0,0,
P16,2013-01-01,1.907,0,0,
P16,2013-02-01,2.799,0,0,
P16,2013-03-01,2.134,0,0,
P16,2013-04-01,2.09,0,0,
P16,2013-05-01,2.075,0,0,
P16,2013-06-01,2.17,0,0,
P16,2013-07-01,2.084,0,0,
P16,2013-08-01,2.017,0,0,
P16,2013-09-01,2.184,0,0,
P16,2013-10-01,2.602,0,0,
P16,2013-11-01,2.49,0,0,
P16,2013-12-01,2.303,0,0,
P16,2014-01-01,2.496,0,0,
P16,2014-02-01,2.772,0,0,
P16,2014-03-01,2.535,0,0,
P16,2014-04-01,2.578,0,0,
P16,2014-05-01,2.42,0,0,
P16,2014-06-01,2.974,0,0,
P16,2014-07-01,2.759,0,0,
P16,2014-08-01,2.987,0,0,
P16,2014-09-01,3.069,0,0,
P16,2014-10-01,2.854,0,0,
P16,2014-11-01,3.021,0,0,
P16,2014-12-01,2.954,0,0,
P16,2015-01-01,3.059,0,0,
P16,2015-02-01,3.594,0,0,
P16,2015-03-01,3.083,0,0,
P16,2015-04-01,3.086,0,0,
P16,2015-05-01,3.343,0,0,
P16,2015-06-01,3.447,0,0,
P16,2015-07-01,3.605,0,0,
P16,2015-08-01,3.317,0,0,
P16,2015-09-01,3.66,0,0,
P16,2015-10-01,3.565,0,0,
P16,2015-11-01,3.676,0,0,
P16,2015-12-01,3.398,0,0,
P16,2016-01-01,3.276,0,0,
P16,2016-02-01,3.778,0,0,
P16,2016-03-01,3.51,0,0,
P16,2016-04-01,3.924,0,0,
P16,2016-05-01,3.823,0,0,
P16,2016-06-01,3.58,0,0,
P16,2016-07-01,3.059,0,0,
P16,2016-08-01,2.624,0,0,
P16,2016-09-01,2.428,0,0,
P16,2016-10-01,2.616,0,0,
P16,2016-11-01,2.083,0,0,
P16,2016-12-01,1.878,0,0,
P16,2017-01-01,1.887,0,0,
P16,2017-02-01,1.842,0,0,
P16,2017-03-01,1.616,0,0,
P16,2017-04-01,1.578,0,0,
P16,2017-05-01,1.557,0,0,
P16,2017-06-01,1.498,0,0,
P16,2017-07-01,1.453,0,0,
P16,2017-08-01,1.616,0,0,
P16,2017-09-01,1.7,0,0,
P16,2017-10-01,1.808,0,0,
P16,2017-11-01,1.992,0,0,
P16,2017-12-01,1.882,0,0,
P16,2018-01-01,2.08,0,0,
P16,2018-02-01,2.132,0,0,
P16,2018-03-01,2.025,0,0,
P16,2018-04-01,2.53,0,0,
P16,2018-05-01,1.902,0,0,
P16,2018-06-01,2.404,0,0,
P16,2018-07-01,2.578,0,0,
P16,2018-08-01,2.562,0,0,
P16,2018-09-01,2.755,0,0,
P16,2018-10-01,2.662,0,0,
P16,2018-11-01,2.961,0,0,
P16,2018-12-01,3.156,0,0,
P16,2019-01-01,3.063,0,0,
P16,2019-02-01,3.356,0,0,
P16,2019-03-01,3.474,0,0,
P16,2019-04-01,3.769,0,0,
P16,2019-05-01,3.535,0,0,
P16,2019-06-01,3.449,0,0,
P16,2019-07-01,3.845,0,0,
P16,2019-08-01,4.11,0,0,
P16,2019-09-01,4.061,0,0,
P16,2019-10-01,4.185,0,0,
P16,2019-11-01,4.244,0,0,
P16,2019-12-01,4.275,0,0,
P16,2020-01-01,4.722,0,0,
P16,2020-02-01,5.206,0,0,
P16,2020-03-01,4.776,0,0,
P16,2020-04-01,4.599,0,0,
P16,2020-05-01,4.615,0,0,
P16,2020-06-01,5.022,0,0,
P16,2020-07-01,5.067,0,0,
P16,2020-08-01,6.293,0,0,
P16,2020-09-01,5.635,0,0,
P16,2020-10-01,5.299,0,0,
P16,2020-11-01,5.778,0,0,
P16,2020-12-01,5.533,0,0,
P16,2021-01-01,5.36,0,0,
P16,2021-02-01,6.366,0,0,
P16,2021-03-01,6.004,0,0,
P16,2021-04-01,5.707,0,0,
P16,2021-05-01,5.903,0,0,
P16,2021-06-01,6.124,0,0,
P16,2021-07-01,6.689,0,0,
P16,2021-08-01,6.582,0,0,
P16,2021-09-01,6.366,0,0,
P16,2021-10-01,6.833,0,0,
P16,2021-11-01,6.63,0,0,
P16,2021-12-01,6.654,0,0,
P16,2022-01-01,6.609,0,0,
P16,2022-02-01,6.702,0,0,
P16,2022-03-01,6.225,0,0,
P16,2022-04-01,6.901,0,0,
P16,2022-05-01,6.685,0,0,
P16,2022-06-01,6.577,0,0,
P16,2022-07-01,7.17,0,0,
P16,2022-08-01,6.583,0,0,
P16,2022-09-01,7.661,0,0,
P16,2022-10-01,7.483,0,0,
P16,2022-11-01,8.844,0,0,
P16,2022-12-01,7.832,0,0,
P16,2023-01-01,7.649,0,0,
P16,2023-02-01,8.159,0,0,
P16,2023-03-01,8.615,0,0,
P16,2023-04-01,8.542,0,0,
P16,2023-05-01,8.658,0,0,
P16,2023-06-01,8.488,0,0,
P16,2023-07-01,8.576,0,0,
P16,2023-08-01,9.314,0,0,
P16,2023-09-01,8.77,0,0,
P16,2023-10-01,8.641,0,0,
P16,2023-11-01,9.799,0,0,
P16,2023-12-01,8.677,0,0,
P16,2024-01-01,9.611,0,0,
P16,2024-02-01,10.955,0,0,
P16,2024-03-01,11.817,0,0,
P16,2024-04-01,9.842,0,0,
P16,2024-05-01,9.467,0,0,
P16,2024-06-01,10.147,0,0,
P16,2024-07-01,9.794,0,0,
P16,2024-08-01,10.479,0,0,
P16,2024-09-01,11.158,0,0,
P16,2024-10-01,9.867,0,0,
P16,2024-11-01,11.519,0,0,
P16,2024-12-01,11.942,0,0,
P16,2025-01-01,10.877,0,0,
P16,2025-02-01,12.557,0,0,
P16,2025-03-01,12.074,0,0,
P16,2025-04-01,11.586,0,0,
P16,2025-05-01,12.311,0,0,
P16,2025-06-01,11.909,0,0,
P16,2025-07-01,11.683,0,0,
P16,2025-08-01,12.686,0,0,
P16,2025-09-01,13.248,0,0,
P16,2025-10-01,12.45,0,0,
P16,2025-11-01,13.164,0,0,
P16,2025-12-01,12.878,0,0,
P16,2026-01-01,14.122,0,0,
P16,2026-02-01,14.688,0,0,
P16,2026-03-01,11.327,0,0,
P16,2026-04-01,14.39,0,0,
P16,2026-05-01,14.439,0,0,
P16,2026-06-01,14.252,0,0,
P16,2026-07-01,13.745,0,0,
P16,2026-08-01,13.523,0,0,
