well,date,bopd,bwpd,bwipd
INJ-01,2014-06-01,0,0,201.4
INJ-01,2014-07-01,0,0,403.3
INJ-01,2014-08-01,0,0,610.8
INJ-01,2014-09-01,0,0,823
INJ-01,2014-10-01,0,0,1034.3
INJ-01,2014-11-01,0,0,1223.5
INJ-01,2014-12-01,0,0,1213.9
INJ-01,2015-01-01,0,0,1283
INJ-01,2015-02-01,0,0,1208.5
INJ-01,2015-03-01,0,0,1239.6
INJ-01,2015-04-01,0,0,1257.9
INJ-01,2015-05-01,0,0,1176.1
INJ-01,2015-06-01,0,0,1222.6
INJ-01,2015-07-01,0,0,1130.4
INJ-01,2015-08-01,0,0,1242.9
INJ-01,2015-09-01,0,0,1205.6
INJ-01,2015-10-01,0,0,1187.4
INJ-01,2015-11-01,0,0,1211
INJ-01,2015-12-01,0,0,250.6
INJ-01,2016-01-01,0,0,1114.6
INJ-01,2016-02-01,0,0,1223.6
INJ-01,2016-03-01,0,0,1251.9
INJ-01,2016-04-01,0,0,1190.8
INJ-01,2016-05-01,0,0,1127.4
INJ-01,2016-06-01,0,0,1205.8
INJ-01,2016-07-01,0,0,1182.1
INJ-01,2016-08-01,0,0,1276.4
INJ-01,2016-09-01,0,0,1329.6
INJ-01,2016-10-01,0,0,1206.3
INJ-01,2016-11-01,0,0,1188.8
INJ-01,2016-12-01,0,0,1205.7
INJ-01,2017-01-01,0,0,1263.2
INJ-01,2017-02-01,0,0,1176.9
INJ-01,2017-03-01,0,0,1253.8
INJ-01,2017-04-01,0,0,1122
INJ-01,2017-05-01,0,0,1256.6
INJ-01,2017-06-01,0,0,1227.9
INJ-01,2017-07-01,0,0,1174.9
INJ-01,2017-08-01,0,0,1212.4
INJ-01,2017-09-01,0,0,1237.2
INJ-01,2017-10-01,0,0,1216.4
INJ-01,2017-11-01,0,0,1203.8
INJ-01,2017-12-01,0,0,1220
INJ-01,2018-01-01,0,0,1241.8
INJ-01,2018-02-01,0,0,1246.1
INJ-01,2018-03-01,0,0,1233
INJ-01,2018-04-01,0,0,238
INJ-01,2018-05-01,0,0,1195.2
INJ-01,2018-06-01,0,0,1243.9
INJ-01,2018-07-01,0,0,1187
INJ-01,2018-08-01,0,0,1244.6
INJ-01,2018-09-01,0,0,1099.6
INJ-01,2018-10-01,0,0,1180.7
INJ-01,2018-11-01,0,0,1210.7
INJ-01,2018-12-01,0,0,1210.6
INJ-01,2019-01-01,0,0,1158.2
INJ-01,2019-02-01,0,0,1206.4
INJ-01,2019-03-01,0,0,1173.6
INJ-01,2019-04-01,0,0,1237.9
INJ-01,2019-05-01,0,0,1207
INJ-01,2019-06-01,0,0,1268.5
INJ-01,2019-07-01,0,0,1216.2
INJ-01,2019-08-01,0,0,1135.5
INJ-01,2019-09-01,0,0,1259.8
INJ-01,2019-10-01,0,0,1255.4
INJ-01,2019-11-01,0,0,1236.7
INJ-01,2019-12-01,0,0,1219.6
INJ-01,2020-01-01,0,0,1237.9
INJ-01,2020-02-01,0,0,1187.3
INJ-01,2020-03-01,0,0,1154.7
INJ-01,2020-04-01,0,0,1220.1
INJ-01,2020-05-01,0,0,234.6
INJ-01,2020-06-01,0,0,1176.7
INJ-01,2020-07-01,0,0,1315
INJ-01,2020-08-01,0,0,1263.3
INJ-01,2020-09-01,0,0,1227.3
INJ-01,2020-10-01,0,0,1243.6
INJ-01,2020-11-01,0,0,249.1
INJ-01,2020-12-01,0,0,1235
INJ-01,2021-01-01,0,0,261.5
INJ-01,2021-02-01,0,0,1189.2
INJ-01,2021-03-01,0,0,1124.7
INJ-01,2021-04-01,0,0,1254.4
INJ-01,2021-05-01,0,0,1212.3
INJ-01,2021-06-01,0,0,1198.4
INJ-01,2021-07-01,0,0,1216.4
INJ-01,2021-08-01,0,0,1181.8
INJ-01,2021-09-01,0,0,1233.7
INJ-01,2021-10-01,0,0,1181.3
INJ-01,2021-11-01,0,0,1140.1
INJ-01,2021-12-01,0,0,1246.3
INJ-01,2022-01-01,0,0,1230.1
INJ-01,2022-02-01,0,0,1182.7
INJ-01,2022-03-01,0,0,1240.5
INJ-01,2022-04-01,0,0,1197
INJ-01,2022-05-01,0,0,1236.3
INJ-01,2022-06-01,0,0,1206.4
INJ-01,2022-07-01,0,0,1193.5
INJ-01,2022-08-01,0,0,1317.4
INJ-01,2022-09-01,0,0,1181.6
INJ-01,2022-10-01,0,0,1254.3
INJ-01,2022-11-01,0,0,1173.1
INJ-01,2022-12-01,0,0,1185.4
INJ-01,2023-01-01,0,0,1286.5
INJ-01,2023-02-01,0,0,1289.5
INJ-01,2023-03-01,0,0,1238.5
INJ-01,2023-04-01,0,0,1151.1
INJ-01,2023-05-01,0,0,1297.5
INJ-01,2023-06-01,0,0,1248.6
INJ-01,2023-07-01,0,0,1196.9
INJ-01,2023-08-01,0,0,1208.7
INJ-01,2023-09-01,0,0,1196.6
INJ-01,2023-10-01,0,0,229.5
INJ-01,2023-11-01,0,0,1218
INJ-01,2023-12-01,0,0,1199.8
INJ-01,2024-01-01,0,0,1219.8
INJ-01,2024-02-01,0,0,1282.7
INJ-01,2024-03-01,0,0,1182.7
INJ-01,2024-04-01,0,0,1195.8
INJ-01,2024-05-01,0,0,1228
INJ-01,2024-06-01,0,0,1203.9
INJ-01,2024-07-01,0,0,1191.6
INJ-01,2024-08-01,0,0,1224.8
INJ-01,2024-09-01,0,0,1245.8
INJ-01,2024-10-01,0,0,1260.1
INJ-01,2024-11-01,0,0,1134.2
INJ-01,2024-12-01,0,0,1201.3
INJ-01,2025-01-01,0,0,1237.7
INJ-01,2025-02-01,0,0,1195.4
INJ-01,2025-03-01,0,0,1251.6
INJ-01,2025-04-01,0,0,1109.1
INJ-01,2025-05-01,0,0,1184
INJ-01,2025-06-01,0,0,1254.9
INJ-01,2025-07-01,0,0,1192.2
INJ-01,2025-08-01,0,0,1271.7
INJ-01,2025-09-01,0,0,1201.6
INJ-01,2025-10-01,0,0,1169.9
INJ-01,2025-11-01,0,0,1211.8
INJ-01,2025-12-01,0,0,1216.6
INJ-01,2026-01-01,0,0,1188
INJ-01,2026-02-01,0,0,1206
INJ-01,2026-03-01,0,0,1267.4
INJ-01,2026-04-01,0,0,1260.9
INJ-01,2026-05-01,0,0,1169.4
INJ-01,2026-06-01,0,0,1177.3
INJ-01,2026-07-01,0,0,1270.8
INJ-01,2026-08-01,0,0,1195.7
INJ-02,2014-06-01,0,0,228.5
INJ-02,2014-07-01,0,0,465.8
INJ-02,2014-08-01,0,0,661.9
INJ-02,2014-09-01,0,0,892.9
INJ-02,2014-10-01,0,0,1097.4
INJ-02,2014-11-01,0,0,1254.1
INJ-02,2014-12-01,0,0,1368.6
INJ-02,2015-01-01,0,0,1271.7
INJ-02,2015-02-01,0,0,1481.3
INJ-02,2015-03-01,0,0,1393.5
INJ-02,2015-04-01,0,0,1295
INJ-02,2015-05-01,0,0,1330.8
INJ-02,2015-06-01,0,0,1384.6
INJ-02,2015-07-01,0,0,1404.9
INJ-02,2015-08-01,0,0,1338.5
INJ-02,2015-09-01,0,0,1521.3
INJ-02,2015-10-01,0,0,1391.8
INJ-02,2015-11-01,0,0,1396.7
INJ-02,2015-12-01,0,0,1482
INJ-02,2016-01-01,0,0,1482.9
INJ-02,2016-02-01,0,0,1408.2
INJ-02,2016-03-01,0,0,277.7
INJ-02,2016-04-01,0,0,267.6
INJ-02,2016-05-01,0,0,1455.5
INJ-02,2016-06-01,0,0,1335.6
INJ-02,2016-07-01,0,0,1340.6
INJ-02,2016-08-01,0,0,1372.1
INJ-02,2016-09-01,0,0,1281
INJ-02,2016-10-01,0,0,1338.3
INJ-02,2016-11-01,0,0,1383.6
INJ-02,2016-12-01,0,0,1357.2
INJ-02,2017-01-01,0,0,1321.4
INJ-02,2017-02-01,0,0,1371
INJ-02,2017-03-01,0,0,1401.5
INJ-02,2017-04-01,0,0,1442.7
INJ-02,2017-05-01,0,0,1445.1
INJ-02,2017-06-01,0,0,1364.6
INJ-02,2017-07-01,0,0,1319.9
INJ-02,2017-08-01,0,0,1346.6
INJ-02,2017-09-01,0,0,1388.9
INJ-02,2017-10-01,0,0,1362.6
INJ-02,2017-11-01,0,0,1292.8
INJ-02,2017-12-01,0,0,1289
INJ-02,2018-01-01,0,0,1373.9
INJ-02,2018-02-01,0,0,1438
INJ-02,2018-03-01,0,0,1404.1
INJ-02,2018-04-01,0,0,1347.4
INJ-02,2018-05-01,0,0,1340.5
INJ-02,2018-06-01,0,0,1402.5
INJ-02,2018-07-01,0,0,1342.7
INJ-02,2018-08-01,0,0,1337.4
INJ-02,2018-09-01,0,0,1337.6
INJ-02,2018-10-01,0,0,1360.2
INJ-02,2018-11-01,0,0,275.2
INJ-02,2018-12-01,0,0,1336.8
INJ-02,2019-01-01,0,0,1310.2
INJ-02,2019-02-01,0,0,1341.8
INJ-02,2019-03-01,0,0,1407
INJ-02,2019-04-01,0,0,1381.8
INJ-02,2019-05-01,0,0,1350.5
INJ-02,2019-06-01,0,0,1393.6
INJ-02,2019-07-01,0,0,1344.2
INJ-02,2019-08-01,0,0,1365.7
INJ-02,2019-09-01,0,0,1471
INJ-02,2019-10-01,0,0,1356.8
INJ-02,2019-11-01,0,0,1336.9
INJ-02,2019-12-01,0,0,1358.2
INJ-02,2020-01-01,0,0,1409.5
INJ-02,2020-02-01,0,0,1405.8
INJ-02,2020-03-01,0,0,1398.7
INJ-02,2020-04-01,0,0,1335.2
INJ-02,2020-05-01,0,0,1418.4
INJ-02,2020-06-01,0,0,1405.8
INJ-02,2020-07-01,0,0,1431.9
INJ-02,2020-08-01,0,0,1358.5
INJ-02,2020-09-01,0,0,1420.9
INJ-02,2020-10-01,0,0,1349.5
INJ-02,2020-11-01,0,0,1422.4
INJ-02,2020-12-01,0,0,1383.9
INJ-02,2021-01-01,0,0,1319.1
INJ-02,2021-02-01,0,0,1410.3
INJ-02,2021-03-01,0,0,1354.9
INJ-02,2021-04-01,0,0,1418.3
INJ-02,2021-05-01,0,0,1413.1
INJ-02,2021-06-01,0,0,1390
INJ-02,2021-07-01,0,0,1442
INJ-02,2021-08-01,0,0,1363.4
INJ-02,2021-09-01,0,0,1304.3
INJ-02,2021-10-01,0,0,1316.7
INJ-02,2021-11-01,0,0,1378.4
INJ-02,2021-12-01,0,0,286.9
INJ-02,2022-01-01,0,0,1408.4
INJ-02,2022-02-01,0,0,1320.5
INJ-02,2022-03-01,0,0,1380.8
INJ-02,2022-04-01,0,0,1373.4
INJ-02,2022-05-01,0,0,1380.4
INJ-02,2022-06-01,0,0,1375
INJ-02,2022-07-01,0,0,1412.2
INJ-02,2022-08-01,0,0,1408.5
INJ-02,2022-09-01,0,0,1383.6
INJ-02,2022-10-01,0,0,1378.3
INJ-02,2022-11-01,0,0,1369.6
INJ-02,2022-12-01,0,0,1323.5
INJ-02,2023-01-01,0,0,1440.5
INJ-02,2023-02-01,0,0,1379.4
INJ-02,2023-03-01,0,0,1421.6
INJ-02,2023-04-01,0,0,1429.7
INJ-02,2023-05-01,0,0,1448.1
INJ-02,2023-06-01,0,0,1425.2
INJ-02,2023-07-01,0,0,1335.1
INJ-02,2023-08-01,0,0,1419
INJ-02,2023-09-01,0,0,1361.3
INJ-02,2023-10-01,0,0,299.6
INJ-02,2023-11-01,0,0,1387.7
INJ-02,2023-12-01,0,0,1383
INJ-02,2024-01-01,0,0,1489.3
INJ-02,2024-02-01,0,0,1433.9
INJ-02,2024-03-01,0,0,1449.4
INJ-02,2024-04-01,0,0,1487.3
INJ-02,2024-05-01,0,0,1409.2
INJ-02,2024-06-01,0,0,290.5
INJ-02,2024-07-01,0,0,1401.7
INJ-02,2024-08-01,0,0,1341.1
INJ-02,2024-09-01,0,0,1364
INJ-02,2024-10-01,0,0,1446.6
INJ-02,2024-11-01,0,0,1365.7
INJ-02,2024-12-01,0,0,1357.2
INJ-02,2025-01-01,0,0,1419
INJ-02,2025-02-01,0,0,1358.6
INJ-02,2025-03-01,0,0,1405.8
INJ-02,2025-04-01,0,0,1273.7
INJ-02,2025-05-01,0,0,1359.8
INJ-02,2025-06-01,0,0,270
INJ-02,2025-07-01,0,0,1433.1
INJ-02,2025-08-01,0,0,1412.1
INJ-02,2025-09-01,0,0,1364.2
INJ-02,2025-10-01,0,0,1371
INJ-02,2025-11-01,0,0,1334.7
INJ-02,2025-12-01,0,0,1305.1
INJ-02,2026-01-01,0,0,1419
INJ-02,2026-02-01,0,0,1420.8
INJ-02,2026-03-01,0,0,1512.9
INJ-02,2026-04-01,0,0,1338.1
INJ-02,2026-05-01,0,0,1502.6
INJ-02,2026-06-01,0,0,1364.5
INJ-02,2026-07-01,0,0,1320.4
INJ-02,2026-08-01,0,0,1353.3
INJ-03,2014-06-01,0,0,142.4
INJ-03,2014-07-01,0,0,268
INJ-03,2014-08-01,0,0,376.5
INJ-03,2014-09-01,0,0,538.3
INJ-03,2014-10-01,0,0,714.4
INJ-03,2014-11-01,0,0,874
INJ-03,2014-12-01,0,0,809.5
INJ-03,2015-01-01,0,0,821.7
INJ-03,2015-02-01,0,0,896.6
INJ-03,2015-03-01,0,0,867.3
INJ-03,2015-04-01,0,0,833.4
INJ-03,2015-05-01,0,0,825.5
INJ-03,2015-06-01,0,0,865
INJ-03,2015-07-01,0,0,831.2
INJ-03,2015-08-01,0,0,802.4
INJ-03,2015-09-01,0,0,816.2
INJ-03,2015-10-01,0,0,856.5
INJ-03,2015-11-01,0,0,826.9
INJ-03,2015-12-01,0,0,870
INJ-03,2016-01-01,0,0,800.3
INJ-03,2016-02-01,0,0,860.7
INJ-03,2016-03-01,0,0,878.3
INJ-03,2016-04-01,0,0,780.2
INJ-03,2016-05-01,0,0,830.8
INJ-03,2016-06-01,0,0,835.9
INJ-03,2016-07-01,0,0,876.7
INJ-03,2016-08-01,0,0,902.1
INJ-03,2016-09-01,0,0,871.1
INJ-03,2016-10-01,0,0,853.9
INJ-03,2016-11-01,0,0,822.1
INJ-03,2016-12-01,0,0,864.4
INJ-03,2017-01-01,0,0,839.8
INJ-03,2017-02-01,0,0,846.1
INJ-03,2017-03-01,0,0,854.1
INJ-03,2017-04-01,0,0,861.2
INJ-03,2017-05-01,0,0,821.5
INJ-03,2017-06-01,0,0,935
INJ-03,2017-07-01,0,0,848.6
INJ-03,2017-08-01,0,0,839
INJ-03,2017-09-01,0,0,877.7
INJ-03,2017-10-01,0,0,820.9
INJ-03,2017-11-01,0,0,168.8
INJ-03,2017-12-01,0,0,864
INJ-03,2018-01-01,0,0,758.6
INJ-03,2018-02-01,0,0,809.8
INJ-03,2018-03-01,0,0,812.8
INJ-03,2018-04-01,0,0,846.4
INJ-03,2018-05-01,0,0,865.4
INJ-03,2018-06-01,0,0,854.2
INJ-03,2018-07-01,0,0,824.8
INJ-03,2018-08-01,0,0,863.8
INJ-03,2018-09-01,0,0,845.2
INJ-03,2018-10-01,0,0,835
INJ-03,2018-11-01,0,0,820.5
INJ-03,2018-12-01,0,0,826.8
INJ-03,2019-01-01,0,0,798.4
INJ-03,2019-02-01,0,0,856.1
INJ-03,2019-03-01,0,0,766.2
INJ-03,2019-04-01,0,0,841.4
INJ-03,2019-05-01,0,0,865.2
INJ-03,2019-06-01,0,0,851.8
INJ-03,2019-07-01,0,0,879
INJ-03,2019-08-01,0,0,820.1
INJ-03,2019-09-01,0,0,786.7
INJ-03,2019-10-01,0,0,752.5
INJ-03,2019-11-01,0,0,852.2
INJ-03,2019-12-01,0,0,812.5
INJ-03,2020-01-01,0,0,835.1
INJ-03,2020-02-01,0,0,809.6
INJ-03,2020-03-01,0,0,742.1
INJ-03,2020-04-01,0,0,812.4
INJ-03,2020-05-01,0,0,875.2
INJ-03,2020-06-01,0,0,820.1
INJ-03,2020-07-01,0,0,770.5
INJ-03,2020-08-01,0,0,863.8
INJ-03,2020-09-01,0,0,859.9
INJ-03,2020-10-01,0,0,848
INJ-03,2020-11-01,0,0,828.5
INJ-03,2020-12-01,0,0,852.2
INJ-03,2021-01-01,0,0,857
INJ-03,2021-02-01,0,0,890.6
INJ-03,2021-03-01,0,0,817.6
INJ-03,2021-04-01,0,0,891.3
INJ-03,2021-05-01,0,0,858.2
INJ-03,2021-06-01,0,0,862.4
INJ-03,2021-07-01,0,0,828.9
INJ-03,2021-08-01,0,0,806
INJ-03,2021-09-01,0,0,842.2
INJ-03,2021-10-01,0,0,847.6
INJ-03,2021-11-01,0,0,905.2
INJ-03,2021-12-01,0,0,179.8
INJ-03,2022-01-01,0,0,169.4
INJ-03,2022-02-01,0,0,892.4
INJ-03,2022-03-01,0,0,818.7
INJ-03,2022-04-01,0,0,858.7
INJ-03,2022-05-01,0,0,814.6
INJ-03,2022-06-01,0,0,814.5
INJ-03,2022-07-01,0,0,847.5
INJ-03,2022-08-01,0,0,849.1
INJ-03,2022-09-01,0,0,831.4
INJ-03,2022-10-01,0,0,840.8
INJ-03,2022-11-01,0,0,803.7
INJ-03,2022-12-01,0,0,803.5
INJ-03,2023-01-01,0,0,869
INJ-03,2023-02-01,0,0,167.7
INJ-03,2023-03-01,0,0,860.7
INJ-03,2023-04-01,0,0,826.6
INJ-03,2023-05-01,0,0,803.1
INJ-03,2023-06-01,0,0,810.9
INJ-03,2023-07-01,0,0,813.5
INJ-03,2023-08-01,0,0,809.6
INJ-03,2023-09-01,0,0,804.2
INJ-03,2023-10-01,0,0,815.3
INJ-03,2023-11-01,0,0,867
INJ-03,2023-12-01,0,0,830.7
INJ-03,2024-01-01,0,0,848.8
INJ-03,2024-02-01,0,0,866.1
INJ-03,2024-03-01,0,0,911.8
INJ-03,2024-04-01,0,0,795.1
INJ-03,2024-05-01,0,0,870.9
INJ-03,2024-06-01,0,0,870.6
INJ-03,2024-07-01,0,0,846.4
INJ-03,2024-08-01,0,0,832
INJ-03,2024-09-01,0,0,846
INJ-03,2024-10-01,0,0,866.3
INJ-03,2024-11-01,0,0,824.9
INJ-03,2024-12-01,0,0,840.2
INJ-03,2025-01-01,0,0,858.1
INJ-03,2025-02-01,0,0,871.4
INJ-03,2025-03-01,0,0,882.7
INJ-03,2025-04-01,0,0,841.6
INJ-03,2025-05-01,0,0,823.2
INJ-03,2025-06-01,0,0,859.1
INJ-03,2025-07-01,0,0,802.9
INJ-03,2025-08-01,0,0,852
INJ-03,2025-09-01,0,0,840.3
INJ-03,2025-10-01,0,0,811.8
INJ-03,2025-11-01,0,0,781.4
INJ-03,2025-12-01,0,0,813.7
INJ-03,2026-01-01,0,0,878.3
INJ-03,2026-02-01,0,0,883.9
INJ-03,2026-03-01,0,0,863.5
INJ-03,2026-04-01,0,0,852.4
INJ-03,2026-05-01,0,0,843.6
INJ-03,2026-06-01,0,0,831.5
INJ-03,2026-07-01,0,0,836.8
INJ-03,2026-08-01,0,0,827.8
INJ-04,2021-09-01,0,0,268.3
INJ-04,2021-10-01,0,0,548.5
INJ-04,2021-11-01,0,0,814.4
INJ-04,2021-12-01,0,0,1110
INJ-04,2022-01-01,0,0,1251.8
INJ-04,2022-02-01,0,0,1500.2
INJ-04,2022-03-01,0,0,1587.6
INJ-04,2022-04-01,0,0,1489.7
INJ-04,2022-05-01,0,0,1521.6
INJ-04,2022-06-01,0,0,1595.3
INJ-04,2022-07-01,0,0,1472.8
INJ-04,2022-08-01,0,0,1596.5
INJ-04,2022-09-01,0,0,1665.5
INJ-04,2022-10-01,0,0,1579
INJ-04,2022-11-01,0,0,1584.7
INJ-04,2022-12-01,0,0,1610.8
INJ-04,2023-01-01,0,0,326.7
INJ-04,2023-02-01,0,0,1564.7
INJ-04,2023-03-01,0,0,1585.6
INJ-04,2023-04-01,0,0,1580.9
INJ-04,2023-05-01,0,0,1446.3
INJ-04,2023-06-01,0,0,1525.8
INJ-04,2023-07-01,0,0,1475.4
INJ-04,2023-08-01,0,0,1583.5
INJ-04,2023-09-01,0,0,1598.4
INJ-04,2023-10-01,0,0,1531.2
INJ-04,2023-11-01,0,0,1460.9
INJ-04,2023-12-01,0,0,1583.3
INJ-04,2024-01-01,0,0,322.9
INJ-04,2024-02-01,0,0,1632.5
INJ-04,2024-03-01,0,0,1555.1
INJ-04,2024-04-01,0,0,1577
INJ-04,2024-05-01,0,0,1589.7
INJ-04,2024-06-01,0,0,1561.6
INJ-04,2024-07-01,0,0,1597.9
INJ-04,2024-08-01,0,0,1632.9
INJ-04,2024-09-01,0,0,1645.2
INJ-04,2024-10-01,0,0,1644.8
INJ-04,2024-11-01,0,0,1641.4
INJ-04,2024-12-01,0,0,1577.9
INJ-04,2025-01-01,0,0,1495.5
INJ-04,2025-02-01,0,0,1585.8
INJ-04,2025-03-01,0,0,1516.5
INJ-04,2025-04-01,0,0,1488.8
INJ-04,2025-05-01,0,0,1578.5
INJ-04,2025-06-01,0,0,1554.6
INJ-04,2025-07-01,0,0,1643.3
INJ-04,2025-08-01,0,0,1649.9
INJ-04,2025-09-01,0,0,1593.3
INJ-04,2025-10-01,0,0,1653.4
INJ-04,2025-11-01,0,0,1609.1
INJ-04,2025-12-01,0,0,1610.7
INJ-04,2026-01-01,0,0,1648.9
INJ-04,2026-02-01,0,0,1670.1
INJ-04,2026-03-01,0,0,1586.6
INJ-04,2026-04-01,0,0,1625
INJ-04,2026-05-01,0,0,1620.8
INJ-04,2026-06-01,0,0,1557.1
INJ-04,2026-07-01,0,0,1606.3
INJ-04,2026-08-01,0,0,1618.3
INJ-05,2014-06-01,0,0,177.9
INJ-05,2014-07-01,0,0,360
INJ-05,2014-08-01,0,0,511.2
INJ-05,2014-09-01,0,0,753.6
INJ-05,2014-10-01,0,0,932.1
INJ-05,2014-11-01,0,0,1081.1
INJ-05,2014-12-01,0,0,1039.7
INJ-05,2015-01-01,0,0,1101
INJ-05,2015-02-01,0,0,1110.6
INJ-05,2015-03-01,0,0,1063.5
INJ-05,2015-04-01,0,0,1204.6
INJ-05,2015-05-01,0,0,1104.3
INJ-05,2015-06-01,0,0,1131.6
INJ-05,2015-07-01,0,0,1116.1
INJ-05,2015-08-01,0,0,1080.7
INJ-05,2015-09-01,0,0,1120.4
INJ-05,2015-10-01,0,0,1087.7
INJ-05,2015-11-01,0,0,1129.8
INJ-05,2015-12-01,0,0,1066
INJ-05,2016-01-01,0,0,1114.5
INJ-05,2016-02-01,0,0,1066.1
INJ-05,2016-03-01,0,0,1132.1
INJ-05,2016-04-01,0,0,1125.1
INJ-05,2016-05-01,0,0,1106.6
INJ-05,2016-06-01,0,0,1069.1
INJ-05,2016-07-01,0,0,1157.5
INJ-05,2016-08-01,0,0,1042.4
INJ-05,2016-09-01,0,0,1098.7
INJ-05,2016-10-01,0,0,1090.5
INJ-05,2016-11-01,0,0,1104.5
INJ-05,2016-12-01,0,0,1118.6
INJ-05,2017-01-01,0,0,1079.6
INJ-05,2017-02-01,0,0,1039.1
INJ-05,2017-03-01,0,0,1180.3
INJ-05,2017-04-01,0,0,1025.2
INJ-05,2017-05-01,0,0,1113.5
INJ-05,2017-06-01,0,0,1063.7
INJ-05,2017-07-01,0,0,1023
INJ-05,2017-08-01,0,0,1116.6
INJ-05,2017-09-01,0,0,1182.7
INJ-05,2017-10-01,0,0,1099.9
INJ-05,2017-11-01,0,0,1080.6
INJ-05,2017-12-01,0,0,1114.7
INJ-05,2018-01-01,0,0,1115.5
INJ-05,2018-02-01,0,0,1074.6
INJ-05,2018-03-01,0,0,1197.9
INJ-05,2018-04-01,0,0,1198.2
INJ-05,2018-05-01,0,0,1043.9
INJ-05,2018-06-01,0,0,1134.9
INJ-05,2018-07-01,0,0,1028.2
INJ-05,2018-08-01,0,0,1138.6
INJ-05,2018-09-01,0,0,1104.5
INJ-05,2018-10-01,0,0,1132.8
INJ-05,2018-11-01,0,0,1143.9
INJ-05,2018-12-01,0,0,1139.7
INJ-05,2019-01-01,0,0,1129.9
INJ-05,2019-02-01,0,0,1101.1
INJ-05,2019-03-01,0,0,1160.2
INJ-05,2019-04-01,0,0,1043.7
INJ-05,2019-05-01,0,0,1118.3
INJ-05,2019-06-01,0,0,1089.3
INJ-05,2019-07-01,0,0,1130.9
INJ-05,2019-08-01,0,0,1079.4
INJ-05,2019-09-01,0,0,1134.4
INJ-05,2019-10-01,0,0,1129.2
INJ-05,2019-11-01,0,0,1105
INJ-05,2019-12-01,0,0,1076.4
INJ-05,2020-01-01,0,0,1056.2
INJ-05,2020-02-01,0,0,1068.5
INJ-05,2020-03-01,0,0,1167.2
INJ-05,2020-04-01,0,0,1109.3
INJ-05,2020-05-01,0,0,1074.7
INJ-05,2020-06-01,0,0,1177.5
INJ-05,2020-07-01,0,0,212.6
INJ-05,2020-08-01,0,0,219.3
INJ-05,2020-09-01,0,0,1163.6
INJ-05,2020-10-01,0,0,1034.5
INJ-05,2020-11-01,0,0,1096.2
INJ-05,2020-12-01,0,0,1123.2
INJ-05,2021-01-01,0,0,1084.5
INJ-05,2021-02-01,0,0,1081.4
INJ-05,2021-03-01,0,0,1059.4
INJ-05,2021-04-01,0,0,1137.8
INJ-05,2021-05-01,0,0,1071.3
INJ-05,2021-06-01,0,0,1043.7
INJ-05,2021-07-01,0,0,1074.6
INJ-05,2021-08-01,0,0,1148.3
INJ-05,2021-09-01,0,0,1070.9
INJ-05,2021-10-01,0,0,1137.9
INJ-05,2021-11-01,0,0,1136.5
INJ-05,2021-12-01,0,0,1103.9
INJ-05,2022-01-01,0,0,1015.1
INJ-05,2022-02-01,0,0,1096.7
INJ-05,2022-03-01,0,0,1078.3
INJ-05,2022-04-01,0,0,1028.6
INJ-05,2022-05-01,0,0,1018.3
INJ-05,2022-06-01,0,0,1155.7
INJ-05,2022-07-01,0,0,1148.7
INJ-05,2022-08-01,0,0,1122.8
INJ-05,2022-09-01,0,0,1210.2
INJ-05,2022-10-01,0,0,1059.8
INJ-05,2022-11-01,0,0,1089.7
INJ-05,2022-12-01,0,0,1154.2
INJ-05,2023-01-01,0,0,1056
INJ-05,2023-02-01,0,0,1058.6
INJ-05,2023-03-01,0,0,939.2
INJ-05,2023-04-01,0,0,1096.7
INJ-05,2023-05-01,0,0,1067.1
INJ-05,2023-06-01,0,0,1109.8
INJ-05,2023-07-01,0,0,1060.8
INJ-05,2023-08-01,0,0,1056.6
INJ-05,2023-09-01,0,0,1093.9
INJ-05,2023-10-01,0,0,1111.9
INJ-05,2023-11-01,0,0,1111.7
INJ-05,2023-12-01,0,0,1163.9
INJ-05,2024-01-01,0,0,1090.4
INJ-05,2024-02-01,0,0,209.4
INJ-05,2024-03-01,0,0,1109.3
INJ-05,2024-04-01,0,0,1073.9
INJ-05,2024-05-01,0,0,1047.3
INJ-05,2024-06-01,0,0,1045.9
INJ-05,2024-07-01,0,0,1133.9
INJ-05,2024-08-01,0,0,1136.1
INJ-05,2024-09-01,0,0,1100.9
INJ-05,2024-10-01,0,0,1091.8
INJ-05,2024-11-01,0,0,1119.6
INJ-05,2024-12-01,0,0,1143.9
INJ-05,2025-01-01,0,0,1058.4
INJ-05,2025-02-01,0,0,1101.5
INJ-05,2025-03-01,0,0,1138.3
INJ-05,2025-04-01,0,0,1053.6
INJ-05,2025-05-01,0,0,1054.1
INJ-05,2025-06-01,0,0,1103.8
INJ-05,2025-07-01,0,0,1100.9
INJ-05,2025-08-01,0,0,1143.2
INJ-05,2025-09-01,0,0,1061.5
INJ-05,2025-10-01,0,0,1072.1
INJ-05,2025-11-01,0,0,1133.9
INJ-05,2025-12-01,0,0,1124.4
INJ-05,2026-01-01,0,0,1087.7
INJ-05,2026-02-01,0,0,1096
INJ-05,2026-03-01,0,0,1087.4
INJ-05,2026-04-01,0,0,1085.7
INJ-05,2026-05-01,0,0,1072.9
INJ-05,2026-06-01,0,0,1084.6
INJ-05,2026-07-01,0,0,1087.3
INJ-05,2026-08-01,0,0,1139.4
INJ-06,2012-01-01,0,0,177.7
INJ-06,2012-02-01,0,0,351.9
INJ-06,2012-03-01,0,0,546.9
INJ-06,2012-04-01,0,0,719.4
INJ-06,2012-05-01,0,0,845.5
INJ-06,2012-06-01,0,0,1044.4
INJ-06,2012-07-01,0,0,1099.3
INJ-06,2012-08-01,0,0,1079.8
INJ-06,2012-09-01,0,0,1099.9
INJ-06,2012-10-01,0,0,1151.2
INJ-06,2012-11-01,0,0,1064
INJ-06,2012-12-01,0,0,1125.7
INJ-06,2013-01-01,0,0,1057.3
INJ-06,2013-02-01,0,0,1090.4
INJ-06,2013-03-01,0,0,1075.5
INJ-06,2013-04-01,0,0,1092.9
INJ-06,2013-05-01,0,0,1069.7
INJ-06,2013-06-01,0,0,1103.8
INJ-06,2013-07-01,0,0,982.9
INJ-06,2013-08-01,0,0,1137.2
INJ-06,2013-09-01,0,0,215.4
INJ-06,2013-10-01,0,0,1168.2
INJ-06,2013-11-01,0,0,1086.9
INJ-06,2013-12-01,0,0,1074.8
INJ-06,2014-01-01,0,0,1145.6
INJ-06,2014-02-01,0,0,1083.3
INJ-06,2014-03-01,0,0,1085.3
INJ-06,2014-04-01,0,0,1145.8
INJ-06,2014-05-01,0,0,1060.9
INJ-06,2014-06-01,0,0,1055.6
INJ-06,2014-07-01,0,0,1121.9
INJ-06,2014-08-01,0,0,1088.5
INJ-06,2014-09-01,0,0,1081.6
INJ-06,2014-10-01,0,0,1062.8
INJ-06,2014-11-01,0,0,1033
INJ-06,2014-12-01,0,0,1082.1
INJ-06,2015-01-01,0,0,1085.5
INJ-06,2015-02-01,0,0,1127.6
INJ-06,2015-03-01,0,0,1098.8
INJ-06,2015-04-01,0,0,1078.9
INJ-06,2015-05-01,0,0,1162.9
INJ-06,2015-06-01,0,0,1061.5
INJ-06,2015-07-01,0,0,1086.5
INJ-06,2015-08-01,0,0,1080.2
INJ-06,2015-09-01,0,0,1090.3
INJ-06,2015-10-01,0,0,1048.1
INJ-06,2015-11-01,0,0,1059.9
INJ-06,2015-12-01,0,0,1110.6
INJ-06,2016-01-01,0,0,1091.2
INJ-06,2016-02-01,0,0,1104.9
INJ-06,2016-03-01,0,0,1073.8
INJ-06,2016-04-01,0,0,1094.4
INJ-06,2016-05-01,0,0,1058.2
INJ-06,2016-06-01,0,0,1126.3
INJ-06,2016-07-01,0,0,1139
INJ-06,2016-08-01,0,0,1066.4
INJ-06,2016-09-01,0,0,218.2
INJ-06,2016-10-01,0,0,1098.4
INJ-06,2016-11-01,0,0,1128.3
INJ-06,2016-12-01,0,0,1111.6
INJ-06,2017-01-01,0,0,1088.6
INJ-06,2017-02-01,0,0,1100.5
INJ-06,2017-03-01,0,0,1115.8
INJ-06,2017-04-01,0,0,1014
INJ-06,2017-05-01,0,0,1057.4
INJ-06,2017-06-01,0,0,1110.7
INJ-06,2017-07-01,0,0,1041.5
INJ-06,2017-08-01,0,0,1059.8
INJ-06,2017-09-01,0,0,1058.2
INJ-06,2017-10-01,0,0,1069
INJ-06,2017-11-01,0,0,1090.3
INJ-06,2017-12-01,0,0,986
INJ-06,2018-01-01,0,0,1073.4
INJ-06,2018-02-01,0,0,1076.9
INJ-06,2018-03-01,0,0,1158.1
INJ-06,2018-04-01,0,0,1109.5
INJ-06,2018-05-01,0,0,1048.5
INJ-06,2018-06-01,0,0,1068.7
INJ-06,2018-07-01,0,0,1046.6
INJ-06,2018-08-01,0,0,1076.7
INJ-06,2018-09-01,0,0,1043.4
INJ-06,2018-10-01,0,0,1105.1
INJ-06,2018-11-01,0,0,1134.5
INJ-06,2018-12-01,0,0,1109.2
INJ-06,2019-01-01,0,0,1109.2
INJ-06,2019-02-01,0,0,1092.3
INJ-06,2019-03-01,0,0,1125.3
INJ-06,2019-04-01,0,0,1000.1
INJ-06,2019-05-01,0,0,1094.6
INJ-06,2019-06-01,0,0,1067.3
INJ-06,2019-07-01,0,0,1066.2
INJ-06,2019-08-01,0,0,1061.2
INJ-06,2019-09-01,0,0,1092
INJ-06,2019-10-01,0,0,1075.3
INJ-06,2019-11-01,0,0,1044.7
INJ-06,2019-12-01,0,0,1068.4
INJ-06,2020-01-01,0,0,1052.6
INJ-06,2020-02-01,0,0,218.9
INJ-06,2020-03-01,0,0,1056.8
INJ-06,2020-04-01,0,0,1031.1
INJ-06,2020-05-01,0,0,1065.6
INJ-06,2020-06-01,0,0,1072.1
INJ-06,2020-07-01,0,0,1142.1
INJ-06,2020-08-01,0,0,1084.7
INJ-06,2020-09-01,0,0,1008
INJ-06,2020-10-01,0,0,1067.7
INJ-06,2020-11-01,0,0,1052.1
INJ-06,2020-12-01,0,0,1123.9
INJ-06,2021-01-01,0,0,1086.4
INJ-06,2021-02-01,0,0,1123.4
INJ-06,2021-03-01,0,0,1103.9
INJ-06,2021-04-01,0,0,1033.7
INJ-06,2021-05-01,0,0,1128.9
INJ-06,2021-06-01,0,0,1067.1
INJ-06,2021-07-01,0,0,1110.7
INJ-06,2021-08-01,0,0,1102.1
INJ-06,2021-09-01,0,0,1093.6
INJ-06,2021-10-01,0,0,1081.1
INJ-06,2021-11-01,0,0,1099.3
INJ-06,2021-12-01,0,0,1030.4
INJ-06,2022-01-01,0,0,1104.4
INJ-06,2022-02-01,0,0,1038.3
INJ-06,2022-03-01,0,0,1046.1
INJ-06,2022-04-01,0,0,1107.1
INJ-06,2022-05-01,0,0,1090.6
INJ-06,2022-06-01,0,0,1144.5
INJ-06,2022-07-01,0,0,1117.2
INJ-06,2022-08-01,0,0,1138.5
INJ-06,2022-09-01,0,0,1043.9
INJ-06,2022-10-01,0,0,1123.6
INJ-06,2022-11-01,0,0,1073.8
INJ-06,2022-12-01,0,0,1071.5
INJ-06,2023-01-01,0,0,1126.5
INJ-06,2023-02-01,0,0,1069
INJ-06,2023-03-01,0,0,1080.4
INJ-06,2023-04-01,0,0,1101.9
INJ-06,2023-05-01,0,0,1089.7
INJ-06,2023-06-01,0,0,1065.3
INJ-06,2023-07-01,0,0,1085.8
INJ-06,2023-08-01,0,0,1132.1
INJ-06,2023-09-01,0,0,1048.8
INJ-06,2023-10-01,0,0,1122.2
INJ-06,2023-11-01,0,0,1037.3
INJ-06,2023-12-01,0,0,1064.5
INJ-06,2024-01-01,0,0,1021.8
INJ-06,2024-02-01,0,0,1066.9
INJ-06,2024-03-01,0,0,1115.2
INJ-06,2024-04-01,0,0,1055
INJ-06,2024-05-01,0,0,1039.5
INJ-06,2024-06-01,0,0,986.8
INJ-06,2024-07-01,0,0,1110.6
INJ-06,2024-08-01,0,0,1079.6
INJ-06,2024-09-01,0,0,1111
INJ-06,2024-10-01,0,0,1047.5
INJ-06,2024-11-01,0,0,1150.2
INJ-06,2024-12-01,0,0,1073.3
INJ-06,2025-01-01,0,0,1065.5
INJ-06,2025-02-01,0,0,204.2
INJ-06,2025-03-01,0,0,1107.2
INJ-06,2025-04-01,0,0,1093.1
INJ-06,2025-05-01,0,0,1081.6
INJ-06,2025-06-01,0,0,1078
INJ-06,2025-07-01,0,0,220.8
INJ-06,2025-08-01,0,0,1103.2
INJ-06,2025-09-01,0,0,1092.7
INJ-06,2025-10-01,0,0,1079.8
INJ-06,2025-11-01,0,0,1103.9
INJ-06,2025-12-01,0,0,1033.5
INJ-06,2026-01-01,0,0,1065.2
INJ-06,2026-02-01,0,0,1025.6
INJ-06,2026-03-01,0,0,1061.5
INJ-06,2026-04-01,0,0,1031
INJ-06,2026-05-01,0,0,1099.1
INJ-06,2026-06-01,0,0,1060
INJ-06,2026-07-01,0,0,1046.5
INJ-06,2026-08-01,0,0,1102.6
INJ-07,2012-01-01,0,0,231.2
INJ-07,2012-02-01,0,0,519.5
INJ-07,2012-03-01,0,0,775
INJ-07,2012-04-01,0,0,1028.7
INJ-07,2012-05-01,0,0,1292
INJ-07,2012-06-01,0,0,1501.6
INJ-07,2012-07-01,0,0,1495.3
INJ-07,2012-08-01,0,0,1512.2
INJ-07,2012-09-01,0,0,1570.7
INJ-07,2012-10-01,0,0,1494.9
INJ-07,2012-11-01,0,0,1499.6
INJ-07,2012-12-01,0,0,1554.4
INJ-07,2013-01-01,0,0,1523.4
INJ-07,2013-02-01,0,0,1477.4
INJ-07,2013-03-01,0,0,1586.1
INJ-07,2013-04-01,0,0,1531.1
INJ-07,2013-05-01,0,0,1591.3
INJ-07,2013-06-01,0,0,1521.2
INJ-07,2013-07-01,0,0,1484.3
INJ-07,2013-08-01,0,0,1672.4
INJ-07,2013-09-01,0,0,1443
INJ-07,2013-10-01,0,0,1502.9
INJ-07,2013-11-01,0,0,1501.7
INJ-07,2013-12-01,0,0,1570
INJ-07,2014-01-01,0,0,1340.4
INJ-07,2014-02-01,0,0,1649.9
INJ-07,2014-03-01,0,0,1548.8
INJ-07,2014-04-01,0,0,1532.9
INJ-07,2014-05-01,0,0,288.4
INJ-07,2014-06-01,0,0,1547.5
INJ-07,2014-07-01,0,0,1489
INJ-07,2014-08-01,0,0,1459.5
INJ-07,2014-09-01,0,0,1502
INJ-07,2014-10-01,0,0,1518
INJ-07,2014-11-01,0,0,1542.4
INJ-07,2014-12-01,0,0,1631
INJ-07,2015-01-01,0,0,1555.6
INJ-07,2015-02-01,0,0,1550.1
INJ-07,2015-03-01,0,0,1527.8
INJ-07,2015-04-01,0,0,1493
INJ-07,2015-05-01,0,0,1554.8
INJ-07,2015-06-01,0,0,1474.2
INJ-07,2015-07-01,0,0,1446.9
INJ-07,2015-08-01,0,0,313.3
INJ-07,2015-09-01,0,0,1506.3
INJ-07,2015-10-01,0,0,1525.2
INJ-07,2015-11-01,0,0,1460.3
INJ-07,2015-12-01,0,0,1481.1
INJ-07,2016-01-01,0,0,1546.1
INJ-07,2016-02-01,0,0,1516.4
INJ-07,2016-03-01,0,0,1416.1
INJ-07,2016-04-01,0,0,1466.3
INJ-07,2016-05-01,0,0,1556
INJ-07,2016-06-01,0,0,1443.7
INJ-07,2016-07-01,0,0,1516.9
INJ-07,2016-08-01,0,0,306.5
INJ-07,2016-09-01,0,0,1525.7
INJ-07,2016-10-01,0,0,1492.2
INJ-07,2016-11-01,0,0,1484.3
INJ-07,2016-12-01,0,0,1419.2
INJ-07,2017-01-01,0,0,1532.8
INJ-07,2017-02-01,0,0,1432.1
INJ-07,2017-03-01,0,0,1516.1
INJ-07,2017-04-01,0,0,1575
INJ-07,2017-05-01,0,0,1436.8
INJ-07,2017-06-01,0,0,1690.2
INJ-07,2017-07-01,0,0,1554.7
INJ-07,2017-08-01,0,0,1546.6
INJ-07,2017-09-01,0,0,1500.1
INJ-07,2017-10-01,0,0,1520.1
INJ-07,2017-11-01,0,0,1466.7
INJ-07,2017-12-01,0,0,1506.9
INJ-07,2018-01-01,0,0,1495
INJ-07,2018-02-01,0,0,1468.9
INJ-07,2018-03-01,0,0,1423.8
INJ-07,2018-04-01,0,0,1498.1
INJ-07,2018-05-01,0,0,1526.5
INJ-07,2018-06-01,0,0,1468.8
INJ-07,2018-07-01,0,0,1574.2
INJ-07,2018-08-01,0,0,1504.5
INJ-07,2018-09-01,0,0,1489.6
INJ-07,2018-10-01,0,0,1503.7
INJ-07,2018-11-01,0,0,1549.8
INJ-07,2018-12-01,0,0,1464.5
INJ-07,2019-01-01,0,0,1488.7
INJ-07,2019-02-01,0,0,1546.1
INJ-07,2019-03-01,0,0,1496.4
INJ-07,2019-04-01,0,0,1513.2
INJ-07,2019-05-01,0,0,1390.2
INJ-07,2019-06-01,0,0,1500.1
INJ-07,2019-07-01,0,0,1548.7
INJ-07,2019-08-01,0,0,1583
INJ-07,2019-09-01,0,0,1479.1
INJ-07,2019-10-01,0,0,1493.8
INJ-07,2019-11-01,0,0,1604
INJ-07,2019-12-01,0,0,1582.5
INJ-07,2020-01-01,0,0,1456.4
INJ-07,2020-02-01,0,0,1538.8
INJ-07,2020-03-01,0,0,1509.2
INJ-07,2020-04-01,0,0,1475
INJ-07,2020-05-01,0,0,1541.9
INJ-07,2020-06-01,0,0,1530.6
INJ-07,2020-07-01,0,0,1500.3
INJ-07,2020-08-01,0,0,1518
INJ-07,2020-09-01,0,0,1528.5
INJ-07,2020-10-01,0,0,1389.9
INJ-07,2020-11-01,0,0,1466.2
INJ-07,2020-12-01,0,0,1421.1
INJ-07,2021-01-01,0,0,1531.4
INJ-07,2021-02-01,0,0,1615
INJ-07,2021-03-01,0,0,1631.6
INJ-07,2021-04-01,0,0,1620.7
INJ-07,2021-05-01,0,0,1445.2
INJ-07,2021-06-01,0,0,1524.1
INJ-07,2021-07-01,0,0,1463.7
INJ-07,2021-08-01,0,0,1558.4
INJ-07,2021-09-01,0,0,1503.9
INJ-07,2021-10-01,0,0,1482.3
INJ-07,2021-11-01,0,0,1473.8
INJ-07,2021-12-01,0,0,1428.3
INJ-07,2022-01-01,0,0,1511.8
INJ-07,2022-02-01,0,0,1379.5
INJ-07,2022-03-01,0,0,1505.1
INJ-07,2022-04-01,0,0,1454.4
INJ-07,2022-05-01,0,0,1543.6
INJ-07,2022-06-01,0,0,1555.3
INJ-07,2022-07-01,0,0,1529.7
INJ-07,2022-08-01,0,0,1522.6
INJ-07,2022-09-01,0,0,1590.3
INJ-07,2022-10-01,0,0,1551.9
INJ-07,2022-11-01,0,0,1423.9
INJ-07,2022-12-01,0,0,1622
INJ-07,2023-01-01,0,0,1471.6
INJ-07,2023-02-01,0,0,1526.1
INJ-07,2023-03-01,0,0,1557.2
INJ-07,2023-04-01,0,0,1534
INJ-07,2023-05-01,0,0,1603.8
INJ-07,2023-06-01,0,0,1455.9
INJ-07,2023-07-01,0,0,1562.1
INJ-07,2023-08-01,0,0,1559.1
INJ-07,2023-09-01,0,0,1628.2
INJ-07,2023-10-01,0,0,1449
INJ-07,2023-11-01,0,0,1584.2
INJ-07,2023-12-01,0,0,1433.8
INJ-07,2024-01-01,0,0,1540.8
INJ-07,2024-02-01,0,0,1486.9
INJ-07,2024-03-01,0,0,1513.4
INJ-07,2024-04-01,0,0,1454.6
INJ-07,2024-05-01,0,0,1597.1
INJ-07,2024-06-01,0,0,1563.5
INJ-07,2024-07-01,0,0,1505.8
INJ-07,2024-08-01,0,0,1440.1
INJ-07,2024-09-01,0,0,1594.6
INJ-07,2024-10-01,0,0,1506.1
INJ-07,2024-11-01,0,0,1594
INJ-07,2024-12-01,0,0,1494.2
INJ-07,2025-01-01,0,0,1595.7
INJ-07,2025-02-01,0,0,1489.7
INJ-07,2025-03-01,0,0,1546.9
INJ-07,2025-04-01,0,0,1571.1
INJ-07,2025-05-01,0,0,1516.5
INJ-07,2025-06-01,0,0,1551.1
INJ-07,2025-07-01,0,0,1498.3
INJ-07,2025-08-01,0,0,1532.3
INJ-07,2025-09-01,0,0,1574.8
INJ-07,2025-10-01,0,0,1497.7
INJ-07,2025-11-01,0,0,1568
INJ-07,2025-12-01,0,0,1424.6
INJ-07,2026-01-01,0,0,1496.2
INJ-07,2026-02-01,0,0,1463.9
INJ-07,2026-03-01,0,0,1460.6
INJ-07,2026-04-01,0,0,1539.5
INJ-07,2026-05-01,0,0,1637
INJ-07,2026-06-01,0,0,1558.7
INJ-07,2026-07-01,0,0,1536
INJ-07,2026-08-01,0,0,1451.3
INJ-08,2017-03-01,0,0,225.5
INJ-08,2017-04-01,0,0,469.9
INJ-08,2017-05-01,0,0,139.6
INJ-08,2017-06-01,0,0,921.5
INJ-08,2017-07-01,0,0,1114.6
INJ-08,2017-08-01,0,0,1411.2
INJ-08,2017-09-01,0,0,1448
INJ-08,2017-10-01,0,0,1448.3
INJ-08,2017-11-01,0,0,1411.8
INJ-08,2017-12-01,0,0,1447.2
INJ-08,2018-01-01,0,0,272.2
INJ-08,2018-02-01,0,0,1510.6
INJ-08,2018-03-01,0,0,1472.5
INJ-08,2018-04-01,0,0,1462.4
INJ-08,2018-05-01,0,0,1503.4
INJ-08,2018-06-01,0,0,1416.2
INJ-08,2018-07-01,0,0,1504.9
INJ-08,2018-08-01,0,0,1407.7
INJ-08,2018-09-01,0,0,1423.6
INJ-08,2018-10-01,0,0,1479.4
INJ-08,2018-11-01,0,0,1385.9
INJ-08,2018-12-01,0,0,309.6
INJ-08,2019-01-01,0,0,1329.5
INJ-08,2019-02-01,0,0,1583
INJ-08,2019-03-01,0,0,1299.8
INJ-08,2019-04-01,0,0,1460.1
INJ-08,2019-05-01,0,0,1479.1
INJ-08,2019-06-01,0,0,1473.5
INJ-08,2019-07-01,0,0,1422.4
INJ-08,2019-08-01,0,0,1411.5
INJ-08,2019-09-01,0,0,1436.7
INJ-08,2019-10-01,0,0,1407.7
INJ-08,2019-11-01,0,0,1391.4
INJ-08,2019-12-01,0,0,1570.7
INJ-08,2020-01-01,0,0,1390.8
INJ-08,2020-02-01,0,0,1466.5
INJ-08,2020-03-01,0,0,1497.2
INJ-08,2020-04-01,0,0,1442.9
INJ-08,2020-05-01,0,0,1404.9
INJ-08,2020-06-01,0,0,1379.4
INJ-08,2020-07-01,0,0,1362.4
INJ-08,2020-08-01,0,0,1390.5
INJ-08,2020-09-01,0,0,1444.2
INJ-08,2020-10-01,0,0,1427.9
INJ-08,2020-11-01,0,0,1377.8
INJ-08,2020-12-01,0,0,1355.6
INJ-08,2021-01-01,0,0,1454.9
INJ-08,2021-02-01,0,0,1441.4
INJ-08,2021-03-01,0,0,1404.1
INJ-08,2021-04-01,0,0,1366.4
INJ-08,2021-05-01,0,0,1454.7
INJ-08,2021-06-01,0,0,1423.3
INJ-08,2021-07-01,0,0,1332.2
INJ-08,2021-08-01,0,0,1394.5
INJ-08,2021-09-01,0,0,1482
INJ-08,2021-10-01,0,0,1493.5
INJ-08,2021-11-01,0,0,1440
INJ-08,2021-12-01,0,0,1384.3
INJ-08,2022-01-01,0,0,1436.4
INJ-08,2022-02-01,0,0,1482.2
INJ-08,2022-03-01,0,0,1436.5
INJ-08,2022-04-01,0,0,1480.8
INJ-08,2022-05-01,0,0,1485.3
INJ-08,2022-06-01,0,0,1471.9
INJ-08,2022-07-01,0,0,1399.4
INJ-08,2022-08-01,0,0,1468.4
INJ-08,2022-09-01,0,0,1431.8
INJ-08,2022-10-01,0,0,1434.1
INJ-08,2022-11-01,0,0,1447.7
INJ-08,2022-12-01,0,0,1484.8
INJ-08,2023-01-01,0,0,1491.3
INJ-08,2023-02-01,0,0,1349.4
INJ-08,2023-03-01,0,0,1512.4
INJ-08,2023-04-01,0,0,1401.6
INJ-08,2023-05-01,0,0,1472.4
INJ-08,2023-06-01,0,0,1376.8
INJ-08,2023-07-01,0,0,1523.8
INJ-08,2023-08-01,0,0,1352
INJ-08,2023-09-01,0,0,1568.8
INJ-08,2023-10-01,0,0,1486.9
INJ-08,2023-11-01,0,0,1353.6
INJ-08,2023-12-01,0,0,1514.8
INJ-08,2024-01-01,0,0,1538.7
INJ-08,2024-02-01,0,0,1433
INJ-08,2024-03-01,0,0,1426.8
INJ-08,2024-04-01,0,0,1432
INJ-08,2024-05-01,0,0,1455.3
INJ-08,2024-06-01,0,0,287.6
INJ-08,2024-07-01,0,0,1398.2
INJ-08,2024-08-01,0,0,1520.4
INJ-08,2024-09-01,0,0,1469.2
INJ-08,2024-10-01,0,0,1423.2
INJ-08,2024-11-01,0,0,1460.9
INJ-08,2024-12-01,0,0,1495.9
INJ-08,2025-01-01,0,0,1520.9
INJ-08,2025-02-01,0,0,1417.7
INJ-08,2025-03-01,0,0,287.6
INJ-08,2025-04-01,0,0,1491.7
INJ-08,2025-05-01,0,0,1489.7
INJ-08,2025-06-01,0,0,1416.8
INJ-08,2025-07-01,0,0,1463.6
INJ-08,2025-08-01,0,0,1312.1
INJ-08,2025-09-01,0,0,1375.1
INJ-08,2025-10-01,0,0,1409.4
INJ-08,2025-11-01,0,0,1405.5
INJ-08,2025-12-01,0,0,1508.3
INJ-08,2026-01-01,0,0,1381.6
INJ-08,2026-02-01,0,0,1305.9
INJ-08,2026-03-01,0,0,1452
INJ-08,2026-04-01,0,0,1448.4
INJ-08,2026-05-01,0,0,1393.3
INJ-08,2026-06-01,0,0,1383.1
INJ-08,2026-07-01,0,0,1453.6
INJ-08,2026-08-01,0,0,1529.4
INJ-09,2017-03-01,0,0,250.6
INJ-09,2017-04-01,0,0,434.6
INJ-09,2017-05-01,0,0,706.9
INJ-09,2017-06-01,0,0,968.1
INJ-09,2017-07-01,0,0,1245.5
INJ-09,2017-08-01,0,0,1406.1
INJ-09,2017-09-01,0,0,1361.7
INJ-09,2017-10-01,0,0,1469.5
INJ-09,2017-11-01,0,0,1343.5
INJ-09,2017-12-01,0,0,1418
INJ-09,2018-01-01,0,0,1368.9
INJ-09,2018-02-01,0,0,1407.5
INJ-09,2018-03-01,0,0,1448.3
INJ-09,2018-04-01,0,0,1399.8
INJ-09,2018-05-01,0,0,1440.1
INJ-09,2018-06-01,0,0,1360.6
INJ-09,2018-07-01,0,0,1512.7
INJ-09,2018-08-01,0,0,1477.3
INJ-09,2018-09-01,0,0,1398.8
INJ-09,2018-10-01,0,0,1390
INJ-09,2018-11-01,0,0,1352.6
INJ-09,2018-12-01,0,0,1451.1
INJ-09,2019-01-01,0,0,1412.1
INJ-09,2019-02-01,0,0,1413.2
INJ-09,2019-03-01,0,0,1432.7
INJ-09,2019-04-01,0,0,1374.3
INJ-09,2019-05-01,0,0,1358.7
INJ-09,2019-06-01,0,0,1313.6
INJ-09,2019-07-01,0,0,1429.1
INJ-09,2019-08-01,0,0,1402.4
INJ-09,2019-09-01,0,0,1465.2
INJ-09,2019-10-01,0,0,295.5
INJ-09,2019-11-01,0,0,1493
INJ-09,2019-12-01,0,0,1423.8
INJ-09,2020-01-01,0,0,1500.3
INJ-09,2020-02-01,0,0,1457.4
INJ-09,2020-03-01,0,0,1425.9
INJ-09,2020-04-01,0,0,1401.6
INJ-09,2020-05-01,0,0,1499.8
INJ-09,2020-06-01,0,0,1461
INJ-09,2020-07-01,0,0,1373.5
INJ-09,2020-08-01,0,0,1367
INJ-09,2020-09-01,0,0,1380.9
INJ-09,2020-10-01,0,0,1412.3
INJ-09,2020-11-01,0,0,1417.4
INJ-09,2020-12-01,0,0,1421.6
INJ-09,2021-01-01,0,0,1346.5
INJ-09,2021-02-01,0,0,1404.4
INJ-09,2021-03-01,0,0,1499.4
INJ-09,2021-04-01,0,0,1396.5
INJ-09,2021-05-01,0,0,1417.8
INJ-09,2021-06-01,0,0,1428.6
INJ-09,2021-07-01,0,0,1454.8
INJ-09,2021-08-01,0,0,1519
INJ-09,2021-09-01,0,0,1400.4
INJ-09,2021-10-01,0,0,1409.1
INJ-09,2021-11-01,0,0,1446
INJ-09,2021-12-01,0,0,1413.1
INJ-09,2022-01-01,0,0,1506
INJ-09,2022-02-01,0,0,1443.3
INJ-09,2022-03-01,0,0,1412.1
INJ-09,2022-04-01,0,0,1431.8
INJ-09,2022-05-01,0,0,1373.5
INJ-09,2022-06-01,0,0,287.7
INJ-09,2022-07-01,0,0,1377.8
INJ-09,2022-08-01,0,0,1445.7
INJ-09,2022-09-01,0,0,1418.1
INJ-09,2022-10-01,0,0,1372.4
INJ-09,2022-11-01,0,0,1362
INJ-09,2022-12-01,0,0,1372.7
INJ-09,2023-01-01,0,0,1438.9
INJ-09,2023-02-01,0,0,1384.3
INJ-09,2023-03-01,0,0,1394
INJ-09,2023-04-01,0,0,1475.2
INJ-09,2023-05-01,0,0,1345.8
INJ-09,2023-06-01,0,0,1447.1
INJ-09,2023-07-01,0,0,1410.1
INJ-09,2023-08-01,0,0,278.2
INJ-09,2023-09-01,0,0,1445.2
INJ-09,2023-10-01,0,0,1362
INJ-09,2023-11-01,0,0,1474.6
INJ-09,2023-12-01,0,0,1454.3
INJ-09,2024-01-01,0,0,1444.3
INJ-09,2024-02-01,0,0,1362.3
INJ-09,2024-03-01,0,0,1415.4
INJ-09,2024-04-01,0,0,1363.2
INJ-09,2024-05-01,0,0,1479.6
INJ-09,2024-06-01,0,0,1367.6
INJ-09,2024-07-01,0,0,1390.8
INJ-09,2024-08-01,0,0,1422.1
INJ-09,2024-09-01,0,0,1508.8
INJ-09,2024-10-01,0,0,1426.3
INJ-09,2024-11-01,0,0,1443.3
INJ-09,2024-12-01,0,0,1495.4
INJ-09,2025-01-01,0,0,1395.7
INJ-09,2025-02-01,0,0,1456.5
INJ-09,2025-03-01,0,0,1545.5
INJ-09,2025-04-01,0,0,1334.5
INJ-09,2025-05-01,0,0,1447.6
INJ-09,2025-06-01,0,0,1442.4
INJ-09,2025-07-01,0,0,1358.5
INJ-09,2025-08-01,0,0,1444.2
INJ-09,2025-09-01,0,0,1394.6
INJ-09,2025-10-01,0,0,1415.6
INJ-09,2025-11-01,0,0,1342.4
INJ-09,2025-12-01,0,0,1440
INJ-09,2026-01-01,0,0,1356.9
INJ-09,2026-02-01,0,0,1414.7
INJ-09,2026-03-01,0,0,1426.2
INJ-09,2026-04-01,0,0,1328.5
INJ-09,2026-05-01,0,0,1426.7
INJ-09,2026-06-01,0,0,1379.7
INJ-09,2026-07-01,0,0,1393.2
INJ-09,2026-08-01,0,0,1400.2
INJ-10,2014-06-01,0,0,229.6
INJ-10,2014-07-01,0,0,446.6
INJ-10,2014-08-01,0,0,764.3
INJ-10,2014-09-01,0,0,939.3
INJ-10,2014-10-01,0,0,1245.6
INJ-10,2014-11-01,0,0,1405.2
INJ-10,2014-12-01,0,0,1471.1
INJ-10,2015-01-01,0,0,1414.8
INJ-10,2015-02-01,0,0,1465
INJ-10,2015-03-01,0,0,1502.6
INJ-10,2015-04-01,0,0,1428.4
INJ-10,2015-05-01,0,0,1462.3
INJ-10,2015-06-01,0,0,1459.3
INJ-10,2015-07-01,0,0,1461.3
INJ-10,2015-08-01,0,0,1425.8
INJ-10,2015-09-01,0,0,1402.2
INJ-10,2015-10-01,0,0,1383.1
INJ-10,2015-11-01,0,0,1514.5
INJ-10,2015-12-01,0,0,1460.8
INJ-10,2016-01-01,0,0,1493.4
INJ-10,2016-02-01,0,0,1366.1
INJ-10,2016-03-01,0,0,1348.7
INJ-10,2016-04-01,0,0,1483
INJ-10,2016-05-01,0,0,1411.2
INJ-10,2016-06-01,0,0,1485.5
INJ-10,2016-07-01,0,0,1475.4
INJ-10,2016-08-01,0,0,1428.2
INJ-10,2016-09-01,0,0,1435
INJ-10,2016-10-01,0,0,1419.5
INJ-10,2016-11-01,0,0,1377.7
INJ-10,2016-12-01,0,0,291.2
INJ-10,2017-01-01,0,0,1317.9
INJ-10,2017-02-01,0,0,1402.8
INJ-10,2017-03-01,0,0,1464.9
INJ-10,2017-04-01,0,0,1397.7
INJ-10,2017-05-01,0,0,1370.2
INJ-10,2017-06-01,0,0,1370.5
INJ-10,2017-07-01,0,0,1514.4
INJ-10,2017-08-01,0,0,1478
INJ-10,2017-09-01,0,0,1382
INJ-10,2017-10-01,0,0,1460.7
INJ-10,2017-11-01,0,0,1387.4
INJ-10,2017-12-01,0,0,1410.5
INJ-10,2018-01-01,0,0,1378.8
INJ-10,2018-02-01,0,0,1523.9
INJ-10,2018-03-01,0,0,1480.7
INJ-10,2018-04-01,0,0,1387.2
INJ-10,2018-05-01,0,0,1400.7
INJ-10,2018-06-01,0,0,1540.3
INJ-10,2018-07-01,0,0,1449.4
INJ-10,2018-08-01,0,0,1489.6
INJ-10,2018-09-01,0,0,1380.9
INJ-10,2018-10-01,0,0,1380.1
INJ-10,2018-11-01,0,0,1454.8
INJ-10,2018-12-01,0,0,1489.3
INJ-10,2019-01-01,0,0,1520.9
INJ-10,2019-02-01,0,0,1410.1
INJ-10,2019-03-01,0,0,1414.3
INJ-10,2019-04-01,0,0,1422.4
INJ-10,2019-05-01,0,0,1365
INJ-10,2019-06-01,0,0,1436.2
INJ-10,2019-07-01,0,0,1475.7
INJ-10,2019-08-01,0,0,1349.5
INJ-10,2019-09-01,0,0,1427.7
INJ-10,2019-10-01,0,0,1412.8
INJ-10,2019-11-01,0,0,1393.4
INJ-10,2019-12-01,0,0,1386.9
INJ-10,2020-01-01,0,0,1340.4
INJ-10,2020-02-01,0,0,1334.4
INJ-10,2020-03-01,0,0,1416.4
INJ-10,2020-04-01,0,0,1399.3
INJ-10,2020-05-01,0,0,1465.6
INJ-10,2020-06-01,0,0,1456
INJ-10,2020-07-01,0,0,1342.7
INJ-10,2020-08-01,0,0,1455.5
INJ-10,2020-09-01,0,0,1489.8
INJ-10,2020-10-01,0,0,1463.1
INJ-10,2020-11-01,0,0,1386.5
INJ-10,2020-12-01,0,0,1414
INJ-10,2021-01-01,0,0,1361.9
INJ-10,2021-02-01,0,0,1468.4
INJ-10,2021-03-01,0,0,1412.8
INJ-10,2021-04-01,0,0,1428
INJ-10,2021-05-01,0,0,1388.7
INJ-10,2021-06-01,0,0,1388.6
INJ-10,2021-07-01,0,0,1403.8
INJ-10,2021-08-01,0,0,284.2
INJ-10,2021-09-01,0,0,1377
INJ-10,2021-10-01,0,0,1432.4
INJ-10,2021-11-01,0,0,1451.2
INJ-10,2021-12-01,0,0,1440.2
INJ-10,2022-01-01,0,0,1400.4
INJ-10,2022-02-01,0,0,1505.5
INJ-10,2022-03-01,0,0,1470.9
INJ-10,2022-04-01,0,0,1423.9
INJ-10,2022-05-01,0,0,1324.2
INJ-10,2022-06-01,0,0,1385.4
INJ-10,2022-07-01,0,0,1473.2
INJ-10,2022-08-01,0,0,1301.2
INJ-10,2022-09-01,0,0,1424.9
INJ-10,2022-10-01,0,0,1420.1
INJ-10,2022-11-01,0,0,1541.8
INJ-10,2022-12-01,0,0,1397.8
INJ-10,2023-01-01,0,0,1328.7
INJ-10,2023-02-01,0,0,1389.6
INJ-10,2023-03-01,0,0,1426.2
INJ-10,2023-04-01,0,0,1422.2
INJ-10,2023-05-01,0,0,1441.9
INJ-10,2023-06-01,0,0,1362.5
INJ-10,2023-07-01,0,0,1475.3
INJ-10,2023-08-01,0,0,1403.9
INJ-10,2023-09-01,0,0,1445.4
INJ-10,2023-10-01,0,0,1419
INJ-10,2023-11-01,0,0,1426.4
INJ-10,2023-12-01,0,0,1355.5
INJ-10,2024-01-01,0,0,1416.8
INJ-10,2024-02-01,0,0,1443.7
INJ-10,2024-03-01,0,0,287.4
INJ-10,2024-04-01,0,0,1353.6
INJ-10,2024-05-01,0,0,1384.8
INJ-10,2024-06-01,0,0,1428.6
INJ-10,2024-07-01,0,0,1519.8
INJ-10,2024-08-01,0,0,1409.9
INJ-10,2024-09-01,0,0,1452.8
INJ-10,2024-10-01,0,0,1432.8
INJ-10,2024-11-01,0,0,1440.9
INJ-10,2024-12-01,0,0,1384
INJ-10,2025-01-01,0,0,1424
INJ-10,2025-02-01,0,0,1529.6
INJ-10,2025-03-01,0,0,1376.7
INJ-10,2025-04-01,0,0,1357.2
INJ-10,2025-05-01,0,0,1404.9
INJ-10,2025-06-01,0,0,1358.2
INJ-10,2025-07-01,0,0,1443
INJ-10,2025-08-01,0,0,1398.2
INJ-10,2025-09-01,0,0,1459.8
INJ-10,2025-10-01,0,0,1372.2
INJ-10,2025-11-01,0,0,1385.3
INJ-10,2025-12-01,0,0,1358.4
INJ-10,2026-01-01,0,0,1333.7
INJ-10,2026-02-01,0,0,1375
INJ-10,2026-03-01,0,0,1393
INJ-10,2026-04-01,0,0,1514.1
INJ-10,2026-05-01,0,0,1386
INJ-10,2026-06-01,0,0,1381.9
INJ-10,2026-07-01,0,0,1424.2
INJ-10,2026-08-01,0,0,1518.7
INJ-11,2014-06-01,0,0,188.1
INJ-11,2014-07-01,0,0,393.8
INJ-11,2014-08-01,0,0,588.5
INJ-11,2014-09-01,0,0,774.3
INJ-11,2014-10-01,0,0,937.9
INJ-11,2014-11-01,0,0,1139.3
INJ-11,2014-12-01,0,0,1237
INJ-11,2015-01-01,0,0,1195.3
INJ-11,2015-02-01,0,0,1175.8
INJ-11,2015-03-01,0,0,1142.2
INJ-11,2015-04-01,0,0,1199.7
INJ-11,2015-05-01,0,0,1201.4
INJ-11,2015-06-01,0,0,1218.9
INJ-11,2015-07-01,0,0,1158.5
INJ-11,2015-08-01,0,0,1118
INJ-11,2015-09-01,0,0,1228.5
INJ-11,2015-10-01,0,0,1168.1
INJ-11,2015-11-01,0,0,1096.3
INJ-11,2015-12-01,0,0,1162.4
INJ-11,2016-01-01,0,0,1155.1
INJ-11,2016-02-01,0,0,1235.7
INJ-11,2016-03-01,0,0,1117.2
INJ-11,2016-04-01,0,0,1226.3
INJ-11,2016-05-01,0,0,1181.3
INJ-11,2016-06-01,0,0,1150.6
INJ-11,2016-07-01,0,0,1192
INJ-11,2016-08-01,0,0,1064.6
INJ-11,2016-09-01,0,0,1111.9
INJ-11,2016-10-01,0,0,1168.4
INJ-11,2016-11-01,0,0,1187.3
INJ-11,2016-12-01,0,0,1107.4
INJ-11,2017-01-01,0,0,1150.8
INJ-11,2017-02-01,0,0,1181.9
INJ-11,2017-03-01,0,0,1165.6
INJ-11,2017-04-01,0,0,1155.2
INJ-11,2017-05-01,0,0,1171.9
INJ-11,2017-06-01,0,0,1107
INJ-11,2017-07-01,0,0,1188.3
INJ-11,2017-08-01,0,0,1146.3
INJ-11,2017-09-01,0,0,1154.5
INJ-11,2017-10-01,0,0,1097.4
INJ-11,2017-11-01,0,0,1171.4
INJ-11,2017-12-01,0,0,1204.2
INJ-11,2018-01-01,0,0,1129.7
INJ-11,2018-02-01,0,0,1110.6
INJ-11,2018-03-01,0,0,1176.3
INJ-11,2018-04-01,0,0,1155.7
INJ-11,2018-05-01,0,0,1146.7
INJ-11,2018-06-01,0,0,1099.4
INJ-11,2018-07-01,0,0,1102.3
INJ-11,2018-08-01,0,0,1077.3
INJ-11,2018-09-01,0,0,1165.7
INJ-11,2018-10-01,0,0,1152
INJ-11,2018-11-01,0,0,1137.2
INJ-11,2018-12-01,0,0,1153.8
INJ-11,2019-01-01,0,0,1140.5
INJ-11,2019-02-01,0,0,1203.1
INJ-11,2019-03-01,0,0,1131.8
INJ-11,2019-04-01,0,0,1211.3
INJ-11,2019-05-01,0,0,1148.8
INJ-11,2019-06-01,0,0,1222.3
INJ-11,2019-07-01,0,0,1131.5
INJ-11,2019-08-01,0,0,1150.6
INJ-11,2019-09-01,0,0,1188.6
INJ-11,2019-10-01,0,0,1163.5
INJ-11,2019-11-01,0,0,1200.4
INJ-11,2019-12-01,0,0,1104
INJ-11,2020-01-01,0,0,1205.6
INJ-11,2020-02-01,0,0,1084.6
INJ-11,2020-03-01,0,0,1111.6
INJ-11,2020-04-01,0,0,1150.9
INJ-11,2020-05-01,0,0,1084.8
INJ-11,2020-06-01,0,0,1158.6
INJ-11,2020-07-01,0,0,1138.2
INJ-11,2020-08-01,0,0,1030.9
INJ-11,2020-09-01,0,0,1143.9
INJ-11,2020-10-01,0,0,1170.5
INJ-11,2020-11-01,0,0,1129
INJ-11,2020-12-01,0,0,1182.1
INJ-11,2021-01-01,0,0,1193.1
INJ-11,2021-02-01,0,0,1175.9
INJ-11,2021-03-01,0,0,1178.6
INJ-11,2021-04-01,0,0,1189.8
INJ-11,2021-05-01,0,0,1211.4
INJ-11,2021-06-01,0,0,1119.2
INJ-11,2021-07-01,0,0,1179.1
INJ-11,2021-08-01,0,0,234.3
INJ-11,2021-09-01,0,0,1095.2
INJ-11,2021-10-01,0,0,225.2
INJ-11,2021-11-01,0,0,1112.3
INJ-11,2021-12-01,0,0,1291.9
INJ-11,2022-01-01,0,0,1236.5
INJ-11,2022-02-01,0,0,1202.7
INJ-11,2022-03-01,0,0,1094.8
INJ-11,2022-04-01,0,0,1172.8
INJ-11,2022-05-01,0,0,1081.7
INJ-11,2022-06-01,0,0,1191.6
INJ-11,2022-07-01,0,0,1119.8
INJ-11,2022-08-01,0,0,1169
INJ-11,2022-09-01,0,0,225.5
INJ-11,2022-10-01,0,0,1279.6
INJ-11,2022-11-01,0,0,1158.8
INJ-11,2022-12-01,0,0,1193.7
INJ-11,2023-01-01,0,0,1187.8
INJ-11,2023-02-01,0,0,1099.7
INJ-11,2023-03-01,0,0,1114.1
INJ-11,2023-04-01,0,0,1180.7
INJ-11,2023-05-01,0,0,1159.7
INJ-11,2023-06-01,0,0,1145.2
INJ-11,2023-07-01,0,0,1119.4
INJ-11,2023-08-01,0,0,1143.7
INJ-11,2023-09-01,0,0,1118.6
INJ-11,2023-10-01,0,0,1139.7
INJ-11,2023-11-01,0,0,1181.3
INJ-11,2023-12-01,0,0,1114.2
INJ-11,2024-01-01,0,0,1148.6
INJ-11,2024-02-01,0,0,1143.7
INJ-11,2024-03-01,0,0,1108.7
INJ-11,2024-04-01,0,0,1132.8
INJ-11,2024-05-01,0,0,1145.4
INJ-11,2024-06-01,0,0,1146
INJ-11,2024-07-01,0,0,1176.2
INJ-11,2024-08-01,0,0,1178.4
INJ-11,2024-09-01,0,0,1101
INJ-11,2024-10-01,0,0,1163.3
INJ-11,2024-11-01,0,0,1169.3
INJ-11,2024-12-01,0,0,1190.4
INJ-11,2025-01-01,0,0,1219.7
INJ-11,2025-02-01,0,0,1177.2
INJ-11,2025-03-01,0,0,1177.7
INJ-11,2025-04-01,0,0,1212
INJ-11,2025-05-01,0,0,1142.9
INJ-11,2025-06-01,0,0,1183.4
INJ-11,2025-07-01,0,0,1147.1
INJ-11,2025-08-01,0,0,1145.6
INJ-11,2025-09-01,0,0,1080
INJ-11,2025-10-01,0,0,1081.1
INJ-11,2025-11-01,0,0,1118.9
INJ-11,2025-12-01,0,0,1176.6
INJ-11,2026-01-01,0,0,1169.3
INJ-11,2026-02-01,0,0,1130.3
INJ-11,2026-03-01,0,0,1151.2
INJ-11,2026-04-01,0,0,1159.7
INJ-11,2026-05-01,0,0,1163.6
INJ-11,2026-06-01,0,0,1124.8
INJ-11,2026-07-01,0,0,1143.2
INJ-11,2026-08-01,0,0,1166.7
INJ-12,2021-09-01,0,0,264.4
INJ-12,2021-10-01,0,0,577.1
INJ-12,2021-11-01,0,0,856.4
INJ-12,2021-12-01,0,0,1071.1
INJ-12,2022-01-01,0,0,1455.4
INJ-12,2022-02-01,0,0,1728.7
INJ-12,2022-03-01,0,0,1692.6
INJ-12,2022-04-01,0,0,1796.6
INJ-12,2022-05-01,0,0,1756
INJ-12,2022-06-01,0,0,1788.9
INJ-12,2022-07-01,0,0,1656.1
INJ-12,2022-08-01,0,0,1570.2
INJ-12,2022-09-01,0,0,1642.5
INJ-12,2022-10-01,0,0,1572.3
INJ-12,2022-11-01,0,0,1685.1
INJ-12,2022-12-01,0,0,1606.9
INJ-12,2023-01-01,0,0,1667
INJ-12,2023-02-01,0,0,1787.4
INJ-12,2023-03-01,0,0,1749.6
INJ-12,2023-04-01,0,0,1739.4
INJ-12,2023-05-01,0,0,1775.6
INJ-12,2023-06-01,0,0,1849
INJ-12,2023-07-01,0,0,1615.6
INJ-12,2023-08-01,0,0,1631.9
INJ-12,2023-09-01,0,0,364.4
INJ-12,2023-10-01,0,0,1736.3
INJ-12,2023-11-01,0,0,1691
INJ-12,2023-12-01,0,0,1666
INJ-12,2024-01-01,0,0,1634.2
INJ-12,2024-02-01,0,0,1690.4
INJ-12,2024-03-01,0,0,1720.7
INJ-12,2024-04-01,0,0,1666.7
INJ-12,2024-05-01,0,0,1687.3
INJ-12,2024-06-01,0,0,1774.5
INJ-12,2024-07-01,0,0,1689.4
INJ-12,2024-08-01,0,0,1784
INJ-12,2024-09-01,0,0,1670.5
INJ-12,2024-10-01,0,0,1658.3
INJ-12,2024-11-01,0,0,1690.7
INJ-12,2024-12-01,0,0,1731.6
INJ-12,2025-01-01,0,0,1653.3
INJ-12,2025-02-01,0,0,1803.5
INJ-12,2025-03-01,0,0,1739.7
INJ-12,2025-04-01,0,0,1698.5
INJ-12,2025-05-01,0,0,1753.7
INJ-12,2025-06-01,0,0,1808.4
INJ-12,2025-07-01,0,0,1715.9
INJ-12,2025-08-01,0,0,1723.6
INJ-12,2025-09-01,0,0,1633.2
INJ-12,2025-10-01,0,0,1713.8
INJ-12,2025-11-01,0,0,1627.3
INJ-12,2025-12-01,0,0,1810.6
INJ-12,2026-01-01,0,0,1715.3
INJ-12,2026-02-01,0,0,1772.3
INJ-12,2026-03-01,0,0,1658.1
INJ-12,2026-04-01,0,0,1663.8
INJ-12,2026-05-01,0,0,1795.4
INJ-12,2026-06-01,0,0,1708.8
INJ-12,2026-07-01,0,0,1733.1
INJ-12,2026-08-01,0,0,1699.3
INJ-13,2017-03-01,0,0,215.7
INJ-13,2017-04-01,0,0,453.9
INJ-13,2017-05-01,0,0,672.1
INJ-13,2017-06-01,0,0,929.9
INJ-13,2017-07-01,0,0,1135
INJ-13,2017-08-01,0,0,1375.6
INJ-13,2017-09-01,0,0,1359.1
INJ-13,2017-10-01,0,0,1279.9
INJ-13,2017-11-01,0,0,1434.9
INJ-13,2017-12-01,0,0,1366.9
INJ-13,2018-01-01,0,0,1338.6
INJ-13,2018-02-01,0,0,1315.1
INJ-13,2018-03-01,0,0,1278.7
INJ-13,2018-04-01,0,0,1369.5
INJ-13,2018-05-01,0,0,1293
INJ-13,2018-06-01,0,0,1386.8
INJ-13,2018-07-01,0,0,1368.4
INJ-13,2018-08-01,0,0,1344
INJ-13,2018-09-01,0,0,268.2
INJ-13,2018-10-01,0,0,1354.8
INJ-13,2018-11-01,0,0,1429.6
INJ-13,2018-12-01,0,0,1403.6
INJ-13,2019-01-01,0,0,1305.8
INJ-13,2019-02-01,0,0,1337.6
INJ-13,2019-03-01,0,0,1405.6
INJ-13,2019-04-01,0,0,1348
INJ-13,2019-05-01,0,0,1298.9
INJ-13,2019-06-01,0,0,1385
INJ-13,2019-07-01,0,0,1401.9
INJ-13,2019-08-01,0,0,1301.6
INJ-13,2019-09-01,0,0,1340.6
INJ-13,2019-10-01,0,0,1378.8
INJ-13,2019-11-01,0,0,1408.8
INJ-13,2019-12-01,0,0,1333.3
INJ-13,2020-01-01,0,0,1340.5
INJ-13,2020-02-01,0,0,1307.3
INJ-13,2020-03-01,0,0,1401.1
INJ-13,2020-04-01,0,0,1412
INJ-13,2020-05-01,0,0,1370.5
INJ-13,2020-06-01,0,0,1357.3
INJ-13,2020-07-01,0,0,1391.4
INJ-13,2020-08-01,0,0,1432.7
INJ-13,2020-09-01,0,0,1347
INJ-13,2020-10-01,0,0,1271.6
INJ-13,2020-11-01,0,0,1404.7
INJ-13,2020-12-01,0,0,1321.2
INJ-13,2021-01-01,0,0,1342.9
INJ-13,2021-02-01,0,0,1269.8
INJ-13,2021-03-01,0,0,1331.8
INJ-13,2021-04-01,0,0,1335.8
INJ-13,2021-05-01,0,0,1385.9
INJ-13,2021-06-01,0,0,1406.1
INJ-13,2021-07-01,0,0,1316.6
INJ-13,2021-08-01,0,0,1390.8
INJ-13,2021-09-01,0,0,1455.7
INJ-13,2021-10-01,0,0,1309.4
INJ-13,2021-11-01,0,0,1309.3
INJ-13,2021-12-01,0,0,1349.3
INJ-13,2022-01-01,0,0,1267.3
INJ-13,2022-02-01,0,0,1340.9
INJ-13,2022-03-01,0,0,1340.6
INJ-13,2022-04-01,0,0,1329.9
INJ-13,2022-05-01,0,0,1354.7
INJ-13,2022-06-01,0,0,1333.2
INJ-13,2022-07-01,0,0,1320.6
INJ-13,2022-08-01,0,0,1346.8
INJ-13,2022-09-01,0,0,1289.2
INJ-13,2022-10-01,0,0,1345.1
INJ-13,2022-11-01,0,0,257.3
INJ-13,2022-12-01,0,0,1271.1
INJ-13,2023-01-01,0,0,271
INJ-13,2023-02-01,0,0,1301
INJ-13,2023-03-01,0,0,1317.8
INJ-13,2023-04-01,0,0,1480.3
INJ-13,2023-05-01,0,0,1312.2
INJ-13,2023-06-01,0,0,1306.2
INJ-13,2023-07-01,0,0,1245.6
INJ-13,2023-08-01,0,0,1372.2
INJ-13,2023-09-01,0,0,1301.8
INJ-13,2023-10-01,0,0,1334.8
INJ-13,2023-11-01,0,0,1349.3
INJ-13,2023-12-01,0,0,1357.2
INJ-13,2024-01-01,0,0,1321.8
INJ-13,2024-02-01,0,0,1363.8
INJ-13,2024-03-01,0,0,1330.5
INJ-13,2024-04-01,0,0,1322.3
INJ-13,2024-05-01,0,0,1289.8
INJ-13,2024-06-01,0,0,1276.3
INJ-13,2024-07-01,0,0,1399.4
INJ-13,2024-08-01,0,0,1329.6
INJ-13,2024-09-01,0,0,1322.9
INJ-13,2024-10-01,0,0,1234.9
INJ-13,2024-11-01,0,0,1320.9
INJ-13,2024-12-01,0,0,1333.9
INJ-13,2025-01-01,0,0,1313.9
INJ-13,2025-02-01,0,0,1314.8
INJ-13,2025-03-01,0,0,1275.6
INJ-13,2025-04-01,0,0,1302.7
INJ-13,2025-05-01,0,0,1293.7
INJ-13,2025-06-01,0,0,1331.7
INJ-13,2025-07-01,0,0,1281.3
INJ-13,2025-08-01,0,0,1267.6
INJ-13,2025-09-01,0,0,1323.7
INJ-13,2025-10-01,0,0,1386
INJ-13,2025-11-01,0,0,1352.8
INJ-13,2025-12-01,0,0,1337.6
INJ-13,2026-01-01,0,0,1252.5
INJ-13,2026-02-01,0,0,1375.8
INJ-13,2026-03-01,0,0,1325.4
INJ-13,2026-04-01,0,0,1340.5
INJ-13,2026-05-01,0,0,0
INJ-13,2026-06-01,0,0,0
INJ-13,2026-07-01,0,0,0
INJ-13,2026-08-01,0,0,0
INJ-14,2017-03-01,0,0,248.9
INJ-14,2017-04-01,0,0,499.5
INJ-14,2017-05-01,0,0,747
INJ-14,2017-06-01,0,0,978.2
INJ-14,2017-07-01,0,0,1215.6
INJ-14,2017-08-01,0,0,1422.5
INJ-14,2017-09-01,0,0,1381.4
INJ-14,2017-10-01,0,0,1415.3
INJ-14,2017-11-01,0,0,1446.1
INJ-14,2017-12-01,0,0,1538.2
INJ-14,2018-01-01,0,0,1433.2
INJ-14,2018-02-01,0,0,1424
INJ-14,2018-03-01,0,0,1531.5
INJ-14,2018-04-01,0,0,1514.1
INJ-14,2018-05-01,0,0,1486.3
INJ-14,2018-06-01,0,0,1426.8
INJ-14,2018-07-01,0,0,1406.6
INJ-14,2018-08-01,0,0,1490.3
INJ-14,2018-09-01,0,0,296.2
INJ-14,2018-10-01,0,0,1576.1
INJ-14,2018-11-01,0,0,1452.2
INJ-14,2018-12-01,0,0,1654.8
INJ-14,2019-01-01,0,0,1388.7
INJ-14,2019-02-01,0,0,1532.4
INJ-14,2019-03-01,0,0,1490.3
INJ-14,2019-04-01,0,0,1440
INJ-14,2019-05-01,0,0,1540.4
INJ-14,2019-06-01,0,0,1453
INJ-14,2019-07-01,0,0,1518.2
INJ-14,2019-08-01,0,0,1560.3
INJ-14,2019-09-01,0,0,1357.3
INJ-14,2019-10-01,0,0,1488.8
INJ-14,2019-11-01,0,0,1441.1
INJ-14,2019-12-01,0,0,1483
INJ-14,2020-01-01,0,0,1539.2
INJ-14,2020-02-01,0,0,1543
INJ-14,2020-03-01,0,0,1509.9
INJ-14,2020-04-01,0,0,1523.8
INJ-14,2020-05-01,0,0,1494
INJ-14,2020-06-01,0,0,1472.9
INJ-14,2020-07-01,0,0,1484.2
INJ-14,2020-08-01,0,0,1419.7
INJ-14,2020-09-01,0,0,1526.1
INJ-14,2020-10-01,0,0,1592.9
INJ-14,2020-11-01,0,0,1365.1
INJ-14,2020-12-01,0,0,1462.7
INJ-14,2021-01-01,0,0,1506
INJ-14,2021-02-01,0,0,1457.9
INJ-14,2021-03-01,0,0,1523.5
INJ-14,2021-04-01,0,0,1545.5
INJ-14,2021-05-01,0,0,1479.4
INJ-14,2021-06-01,0,0,1459
INJ-14,2021-07-01,0,0,1540.2
INJ-14,2021-08-01,0,0,1524.9
INJ-14,2021-09-01,0,0,1355.8
INJ-14,2021-10-01,0,0,1458.6
INJ-14,2021-11-01,0,0,1511.4
INJ-14,2021-12-01,0,0,307.9
INJ-14,2022-01-01,0,0,1444.1
INJ-14,2022-02-01,0,0,1541.3
INJ-14,2022-03-01,0,0,1465.6
INJ-14,2022-04-01,0,0,1420.7
INJ-14,2022-05-01,0,0,1427.2
INJ-14,2022-06-01,0,0,1455.2
INJ-14,2022-07-01,0,0,1403.6
INJ-14,2022-08-01,0,0,1473
INJ-14,2022-09-01,0,0,1549.5
INJ-14,2022-10-01,0,0,1496.6
INJ-14,2022-11-01,0,0,1442
INJ-14,2022-12-01,0,0,1546.4
INJ-14,2023-01-01,0,0,1384.7
INJ-14,2023-02-01,0,0,1528.8
INJ-14,2023-03-01,0,0,1443.3
INJ-14,2023-04-01,0,0,1579
INJ-14,2023-05-01,0,0,1537.9
INJ-14,2023-06-01,0,0,1551.2
INJ-14,2023-07-01,0,0,1603.2
INJ-14,2023-08-01,0,0,307.2
INJ-14,2023-09-01,0,0,1444.8
INJ-14,2023-10-01,0,0,1435.9
INJ-14,2023-11-01,0,0,1490.9
INJ-14,2023-12-01,0,0,1478.8
INJ-14,2024-01-01,0,0,1471.4
INJ-14,2024-02-01,0,0,1418.7
INJ-14,2024-03-01,0,0,1441.8
INJ-14,2024-04-01,0,0,1430.2
INJ-14,2024-05-01,0,0,1430.8
INJ-14,2024-06-01,0,0,1494.7
INJ-14,2024-07-01,0,0,1446.6
INJ-14,2024-08-01,0,0,1477.9
INJ-14,2024-09-01,0,0,1544.2
INJ-14,2024-10-01,0,0,1542
INJ-14,2024-11-01,0,0,1493.2
INJ-14,2024-12-01,0,0,1374
INJ-14,2025-01-01,0,0,1488.4
INJ-14,2025-02-01,0,0,286.7
INJ-14,2025-03-01,0,0,1498.8
INJ-14,2025-04-01,0,0,1467.9
INJ-14,2025-05-01,0,0,1480
INJ-14,2025-06-01,0,0,1460
INJ-14,2025-07-01,0,0,1566.1
INJ-14,2025-08-01,0,0,1502.3
INJ-14,2025-09-01,0,0,1404.4
INJ-14,2025-10-01,0,0,1397.7
INJ-14,2025-11-01,0,0,1412
INJ-14,2025-12-01,0,0,1413.1
INJ-14,2026-01-01,0,0,1532.8
INJ-14,2026-02-01,0,0,1502.4
INJ-14,2026-03-01,0,0,1588.9
INJ-14,2026-04-01,0,0,1473.4
INJ-14,2026-05-01,0,0,1548.9
INJ-14,2026-06-01,0,0,1462.3
INJ-14,2026-07-01,0,0,1515.9
INJ-14,2026-08-01,0,0,292.3
INJ-15,2017-03-01,0,0,262.3
INJ-15,2017-04-01,0,0,105.2
INJ-15,2017-05-01,0,0,782.9
INJ-15,2017-06-01,0,0,1046.2
INJ-15,2017-07-01,0,0,1392.1
INJ-15,2017-08-01,0,0,1536.5
INJ-15,2017-09-01,0,0,1566.4
INJ-15,2017-10-01,0,0,1546.5
INJ-15,2017-11-01,0,0,1612.9
INJ-15,2017-12-01,0,0,1566.9
INJ-15,2018-01-01,0,0,1605
INJ-15,2018-02-01,0,0,1627.5
INJ-15,2018-03-01,0,0,1669.7
INJ-15,2018-04-01,0,0,1492.5
INJ-15,2018-05-01,0,0,1609.4
INJ-15,2018-06-01,0,0,1669
INJ-15,2018-07-01,0,0,1506.1
INJ-15,2018-08-01,0,0,1693
INJ-15,2018-09-01,0,0,1728.6
INJ-15,2018-10-01,0,0,1587.6
INJ-15,2018-11-01,0,0,1678.7
INJ-15,2018-12-01,0,0,1646.5
INJ-15,2019-01-01,0,0,1605
INJ-15,2019-02-01,0,0,1604.9
INJ-15,2019-03-01,0,0,1676.4
INJ-15,2019-04-01,0,0,1541.1
INJ-15,2019-05-01,0,0,1634.4
INJ-15,2019-06-01,0,0,1625.3
INJ-15,2019-07-01,0,0,1628.8
INJ-15,2019-08-01,0,0,1574.8
INJ-15,2019-09-01,0,0,1516.5
INJ-15,2019-10-01,0,0,1515.3
INJ-15,2019-11-01,0,0,1615.1
INJ-15,2019-12-01,0,0,1555.6
INJ-15,2020-01-01,0,0,1614
INJ-15,2020-02-01,0,0,1667.3
INJ-15,2020-03-01,0,0,1586.1
INJ-15,2020-04-01,0,0,1593.7
INJ-15,2020-05-01,0,0,1501.2
INJ-15,2020-06-01,0,0,1584.5
INJ-15,2020-07-01,0,0,1555.1
INJ-15,2020-08-01,0,0,1498.6
INJ-15,2020-09-01,0,0,1492.3
INJ-15,2020-10-01,0,0,1526.3
INJ-15,2020-11-01,0,0,1553.6
INJ-15,2020-12-01,0,0,1610.9
INJ-15,2021-01-01,0,0,1579.7
INJ-15,2021-02-01,0,0,1466.8
INJ-15,2021-03-01,0,0,1583.9
INJ-15,2021-04-01,0,0,1544.6
INJ-15,2021-05-01,0,0,1613.5
INJ-15,2021-06-01,0,0,1592.2
INJ-15,2021-07-01,0,0,1656.6
INJ-15,2021-08-01,0,0,1545.5
INJ-15,2021-09-01,0,0,1530.6
INJ-15,2021-10-01,0,0,1627.3
INJ-15,2021-11-01,0,0,1637.3
INJ-15,2021-12-01,0,0,1651
INJ-15,2022-01-01,0,0,1511.5
INJ-15,2022-02-01,0,0,1646.9
INJ-15,2022-03-01,0,0,1597.2
INJ-15,2022-04-01,0,0,1623
INJ-15,2022-05-01,0,0,1566.9
INJ-15,2022-06-01,0,0,1554.4
INJ-15,2022-07-01,0,0,1616.9
INJ-15,2022-08-01,0,0,1599.1
INJ-15,2022-09-01,0,0,1561.4
INJ-15,2022-10-01,0,0,1602.1
INJ-15,2022-11-01,0,0,1641.6
INJ-15,2022-12-01,0,0,1488.9
INJ-15,2023-01-01,0,0,310.7
INJ-15,2023-02-01,0,0,1564.9
INJ-15,2023-03-01,0,0,1517.7
INJ-15,2023-04-01,0,0,1592.3
INJ-15,2023-05-01,0,0,1577.7
INJ-15,2023-06-01,0,0,1491.8
INJ-15,2023-07-01,0,0,1594.1
INJ-15,2023-08-01,0,0,1542.4
INJ-15,2023-09-01,0,0,1535.2
INJ-15,2023-10-01,0,0,1524.6
INJ-15,2023-11-01,0,0,1763.7
INJ-15,2023-12-01,0,0,1612.3
INJ-15,2024-01-01,0,0,1521.4
INJ-15,2024-02-01,0,0,1587.4
INJ-15,2024-03-01,0,0,1608.4
INJ-15,2024-04-01,0,0,1597.2
INJ-15,2024-05-01,0,0,1564.9
INJ-15,2024-06-01,0,0,1640
INJ-15,2024-07-01,0,0,1605.8
INJ-15,2024-08-01,0,0,1606.9
INJ-15,2024-09-01,0,0,1544.7
INJ-15,2024-10-01,0,0,1617.9
INJ-15,2024-11-01,0,0,1648.3
INJ-15,2024-12-01,0,0,1637.7
INJ-15,2025-01-01,0,0,1502.9
INJ-15,2025-02-01,0,0,1647.1
INJ-15,2025-03-01,0,0,1519.5
INJ-15,2025-04-01,0,0,1600.4
INJ-15,2025-05-01,0,0,1616.1
INJ-15,2025-06-01,0,0,1485.8
INJ-15,2025-07-01,0,0,1525.8
INJ-15,2025-08-01,0,0,1533.7
INJ-15,2025-09-01,0,0,1608.3
INJ-15,2025-10-01,0,0,1659.5
INJ-15,2025-11-01,0,0,1640.9
INJ-15,2025-12-01,0,0,319.3
INJ-15,2026-01-01,0,0,1590.2
INJ-15,2026-02-01,0,0,1542
INJ-15,2026-03-01,0,0,1586.8
INJ-15,2026-04-01,0,0,1547.4
INJ-15,2026-05-01,0,0,1574
INJ-15,2026-06-01,0,0,313.8
INJ-15,2026-07-01,0,0,1604.6
INJ-15,2026-08-01,0,0,1537.4
PRD-01,2009-06-01,44.6,2.7,0
PRD-01,2009-07-01,45.3,2.7,0
PRD-01,2009-08-01,32.7,2,0
PRD-01,2009-09-01,40.5,2.5,0
PRD-01,2009-10-01,35,2.2,0
PRD-01,2009-11-01,37.4,2.3,0
PRD-01,2009-12-01,41.7,2.6,0
PRD-01,2010-01-01,35.3,2.2,0
PRD-01,2010-02-01,36,2.3,0
PRD-01,2010-03-01,33.7,2.2,0
PRD-01,2010-04-01,36.1,2.3,0
PRD-01,2010-05-01,34.9,2.3,0
PRD-01,2010-06-01,35.7,2.4,0
PRD-01,2010-07-01,32.5,2.2,0
PRD-01,2010-08-01,33.9,2.3,0
PRD-01,2010-09-01,33.2,2.3,0
PRD-01,2010-10-01,29.5,2,0
PRD-01,2010-11-01,30.5,2.1,0
PRD-01,2010-12-01,31,2.2,0
PRD-01,2011-01-01,35.1,2.5,0
PRD-01,2011-02-01,33.4,2.4,0
PRD-01,2011-03-01,9.6,0.7,0
PRD-01,2011-04-01,30,2.2,0
PRD-01,2011-05-01,29.1,2.1,0
PRD-01,2011-06-01,29.1,2.1,0
PRD-01,2011-07-01,28.1,2.1,0
PRD-01,2011-08-01,28,2.1,0
PRD-01,2011-09-01,24.8,1.8,0
PRD-01,2011-10-01,25.4,1.9,0
PRD-01,2011-11-01,27.5,2.1,0
PRD-01,2011-12-01,27.4,2.1,0
PRD-01,2012-01-01,26.7,2,0
PRD-01,2012-02-01,29.1,2.2,0
PRD-01,2012-03-01,23.7,1.8,0
PRD-01,2012-04-01,25.8,2,0
PRD-01,2012-05-01,24,1.9,0
PRD-01,2012-06-01,25.5,2,0
PRD-01,2012-07-01,25.3,2,0
PRD-01,2012-08-01,24.1,1.9,0
PRD-01,2012-09-01,23.1,1.9,0
PRD-01,2012-10-01,21.2,1.7,0
PRD-01,2012-11-01,23.7,1.9,0
PRD-01,2012-12-01,25.8,2.1,0
PRD-01,2013-01-01,22.2,1.8,0
PRD-01,2013-02-01,22.4,1.9,0
PRD-01,2013-03-01,25.4,2.1,0
PRD-01,2013-04-01,20,1.7,0
PRD-01,2013-05-01,21.9,1.9,0
PRD-01,2013-06-01,21.3,1.8,0
PRD-01,2013-07-01,21,1.8,0
PRD-01,2013-08-01,22.5,2,0
PRD-01,2013-09-01,20.2,1.8,0
PRD-01,2013-10-01,20,1.8,0
PRD-01,2013-11-01,19.8,1.8,0
PRD-01,2013-12-01,20.3,1.8,0
PRD-01,2014-01-01,20.5,1.8,0
PRD-01,2014-02-01,23.1,2.1,0
PRD-01,2014-03-01,16.7,1.5,0
PRD-01,2014-04-01,19.5,1.8,0
PRD-01,2014-05-01,20.7,1.9,0
PRD-01,2014-06-01,17.2,1.6,0
PRD-01,2014-07-01,16.8,1.6,0
PRD-01,2014-08-01,16.8,1.6,0
PRD-01,2014-09-01,15,1.4,0
PRD-01,2014-10-01,18,3.5,0
PRD-01,2014-11-01,17.6,7.8,0
PRD-01,2014-12-01,17,12.4,0
PRD-01,2015-01-01,15.5,18.3,0
PRD-01,2015-02-01,18.7,27.6,0
PRD-01,2015-03-01,25,35.2,0
PRD-01,2015-04-01,40.5,39.9,0
PRD-01,2015-05-01,59.5,42.1,0
PRD-01,2015-06-01,66.6,40.6,0
PRD-01,2015-07-01,82.3,42.9,0
PRD-01,2015-08-01,104.2,50.2,0
PRD-01,2015-09-01,108.2,46.8,0
PRD-01,2015-10-01,109.7,43.3,0
PRD-01,2015-11-01,128.8,46.4,0
PRD-01,2015-12-01,159,53.4,0
PRD-01,2016-01-01,144,42.2,0
PRD-01,2016-02-01,197.4,54.8,0
PRD-01,2016-03-01,174.9,43.6,0
PRD-01,2016-04-01,185.7,40.7,0
PRD-01,2016-05-01,170,33.1,0
PRD-01,2016-06-01,182.9,32.9,0
PRD-01,2016-07-01,182,29.8,0
PRD-01,2016-08-01,248.3,37.6,0
PRD-01,2016-09-01,213.1,30.6,0
PRD-01,2016-10-01,198.2,28.1,0
PRD-01,2016-11-01,38.7,5.3,0
PRD-01,2016-12-01,232.8,32.4,0
PRD-01,2017-01-01,238.4,32.1,0
PRD-01,2017-02-01,203.7,27.5,0
PRD-01,2017-03-01,225,30.2,0
PRD-01,2017-04-01,198.6,26.8,0
PRD-01,2017-05-01,233.8,30.2,0
PRD-01,2017-06-01,241.7,31.6,0
PRD-01,2017-07-01,249.7,32.1,0
PRD-01,2017-08-01,228.3,29.7,0
PRD-01,2017-09-01,219.9,28.1,0
PRD-01,2017-10-01,233.1,30,0
PRD-01,2017-11-01,225,28.9,0
PRD-01,2017-12-01,257.8,32.9,0
PRD-01,2018-01-01,262.8,33.7,0
PRD-01,2018-02-01,279.7,35.9,0
PRD-01,2018-03-01,274.6,35,0
PRD-01,2018-04-01,244.3,31.7,0
PRD-01,2018-05-01,250.9,32.6,0
PRD-01,2018-06-01,20,2.5,0
PRD-01,2018-07-01,242.4,31.1,0
PRD-01,2018-08-01,301.7,39.1,0
PRD-01,2018-09-01,20.9,2.7,0
PRD-01,2018-10-01,232.8,30.3,0
PRD-01,2018-11-01,269.3,35.5,0
PRD-01,2018-12-01,228.4,29.9,0
PRD-01,2019-01-01,246.2,32.1,0
PRD-01,2019-02-01,250.2,33.4,0
PRD-01,2019-03-01,250.8,33.1,0
PRD-01,2019-04-01,224.8,29.8,0
PRD-01,2019-05-01,253.7,33.5,0
PRD-01,2019-06-01,258.5,35.2,0
PRD-01,2019-07-01,257,35.1,0
PRD-01,2019-08-01,252.5,35,0
PRD-01,2019-09-01,271.3,37.6,0
PRD-01,2019-10-01,269.8,37.4,0
PRD-01,2019-11-01,232.9,32.2,0
PRD-01,2019-12-01,253.9,35.9,0
PRD-01,2020-01-01,274.7,39.3,0
PRD-01,2020-02-01,260.5,36.8,0
PRD-01,2020-03-01,239.5,42.8,0
PRD-01,2020-04-01,228.4,62.9,0
PRD-01,2020-05-01,241.4,66.2,0
PRD-01,2020-06-01,160.7,66.6,0
PRD-01,2020-07-01,171.4,120,0
PRD-01,2020-08-01,153.4,120.1,0
PRD-01,2020-09-01,145.3,113.3,0
PRD-01,2020-10-01,157.7,122.1,0
PRD-01,2020-11-01,171.6,140.1,0
PRD-01,2020-12-01,155.8,129.6,0
PRD-01,2021-01-01,147.4,119,0
PRD-01,2021-02-01,142.3,117,0
PRD-01,2021-03-01,128.3,107.5,0
PRD-01,2021-04-01,160.4,139,0
PRD-01,2021-05-01,159.1,141.3,0
PRD-01,2021-06-01,149.5,134.3,0
PRD-01,2021-07-01,144.5,139.7,0
PRD-01,2021-08-01,136.9,114.5,0
PRD-01,2021-09-01,161.1,152.1,0
PRD-01,2021-10-01,143.9,122.1,0
PRD-01,2021-11-01,146.6,127.1,0
PRD-01,2021-12-01,121.5,124.8,0
PRD-01,2022-01-01,65.2,211.6,0
PRD-01,2022-02-01,58.4,215.3,0
PRD-01,2022-03-01,66.1,250.4,0
PRD-01,2022-04-01,52.2,207.9,0
PRD-01,2022-05-01,50.5,207.6,0
PRD-01,2022-06-01,59,245.9,0
PRD-01,2022-07-01,45.1,193.2,0
PRD-01,2022-08-01,54.6,242.8,0
PRD-01,2022-09-01,47.3,212.6,0
PRD-01,2022-10-01,44.4,208.6,0
PRD-01,2022-11-01,42.9,205.4,0
PRD-01,2022-12-01,52.9,259.5,0
PRD-01,2023-01-01,48.5,245.4,0
PRD-01,2023-02-01,43.9,227,0
PRD-01,2023-03-01,40.5,211.9,0
PRD-01,2023-04-01,39.5,214.1,0
PRD-01,2023-05-01,44.3,244.3,0
PRD-01,2023-06-01,43.4,245.6,0
PRD-01,2023-07-01,36,208.4,0
PRD-01,2023-08-01,42.7,250.9,0
PRD-01,2023-09-01,41.8,255.8,0
PRD-01,2023-10-01,34.2,211.2,0
PRD-01,2023-11-01,39.5,250.6,0
PRD-01,2023-12-01,33.5,219.2,0
PRD-01,2024-01-01,7.2,47.6,0
PRD-01,2024-02-01,32.1,216.9,0
PRD-01,2024-03-01,33.4,230.3,0
PRD-01,2024-04-01,4.8,33.9,0
PRD-01,2024-05-01,33.5,240.5,0
PRD-01,2024-06-01,35.4,260.2,0
PRD-01,2024-07-01,30.2,223.7,0
PRD-01,2024-08-01,36,269.9,0
PRD-01,2024-09-01,33.1,254.1,0
PRD-01,2024-10-01,32.8,259.8,0
PRD-01,2024-11-01,28.9,230.9,0
PRD-01,2024-12-01,28,227,0
PRD-01,2025-01-01,31.3,257.1,0
PRD-01,2025-02-01,29.3,243.1,0
PRD-01,2025-03-01,32,276.7,0
PRD-01,2025-04-01,26.3,228.3,0
PRD-01,2025-05-01,28.4,248,0
PRD-01,2025-06-01,30.3,272.3,0
PRD-01,2025-07-01,27,244.9,0
PRD-01,2025-08-01,29.5,276.2,0
PRD-01,2025-09-01,25.5,238.1,0
PRD-01,2025-10-01,24.6,233.4,0
PRD-01,2025-11-01,28.6,272.3,0
PRD-01,2025-12-01,22.8,223.5,0
PRD-01,2026-01-01,23,231.5,0
PRD-01,2026-02-01,24.9,247.5,0
PRD-01,2026-03-01,28,287.7,0
PRD-01,2026-04-01,25.1,261.5,0
PRD-01,2026-05-01,23.1,246,0
PRD-01,2026-06-01,27.9,298,0
PRD-01,2026-07-01,0.7,8.2,0
PRD-01,2026-08-01,20.6,225.2,0
PRD-02,2009-01-01,90.2,5.1,0
PRD-02,2009-02-01,35.8,2,0
PRD-02,2009-03-01,84.5,4.9,0
PRD-02,2009-04-01,93.5,5.5,0
PRD-02,2009-05-01,85.5,5,0
PRD-02,2009-06-01,90.5,5.4,0
PRD-02,2009-07-01,84.9,5.1,0
PRD-02,2009-08-01,81.2,4.9,0
PRD-02,2009-09-01,81.4,5,0
PRD-02,2009-10-01,59,3.6,0
PRD-02,2009-11-01,81.7,5.1,0
PRD-02,2009-12-01,81.1,5.1,0
PRD-02,2010-01-01,69.3,4.4,0
PRD-02,2010-02-01,68.4,4.4,0
PRD-02,2010-03-01,64.3,4.1,0
PRD-02,2010-04-01,75.5,4.9,0
PRD-02,2010-05-01,70.6,4.6,0
PRD-02,2010-06-01,66.8,4.4,0
PRD-02,2010-07-01,65.2,4.3,0
PRD-02,2010-08-01,73.1,4.9,0
PRD-02,2010-09-01,67.8,4.6,0
PRD-02,2010-10-01,67.5,4.6,0
PRD-02,2010-11-01,73.3,5,0
PRD-02,2010-12-01,69.7,4.8,0
PRD-02,2011-01-01,70.5,4.9,0
PRD-02,2011-02-01,59.8,4.2,0
PRD-02,2011-03-01,63.2,4.5,0
PRD-02,2011-04-01,14.6,1,0
PRD-02,2011-05-01,55.6,4,0
PRD-02,2011-06-01,66.3,4.8,0
PRD-02,2011-07-01,56,4.1,0
PRD-02,2011-08-01,56.9,4.2,0
PRD-02,2011-09-01,56.6,4.2,0
PRD-02,2011-10-01,56.8,4.3,0
PRD-02,2011-11-01,60,4.5,0
PRD-02,2011-12-01,57.6,4.4,0
PRD-02,2012-01-01,62.3,4.8,0
PRD-02,2012-02-01,53.1,4.1,0
PRD-02,2012-03-01,53,4.1,0
PRD-02,2012-04-01,54.4,4.3,0
PRD-02,2012-05-01,55.3,4.4,0
PRD-02,2012-06-01,14.8,1.2,0
PRD-02,2012-07-01,49.2,3.9,0
PRD-02,2012-08-01,51.2,4.1,0
PRD-02,2012-09-01,51.6,4.2,0
PRD-02,2012-10-01,44.2,3.6,0
PRD-02,2012-11-01,48.8,4,0
PRD-02,2012-12-01,45,3.7,0
PRD-02,2013-01-01,47.6,4,0
PRD-02,2013-02-01,46.3,3.9,0
PRD-02,2013-03-01,48,4.1,0
PRD-02,2013-04-01,40.2,3.4,0
PRD-02,2013-05-01,44.9,3.8,0
PRD-02,2013-06-01,46.6,4,0
PRD-02,2013-07-01,46.3,4,0
PRD-02,2013-08-01,43.9,3.8,0
PRD-02,2013-09-01,41.5,3.6,0
PRD-02,2013-10-01,41.4,3.7,0
PRD-02,2013-11-01,41.5,3.7,0
PRD-02,2013-12-01,37.2,3.3,0
PRD-02,2014-01-01,40.5,3.6,0
PRD-02,2014-02-01,43.1,3.9,0
PRD-02,2014-03-01,43.9,4,0
PRD-02,2014-04-01,36.9,3.4,0
PRD-02,2014-05-01,38.6,3.6,0
PRD-02,2014-06-01,36.4,3.4,0
PRD-02,2014-07-01,35.9,3.4,0
PRD-02,2014-08-01,39.7,3.7,0
PRD-02,2014-09-01,38.3,3.7,0
PRD-02,2014-10-01,31.6,6.3,0
PRD-02,2014-11-01,33.6,15.2,0
PRD-02,2014-12-01,34.7,27.3,0
PRD-02,2015-01-01,31.5,36.6,0
PRD-02,2015-02-01,38.7,65.5,0
PRD-02,2015-03-01,36.7,62.9,0
PRD-02,2015-04-01,62.7,84.5,0
PRD-02,2015-05-01,88.8,100.1,0
PRD-02,2015-06-01,112.9,117.5,0
PRD-02,2015-07-01,138.7,138.7,0
PRD-02,2015-08-01,152.4,140.5,0
PRD-02,2015-09-01,162.4,154.2,0
PRD-02,2015-10-01,174.2,155.5,0
PRD-02,2015-11-01,194.3,168.7,0
PRD-02,2015-12-01,237.5,207.2,0
PRD-02,2016-01-01,225.2,200.8,0
PRD-02,2016-02-01,286.1,237.5,0
PRD-02,2016-03-01,265.2,213.6,0
PRD-02,2016-04-01,260.4,203.2,0
PRD-02,2016-05-01,266.8,223.4,0
PRD-02,2016-06-01,297.3,226.1,0
PRD-02,2016-07-01,286.5,219.3,0
PRD-02,2016-08-01,279.7,206.2,0
PRD-02,2016-09-01,322,220.6,0
PRD-02,2016-10-01,286,211.1,0
PRD-02,2016-11-01,283.9,215.9,0
PRD-02,2016-12-01,283.8,213.8,0
PRD-02,2017-01-01,306.2,219.1,0
PRD-02,2017-02-01,329.1,252.5,0
PRD-02,2017-03-01,351.6,263.8,0
PRD-02,2017-04-01,311.3,255,0
PRD-02,2017-05-01,358.4,272.8,0
PRD-02,2017-06-01,353,262.2,0
PRD-02,2017-07-01,329.8,246.5,0
PRD-02,2017-08-01,365.2,272.4,0
PRD-02,2017-09-01,375.8,282.7,0
PRD-02,2017-10-01,329.6,246.9,0
PRD-02,2017-11-01,361.7,262.4,0
PRD-02,2017-12-01,357,257.5,0
PRD-02,2018-01-01,322.9,240.7,0
PRD-02,2018-02-01,340,261.3,0
PRD-02,2018-03-01,340.3,258.5,0
PRD-02,2018-04-01,323.7,246.8,0
PRD-02,2018-05-01,324,245.8,0
PRD-02,2018-06-01,365.1,276.7,0
PRD-02,2018-07-01,349.5,264.8,0
PRD-02,2018-08-01,377.2,280.2,0
PRD-02,2018-09-01,336.3,267.8,0
PRD-02,2018-10-01,294.7,228,0
PRD-02,2018-11-01,327.6,254.5,0
PRD-02,2018-12-01,363,275.4,0
PRD-02,2019-01-01,308.8,238.5,0
PRD-02,2019-02-01,415.9,322,0
PRD-02,2019-03-01,356,286.7,0
PRD-02,2019-04-01,357.6,279,0
PRD-02,2019-05-01,378,294.5,0
PRD-02,2019-06-01,343.7,267.5,0
PRD-02,2019-07-01,354,277.4,0
PRD-02,2019-08-01,342,282.6,0
PRD-02,2019-09-01,360.2,296.2,0
PRD-02,2019-10-01,321,249.8,0
PRD-02,2019-11-01,313,248.1,0
PRD-02,2019-12-01,301.6,289.8,0
PRD-02,2020-01-01,294.1,289.3,0
PRD-02,2020-02-01,300.5,304.5,0
PRD-02,2020-03-01,325.4,352.8,0
PRD-02,2020-04-01,288.9,335.5,0
PRD-02,2020-05-01,271.9,343.8,0
PRD-02,2020-06-01,255.4,382.3,0
PRD-02,2020-07-01,249.5,437.5,0
PRD-02,2020-08-01,212.3,391.9,0
PRD-02,2020-09-01,203.6,391.8,0
PRD-02,2020-10-01,238.1,448.4,0
PRD-02,2020-11-01,242.4,481.9,0
PRD-02,2020-12-01,204.8,406.5,0
PRD-02,2021-01-01,197.3,371.5,0
PRD-02,2021-02-01,185.7,382.3,0
PRD-02,2021-03-01,202.6,419.1,0
PRD-02,2021-04-01,205.3,424.4,0
PRD-02,2021-05-01,206.1,442.6,0
PRD-02,2021-06-01,187.2,395.7,0
PRD-02,2021-07-01,232.2,523.1,0
PRD-02,2021-08-01,193.6,410.6,0
PRD-02,2021-09-01,186.6,397.1,0
PRD-02,2021-10-01,195.9,407.7,0
PRD-02,2021-11-01,162.2,353.1,0
PRD-02,2021-12-01,184.3,420.6,0
PRD-02,2022-01-01,109.6,478.2,0
PRD-02,2022-02-01,95.4,447.3,0
PRD-02,2022-03-01,110.4,517.4,0
PRD-02,2022-04-01,76.6,529.3,0
PRD-02,2022-05-01,78.3,560.6,0
PRD-02,2022-06-01,68.9,505.1,0
PRD-02,2022-07-01,82.4,633,0
PRD-02,2022-08-01,74.2,563.3,0
PRD-02,2022-09-01,63.3,499.2,0
PRD-02,2022-10-01,64.6,520.8,0
PRD-02,2022-11-01,67.2,564.2,0
PRD-02,2022-12-01,61.2,516.4,0
PRD-02,2023-01-01,64.1,556.7,0
PRD-02,2023-02-01,76.6,665.6,0
PRD-02,2023-03-01,62.9,572.1,0
PRD-02,2023-04-01,58.5,558.2,0
PRD-02,2023-05-01,60.2,568,0
PRD-02,2023-06-01,58.7,566,0
PRD-02,2023-07-01,55.9,543.3,0
PRD-02,2023-08-01,60.5,610.3,0
PRD-02,2023-09-01,50.6,522.7,0
PRD-02,2023-10-01,55,606.2,0
PRD-02,2023-11-01,60.6,647.5,0
PRD-02,2023-12-01,45.6,503.3,0
PRD-02,2024-01-01,54,615.1,0
PRD-02,2024-02-01,55.5,629.2,0
PRD-02,2024-03-01,18.8,223.8,0
PRD-02,2024-04-01,57.1,699.2,0
PRD-02,2024-05-01,49.4,594.5,0
PRD-02,2024-06-01,51.9,654.2,0
PRD-02,2024-07-01,54.4,681.6,0
PRD-02,2024-08-01,42.4,524.2,0
PRD-02,2024-09-01,48,605.9,0
PRD-02,2024-10-01,45.8,607.7,0
PRD-02,2024-11-01,46.3,624.6,0
PRD-02,2024-12-01,41.9,563.9,0
PRD-02,2025-01-01,40.6,562,0
PRD-02,2025-02-01,42.1,582.9,0
PRD-02,2025-03-01,41.3,587.9,0
PRD-02,2025-04-01,40.1,574.6,0
PRD-02,2025-05-01,3.6,52,0
PRD-02,2025-06-01,42.3,619.4,0
PRD-02,2025-07-01,42.5,649.7,0
PRD-02,2025-08-01,44.5,682.5,0
PRD-02,2025-09-01,36.5,564.4,0
PRD-02,2025-10-01,35.6,562.9,0
PRD-02,2025-11-01,37.9,592.6,0
PRD-02,2025-12-01,38.3,608.2,0
PRD-02,2026-01-01,35.7,597.8,0
PRD-02,2026-02-01,34.5,576.2,0
PRD-02,2026-03-01,38.4,662.7,0
PRD-02,2026-04-01,36.5,611.3,0
PRD-02,2026-05-01,34,615.7,0
PRD-02,2026-06-01,32.9,582.2,0
PRD-02,2026-07-01,36.6,636.5,0
PRD-02,2026-08-01,34.8,626.4,0
PRD-03,2010-04-01,72.4,4.7,0
PRD-03,2010-05-01,69.3,4.5,0
PRD-03,2010-06-01,71.6,4.7,0
PRD-03,2010-07-01,62.2,4.1,0
PRD-03,2010-08-01,63.7,4.3,0
PRD-03,2010-09-01,61.4,4.2,0
PRD-03,2010-10-01,67.8,4.6,0
PRD-03,2010-11-01,60,4.1,0
PRD-03,2010-12-01,61.1,4.2,0
PRD-03,2011-01-01,62,4.3,0
PRD-03,2011-02-01,61.4,4.3,0
PRD-03,2011-03-01,56.5,4,0
PRD-03,2011-04-01,55.7,4,0
PRD-03,2011-05-01,63.1,4.6,0
PRD-03,2011-06-01,51.8,3.8,0
PRD-03,2011-07-01,59.9,4.4,0
PRD-03,2011-08-01,54.9,4.1,0
PRD-03,2011-09-01,47.3,3.5,0
PRD-03,2011-10-01,52.7,4,0
PRD-03,2011-11-01,53.6,4,0
PRD-03,2011-12-01,47.3,3.6,0
PRD-03,2012-01-01,43.5,3.3,0
PRD-03,2012-02-01,44.9,3.5,0
PRD-03,2012-03-01,50.2,3.9,0
PRD-03,2012-04-01,47.2,3.7,0
PRD-03,2012-05-01,51.1,4,0
PRD-03,2012-06-01,45.7,3.6,0
PRD-03,2012-07-01,46.3,3.7,0
PRD-03,2012-08-01,41.3,3.3,0
PRD-03,2012-09-01,36.2,2.9,0
PRD-03,2012-10-01,40.3,3.3,0
PRD-03,2012-11-01,43.2,3.6,0
PRD-03,2012-12-01,37.2,3.1,0
PRD-03,2013-01-01,46.4,3.9,0
PRD-03,2013-02-01,40.2,3.4,0
PRD-03,2013-03-01,34.8,2.9,0
PRD-03,2013-04-01,39.8,3.4,0
PRD-03,2013-05-01,34.5,3,0
PRD-03,2013-06-01,39,3.4,0
PRD-03,2013-07-01,40.3,3.5,0
PRD-03,2013-08-01,37.3,3.3,0
PRD-03,2013-09-01,40.4,3.5,0
PRD-03,2013-10-01,13,1.1,0
PRD-03,2013-11-01,34.8,3.1,0
PRD-03,2013-12-01,33.3,3,0
PRD-03,2014-01-01,37.6,3.4,0
PRD-03,2014-02-01,35.3,3.2,0
PRD-03,2014-03-01,32.5,3,0
PRD-03,2014-04-01,36.2,3.3,0
PRD-03,2014-05-01,35,3.2,0
PRD-03,2014-06-01,34.7,3.2,0
PRD-03,2014-07-01,34.8,3.2,0
PRD-03,2014-08-01,32.3,3,0
PRD-03,2014-09-01,30.9,3,0
PRD-03,2014-10-01,35.3,6.6,0
PRD-03,2014-11-01,34.5,15,0
PRD-03,2014-12-01,0.9,0.6,0
PRD-03,2015-01-01,30.9,32.5,0
PRD-03,2015-02-01,31.3,53.1,0
PRD-03,2015-03-01,32.5,62.9,0
PRD-03,2015-04-01,45.5,77.5,0
PRD-03,2015-05-01,61.1,91.7,0
PRD-03,2015-06-01,80,111.7,0
PRD-03,2015-07-01,78.7,105.8,0
PRD-03,2015-08-01,102.5,132,0
PRD-03,2015-09-01,120.4,159.7,0
PRD-03,2015-10-01,126.7,160,0
PRD-03,2015-11-01,144,181.8,0
PRD-03,2015-12-01,165,210.5,0
PRD-03,2016-01-01,135.8,175.9,0
PRD-03,2016-02-01,161.2,201.1,0
PRD-03,2016-03-01,166.6,206,0
PRD-03,2016-04-01,142.9,177.2,0
PRD-03,2016-05-01,185.3,235.8,0
PRD-03,2016-06-01,181.3,221,0
PRD-03,2016-07-01,217,260.3,0
PRD-03,2016-08-01,195.7,234.5,0
PRD-03,2016-09-01,219.7,256.5,0
PRD-03,2016-10-01,193.1,227.9,0
PRD-03,2016-11-01,40.5,49.2,0
PRD-03,2016-12-01,218.6,259.2,0
PRD-03,2017-01-01,216.1,253.6,0
PRD-03,2017-02-01,223.9,266.8,0
PRD-03,2017-03-01,227.9,271.6,0
PRD-03,2017-04-01,233.9,283.5,0
PRD-03,2017-05-01,217.9,265.5,0
PRD-03,2017-06-01,226.8,254.6,0
PRD-03,2017-07-01,42.9,49.2,0
PRD-03,2017-08-01,226.9,262.9,0
PRD-03,2017-09-01,249,288.2,0
PRD-03,2017-10-01,222.2,259.4,0
PRD-03,2017-11-01,243.1,271.3,0
PRD-03,2017-12-01,237.9,265,0
PRD-03,2018-01-01,207.5,249.5,0
PRD-03,2018-02-01,249,297.4,0
PRD-03,2018-03-01,253.7,299.2,0
PRD-03,2018-04-01,213.5,244.6,0
PRD-03,2018-05-01,259.2,294.5,0
PRD-03,2018-06-01,238.6,276.5,0
PRD-03,2018-07-01,233.8,267.8,0
PRD-03,2018-08-01,260.9,296,0
PRD-03,2018-09-01,226.9,259.4,0
PRD-03,2018-10-01,280.3,325.2,0
PRD-03,2018-11-01,207.7,245.3,0
PRD-03,2018-12-01,237.7,275.6,0
PRD-03,2019-01-01,224.9,264.8,0
PRD-03,2019-02-01,252.1,292.7,0
PRD-03,2019-03-01,228.1,284,0
PRD-03,2019-04-01,225.8,271.5,0
PRD-03,2019-05-01,263.5,310.2,0
PRD-03,2019-06-01,254,305.5,0
PRD-03,2019-07-01,251.2,295.1,0
PRD-03,2019-08-01,234.3,288,0
PRD-03,2019-09-01,224.2,320.9,0
PRD-03,2019-10-01,207.9,297.6,0
PRD-03,2019-11-01,210.1,289.3,0
PRD-03,2019-12-01,200.1,347.7,0
PRD-03,2020-01-01,192.5,337.3,0
PRD-03,2020-02-01,177.2,315.6,0
PRD-03,2020-03-01,187.2,351.2,0
PRD-03,2020-04-01,177,320.7,0
PRD-03,2020-05-01,55.3,104.2,0
PRD-03,2020-06-01,185.5,373,0
PRD-03,2020-07-01,169.3,351.5,0
PRD-03,2020-08-01,192.3,365.6,0
PRD-03,2020-09-01,181.7,365,0
PRD-03,2020-10-01,177.6,349.7,0
PRD-03,2020-11-01,173.7,367.5,0
PRD-03,2020-12-01,156.5,399.6,0
PRD-03,2021-01-01,127.8,367.2,0
PRD-03,2021-02-01,154.8,456.8,0
PRD-03,2021-03-01,137.7,406.9,0
PRD-03,2021-04-01,135.1,402.1,0
PRD-03,2021-05-01,114.5,361,0
PRD-03,2021-06-01,125.9,377.2,0
PRD-03,2021-07-01,130.3,417.1,0
PRD-03,2021-08-01,135.6,451.4,0
PRD-03,2021-09-01,126.6,385.1,0
PRD-03,2021-10-01,125.6,375.9,0
PRD-03,2021-11-01,124.1,415.1,0
PRD-03,2021-12-01,147.3,464.1,0
PRD-03,2022-01-01,113.8,383,0
PRD-03,2022-02-01,120,393.3,0
PRD-03,2022-03-01,117.6,401.9,0
PRD-03,2022-04-01,86.2,395.5,0
PRD-03,2022-05-01,104.1,506.4,0
PRD-03,2022-06-01,97.4,488.3,0
PRD-03,2022-07-01,101.5,492.6,0
PRD-03,2022-08-01,112,524.1,0
PRD-03,2022-09-01,87.4,446.4,0
PRD-03,2022-10-01,82.5,429.8,0
PRD-03,2022-11-01,78.8,414.8,0
PRD-03,2022-12-01,7.3,37.2,0
PRD-03,2023-01-01,77.7,613.4,0
PRD-03,2023-02-01,48.8,506,0
PRD-03,2023-03-01,45.7,495.7,0
PRD-03,2023-04-01,50.1,550.7,0
PRD-03,2023-05-01,45,515.9,0
PRD-03,2023-06-01,50.3,578.8,0
PRD-03,2023-07-01,44,500.8,0
PRD-03,2023-08-01,47.5,568,0
PRD-03,2023-09-01,39.5,479.7,0
PRD-03,2023-10-01,40.2,520.3,0
PRD-03,2023-11-01,45.1,552.9,0
PRD-03,2023-12-01,41.1,536.3,0
PRD-03,2024-01-01,40.9,549.6,0
PRD-03,2024-02-01,45.4,605.4,0
PRD-03,2024-03-01,39.3,538.2,0
PRD-03,2024-04-01,35.2,507.5,0
PRD-03,2024-05-01,32.7,461.8,0
PRD-03,2024-06-01,40.4,588.1,0
PRD-03,2024-07-01,36.2,532,0
PRD-03,2024-08-01,31.2,461.6,0
PRD-03,2024-09-01,39.1,579.4,0
PRD-03,2024-10-01,33.5,520.6,0
PRD-03,2024-11-01,35.9,567,0
PRD-03,2024-12-01,38.2,602.7,0
PRD-03,2025-01-01,32.2,531.5,0
PRD-03,2025-02-01,34.8,570.6,0
PRD-03,2025-03-01,29.7,496.9,0
PRD-03,2025-04-01,26.1,429.5,0
PRD-03,2025-05-01,29.1,498,0
PRD-03,2025-06-01,30.3,533.9,0
PRD-03,2025-07-01,28.3,518.5,0
PRD-03,2025-08-01,30.8,557.2,0
PRD-03,2025-09-01,27.4,501.8,0
PRD-03,2025-10-01,28.3,528.1,0
PRD-03,2025-11-01,8.7,166.3,0
PRD-03,2025-12-01,25,475,0
PRD-03,2026-01-01,27.7,542.2,0
PRD-03,2026-02-01,26.7,533,0
PRD-03,2026-03-01,30.2,623.5,0
PRD-03,2026-04-01,25.5,508.5,0
PRD-03,2026-05-01,26,552.4,0
PRD-03,2026-06-01,26.5,551.8,0
PRD-03,2026-07-01,23.5,489.8,0
PRD-03,2026-08-01,23.7,508.1,0
PRD-04,2008-05-01,98.1,5.1,0
PRD-04,2008-06-01,97.4,5.1,0
PRD-04,2008-07-01,88.1,4.7,0
PRD-04,2008-08-01,93.9,5.1,0
PRD-04,2008-09-01,87.5,4.8,0
PRD-04,2008-10-01,84,4.6,0
PRD-04,2008-11-01,80.1,4.4,0
PRD-04,2008-12-01,12.7,0.7,0
PRD-04,2009-01-01,82.6,4.7,0
PRD-04,2009-02-01,90.5,5.2,0
PRD-04,2009-03-01,84.5,4.9,0
PRD-04,2009-04-01,89.3,5.2,0
PRD-04,2009-05-01,89.3,5.3,0
PRD-04,2009-06-01,79.8,4.7,0
PRD-04,2009-07-01,80.5,4.8,0
PRD-04,2009-08-01,75.4,4.6,0
PRD-04,2009-09-01,79.4,4.9,0
PRD-04,2009-10-01,77.6,4.8,0
PRD-04,2009-11-01,81.1,5,0
PRD-04,2009-12-01,77.2,4.8,0
PRD-04,2010-01-01,67.5,4.3,0
PRD-04,2010-02-01,24.8,1.6,0
PRD-04,2010-03-01,64.9,4.2,0
PRD-04,2010-04-01,79.9,5.2,0
PRD-04,2010-05-01,74.4,4.9,0
PRD-04,2010-06-01,69.9,4.6,0
PRD-04,2010-07-01,66,4.4,0
PRD-04,2010-08-01,55.3,3.7,0
PRD-04,2010-09-01,63.3,4.3,0
PRD-04,2010-10-01,61.4,4.2,0
PRD-04,2010-11-01,65.8,4.5,0
PRD-04,2010-12-01,59.3,4.1,0
PRD-04,2011-01-01,63.2,4.4,0
PRD-04,2011-02-01,60.5,4.3,0
PRD-04,2011-03-01,62.6,4.5,0
PRD-04,2011-04-01,62.7,4.5,0
PRD-04,2011-05-01,61.9,4.5,0
PRD-04,2011-06-01,65.1,4.7,0
PRD-04,2011-07-01,61,4.5,0
PRD-04,2011-08-01,3.4,0.3,0
PRD-04,2011-09-01,58.6,4.4,0
PRD-04,2011-10-01,50.9,3.8,0
PRD-04,2011-11-01,55.1,4.2,0
PRD-04,2011-12-01,54,4.1,0
PRD-04,2012-01-01,53.2,4.1,0
PRD-04,2012-02-01,56.9,4.4,0
PRD-04,2012-03-01,5.3,0.4,0
PRD-04,2012-04-01,48.7,3.8,0
PRD-04,2012-05-01,45.4,3.6,0
PRD-04,2012-06-01,48.1,3.8,0
PRD-04,2012-07-01,16,1.3,0
PRD-04,2012-08-01,53.6,4.3,0
PRD-04,2012-09-01,50.1,4.1,0
PRD-04,2012-10-01,51.8,4.2,0
PRD-04,2012-11-01,45.4,3.7,0
PRD-04,2012-12-01,46.4,3.8,0
PRD-04,2013-01-01,41.4,3.5,0
PRD-04,2013-02-01,40.8,3.4,0
PRD-04,2013-03-01,42.8,3.6,0
PRD-04,2013-04-01,48.6,4.1,0
PRD-04,2013-05-01,45.2,3.9,0
PRD-04,2013-06-01,41,3.5,0
PRD-04,2013-07-01,43.9,3.8,0
PRD-04,2013-08-01,40.8,3.6,0
PRD-04,2013-09-01,36.2,3.2,0
PRD-04,2013-10-01,42.7,3.8,0
PRD-04,2013-11-01,39.4,3.5,0
PRD-04,2013-12-01,38.9,3.5,0
PRD-04,2014-01-01,36.5,3.3,0
PRD-04,2014-02-01,35,3.2,0
PRD-04,2014-03-01,36.2,3.3,0
PRD-04,2014-04-01,34,3.1,0
PRD-04,2014-05-01,36.3,3.3,0
PRD-04,2014-06-01,36.9,3.4,0
PRD-04,2014-07-01,40.5,3.8,0
PRD-04,2014-08-01,34.6,3.2,0
PRD-04,2014-09-01,34,3.2,0
PRD-04,2014-10-01,31.2,3.7,0
PRD-04,2014-11-01,41.8,8.5,0
PRD-04,2014-12-01,30.2,8.4,0
PRD-04,2015-01-01,32.1,12.6,0
PRD-04,2015-02-01,29.9,17.1,0
PRD-04,2015-03-01,37.1,26.3,0
PRD-04,2015-04-01,36.7,25.9,0
PRD-04,2015-05-01,52.6,34.3,0
PRD-04,2015-06-01,60.4,38.2,0
PRD-04,2015-07-01,65.3,38.8,0
PRD-04,2015-08-01,70.7,40.1,0
PRD-04,2015-09-01,83.5,46.3,0
PRD-04,2015-10-01,90.6,50.3,0
PRD-04,2015-11-01,96,51.2,0
PRD-04,2015-12-01,108,57.4,0
PRD-04,2016-01-01,106.9,53.8,0
PRD-04,2016-02-01,110.8,56,0
PRD-04,2016-03-01,101.8,50.2,0
PRD-04,2016-04-01,107.6,50.2,0
PRD-04,2016-05-01,122.6,56.8,0
PRD-04,2016-06-01,125.2,57.4,0
PRD-04,2016-07-01,135.2,60.6,0
PRD-04,2016-08-01,143,62.8,0
PRD-04,2016-09-01,144.5,61.2,0
PRD-04,2016-10-01,130.3,53.2,0
PRD-04,2016-11-01,144.8,57.4,0
PRD-04,2016-12-01,144.2,56.4,0
PRD-04,2017-01-01,122.4,46.5,0
PRD-04,2017-02-01,149.4,55.8,0
PRD-04,2017-03-01,145.5,52.9,0
PRD-04,2017-04-01,159,58,0
PRD-04,2017-05-01,167.8,58.4,0
PRD-04,2017-06-01,168.5,58.5,0
PRD-04,2017-07-01,145.2,48.7,0
PRD-04,2017-08-01,145,48.2,0
PRD-04,2017-09-01,150.1,49.2,0
PRD-04,2017-10-01,145.4,46.4,0
PRD-04,2017-11-01,142.2,44.6,0
PRD-04,2017-12-01,158.6,50.2,0
PRD-04,2018-01-01,161.2,49.4,0
PRD-04,2018-02-01,147.4,44.1,0
PRD-04,2018-03-01,135.2,40.6,0
PRD-04,2018-04-01,149.3,45.1,0
PRD-04,2018-05-01,142.4,43.9,0
PRD-04,2018-06-01,173.9,52.4,0
PRD-04,2018-07-01,148.9,43.8,0
PRD-04,2018-08-01,144.1,43.6,0
PRD-04,2018-09-01,168.5,50.6,0
PRD-04,2018-10-01,159.7,48,0
PRD-04,2018-11-01,149.4,44.4,0
PRD-04,2018-12-01,119.7,35.9,0
PRD-04,2019-01-01,141.3,43.3,0
PRD-04,2019-02-01,163.8,50.1,0
PRD-04,2019-03-01,131.3,40.3,0
PRD-04,2019-04-01,143.7,45.3,0
PRD-04,2019-05-01,154.9,49,0
PRD-04,2019-06-01,132.1,41.7,0
PRD-04,2019-07-01,145.4,46.8,0
PRD-04,2019-08-01,139.5,46.4,0
PRD-04,2019-09-01,141.6,65.7,0
PRD-04,2019-10-01,100.3,50,0
PRD-04,2019-11-01,124.5,59.9,0
PRD-04,2019-12-01,121,59.7,0
PRD-04,2020-01-01,142.5,70.1,0
PRD-04,2020-02-01,134.4,64.7,0
PRD-04,2020-03-01,110,54.2,0
PRD-04,2020-04-01,131.8,65.9,0
PRD-04,2020-05-01,130.9,67.7,0
PRD-04,2020-06-01,137.2,71.7,0
PRD-04,2020-07-01,111.4,59.2,0
PRD-04,2020-08-01,135.7,70.4,0
PRD-04,2020-09-01,126.8,68.9,0
PRD-04,2020-10-01,147.4,77.2,0
PRD-04,2020-11-01,125.3,71,0
PRD-04,2020-12-01,13.8,13.3,0
PRD-04,2021-01-01,94.9,119.5,0
PRD-04,2021-02-01,89.9,114.8,0
PRD-04,2021-03-01,82.3,105,0
PRD-04,2021-04-01,81.9,106.8,0
PRD-04,2021-05-01,79.8,110.8,0
PRD-04,2021-06-01,80.1,107.1,0
PRD-04,2021-07-01,87.7,122.2,0
PRD-04,2021-08-01,75.7,108.3,0
PRD-04,2021-09-01,92.7,124.8,0
PRD-04,2021-10-01,87.5,110.7,0
PRD-04,2021-11-01,78.7,127,0
PRD-04,2021-12-01,85.7,126.7,0
PRD-04,2022-01-01,81.6,129.4,0
PRD-04,2022-02-01,76,125.3,0
PRD-04,2022-03-01,82.7,149.2,0
PRD-04,2022-04-01,84.5,156.3,0
PRD-04,2022-05-01,72.3,145,0
PRD-04,2022-06-01,85.9,169.1,0
PRD-04,2022-07-01,93.1,149.7,0
PRD-04,2022-08-01,143.8,194.2,0
PRD-04,2022-09-01,140.9,182.3,0
PRD-04,2022-10-01,53.1,63.3,0
PRD-04,2022-11-01,179.7,188,0
PRD-04,2022-12-01,198.5,191.4,0
PRD-04,2023-01-01,199.3,239.5,0
PRD-04,2023-02-01,183.3,234.8,0
PRD-04,2023-03-01,206.6,253,0
PRD-04,2023-04-01,46.2,52.6,0
PRD-04,2023-05-01,203.4,229.2,0
PRD-04,2023-06-01,235.5,248.4,0
PRD-04,2023-07-01,196,199.9,0
PRD-04,2023-08-01,251.8,237.9,0
PRD-04,2023-09-01,230.1,202.1,0
PRD-04,2023-10-01,278.6,247.7,0
PRD-04,2023-11-01,241.4,224.3,0
PRD-04,2023-12-01,284.3,243.3,0
PRD-04,2024-01-01,306,253.6,0
PRD-04,2024-02-01,251.3,205.7,0
PRD-04,2024-03-01,274.1,237.8,0
PRD-04,2024-04-01,313,241.5,0
PRD-04,2024-05-01,359.2,287.9,0
PRD-04,2024-06-01,332.4,266.2,0
PRD-04,2024-07-01,281.5,215.1,0
PRD-04,2024-08-01,330.9,243.9,0
PRD-04,2024-09-01,354,261.9,0
PRD-04,2024-10-01,280.4,208.4,0
PRD-04,2024-11-01,363.1,259,0
PRD-04,2024-12-01,296.2,219,0
PRD-04,2025-01-01,290.9,225.8,0
PRD-04,2025-02-01,307.7,229.8,0
PRD-04,2025-03-01,300.9,237.3,0
PRD-04,2025-04-01,290.7,222,0
PRD-04,2025-05-01,320.4,232.8,0
PRD-04,2025-06-01,318.1,241.1,0
PRD-04,2025-07-01,331.4,228.2,0
PRD-04,2025-08-01,345.7,247.3,0
PRD-04,2025-09-01,331.9,243.4,0
PRD-04,2025-10-01,335.5,232.7,0
PRD-04,2025-11-01,325,224.3,0
PRD-04,2025-12-01,320.8,229,0
PRD-04,2026-01-01,351.5,261.1,0
PRD-04,2026-02-01,338.1,249.5,0
PRD-04,2026-03-01,315.6,237.4,0
PRD-04,2026-04-01,343.5,253.4,0
PRD-04,2026-05-01,305.2,224.7,0
PRD-04,2026-06-01,271.3,202.8,0
PRD-04,2026-07-01,328.7,242.5,0
PRD-04,2026-08-01,371.1,269.2,0
PRD-05,2008-04-01,61.3,3.2,0
PRD-05,2008-05-01,64.9,3.4,0
PRD-05,2008-06-01,66.7,3.5,0
PRD-05,2008-07-01,64.2,3.4,0
PRD-05,2008-08-01,56.9,3.1,0
PRD-05,2008-09-01,60.6,3.3,0
PRD-05,2008-10-01,60.1,3.3,0
PRD-05,2008-11-01,56.4,3.1,0
PRD-05,2008-12-01,58.5,3.3,0
PRD-05,2009-01-01,51.5,2.9,0
PRD-05,2009-02-01,53.9,3.1,0
PRD-05,2009-03-01,50.9,2.9,0
PRD-05,2009-04-01,54.9,3.2,0
PRD-05,2009-05-01,53.4,3.1,0
PRD-05,2009-06-01,52.8,3.1,0
PRD-05,2009-07-01,56.4,3.4,0
PRD-05,2009-08-01,51.2,3.1,0
PRD-05,2009-09-01,51.6,3.2,0
PRD-05,2009-10-01,51.5,3.2,0
PRD-05,2009-11-01,47.5,3,0
PRD-05,2009-12-01,49.8,3.1,0
PRD-05,2010-01-01,48.1,3,0
PRD-05,2010-02-01,41.6,2.7,0
PRD-05,2010-03-01,51.5,3.3,0
PRD-05,2010-04-01,45.3,2.9,0
PRD-05,2010-05-01,40.3,2.6,0
PRD-05,2010-06-01,46.9,3.1,0
PRD-05,2010-07-01,41.2,2.7,0
PRD-05,2010-08-01,41.5,2.8,0
PRD-05,2010-09-01,38.2,2.6,0
PRD-05,2010-10-01,44.3,3,0
PRD-05,2010-11-01,43.6,3,0
PRD-05,2010-12-01,37.8,2.6,0
PRD-05,2011-01-01,39.7,2.8,0
PRD-05,2011-02-01,40.4,2.8,0
PRD-05,2011-03-01,46.4,3.3,0
PRD-05,2011-04-01,42.8,3.1,0
PRD-05,2011-05-01,34.9,2.5,0
PRD-05,2011-06-01,36.5,2.7,0
PRD-05,2011-07-01,39.3,2.9,0
PRD-05,2011-08-01,38.2,2.8,0
PRD-05,2011-09-01,36.5,2.7,0
PRD-05,2011-10-01,34.9,2.6,0
PRD-05,2011-11-01,37.3,2.8,0
PRD-05,2011-12-01,36,2.7,0
PRD-05,2012-01-01,34.2,2.6,0
PRD-05,2012-02-01,34.1,2.6,0
PRD-05,2012-03-01,34.5,2.7,0
PRD-05,2012-04-01,34.3,2.7,0
PRD-05,2012-05-01,35.9,2.8,0
PRD-05,2012-06-01,33.5,2.7,0
PRD-05,2012-07-01,12,1,0
PRD-05,2012-08-01,31,2.5,0
PRD-05,2012-09-01,31.6,2.6,0
PRD-05,2012-10-01,33.2,2.7,0
PRD-05,2012-11-01,30.9,2.5,0
PRD-05,2012-12-01,32.2,2.7,0
PRD-05,2013-01-01,27.5,2.3,0
PRD-05,2013-02-01,27.9,2.3,0
PRD-05,2013-03-01,31.6,2.7,0
PRD-05,2013-04-01,26.5,2.3,0
PRD-05,2013-05-01,3.9,0.3,0
PRD-05,2013-06-01,2.2,0.2,0
PRD-05,2013-07-01,27.3,2.4,0
PRD-05,2013-08-01,29.3,2.6,0
PRD-05,2013-09-01,24.7,2.2,0
PRD-05,2013-10-01,29.1,2.6,0
PRD-05,2013-11-01,22.6,2,0
PRD-05,2013-12-01,25.8,2.3,0
PRD-05,2014-01-01,27.4,2.5,0
PRD-05,2014-02-01,25.1,2.3,0
PRD-05,2014-03-01,23,2.1,0
PRD-05,2014-04-01,24.1,2.2,0
PRD-05,2014-05-01,24.7,2.3,0
PRD-05,2014-06-01,24.2,2.2,0
PRD-05,2014-07-01,21.3,2,0
PRD-05,2014-08-01,22.4,2.1,0
PRD-05,2014-09-01,24,2.3,0
PRD-05,2014-10-01,21,2,0
PRD-05,2014-11-01,21.8,2.1,0
PRD-05,2014-12-01,21.6,2.1,0
PRD-05,2015-01-01,20.9,2,0
PRD-05,2015-02-01,22,2.1,0
PRD-05,2015-03-01,21.1,2.1,0
PRD-05,2015-04-01,19.4,1.9,0
PRD-05,2015-05-01,20.3,2,0
PRD-05,2015-06-01,19.6,1.9,0
PRD-05,2015-07-01,6.4,0.6,0
PRD-05,2015-08-01,16.3,1.6,0
PRD-05,2015-09-01,18.8,1.9,0
PRD-05,2015-10-01,19.2,1.9,0
PRD-05,2015-11-01,20.6,2.1,0
PRD-05,2015-12-01,16.9,1.7,0
PRD-05,2016-01-01,19.3,2,0
PRD-05,2016-02-01,18.9,2,0
PRD-05,2016-03-01,16.4,1.7,0
PRD-05,2016-04-01,16.6,1.7,0
PRD-05,2016-05-01,15.6,1.6,0
PRD-05,2016-06-01,16.6,1.8,0
PRD-05,2016-07-01,16.4,1.7,0
PRD-05,2016-08-01,16,1.7,0
PRD-05,2016-09-01,17.3,1.9,0
PRD-05,2016-10-01,14.2,1.5,0
PRD-05,2016-11-01,3.8,0.4,0
PRD-05,2016-12-01,14.8,1.6,0
PRD-05,2017-01-01,15.1,1.7,0
PRD-05,2017-02-01,14.1,1.6,0
PRD-05,2017-03-01,15,1.7,0
PRD-05,2017-04-01,15.1,1.7,0
PRD-05,2017-05-01,16,1.8,0
PRD-05,2017-06-01,13.7,1.5,0
PRD-05,2017-07-01,13.9,1.6,0
PRD-05,2017-08-01,13.7,1.6,0
PRD-05,2017-09-01,13.7,1.6,0
PRD-05,2017-10-01,14.5,1.7,0
PRD-05,2017-11-01,13.7,1.6,0
PRD-05,2017-12-01,13.4,1.6,0
PRD-05,2018-01-01,14,1.6,0
PRD-05,2018-02-01,14.3,1.7,0
PRD-05,2018-03-01,12.4,1.5,0
PRD-05,2018-04-01,13.1,1.5,0
PRD-05,2018-05-01,13.9,1.6,0
PRD-05,2018-06-01,13.2,1.6,0
PRD-05,2018-07-01,12.1,1.5,0
PRD-05,2018-08-01,12.6,1.5,0
PRD-05,2018-09-01,11.5,1.4,0
PRD-05,2018-10-01,12.5,1.5,0
PRD-05,2018-11-01,10.8,1.3,0
PRD-05,2018-12-01,12.6,1.5,0
PRD-05,2019-01-01,11.1,1.4,0
PRD-05,2019-02-01,11.9,1.5,0
PRD-05,2019-03-01,11.4,1.4,0
PRD-05,2019-04-01,11.9,1.5,0
PRD-05,2019-05-01,10.8,1.4,0
PRD-05,2019-06-01,11.3,1.4,0
PRD-05,2019-07-01,10.9,1.4,0
PRD-05,2019-08-01,10.8,1.4,0
PRD-05,2019-09-01,8.9,1.1,0
PRD-05,2019-10-01,8.2,1,0
PRD-05,2019-11-01,10.6,1.4,0
PRD-05,2019-12-01,10.2,1.3,0
PRD-05,2020-01-01,9.9,1.3,0
PRD-05,2020-02-01,9.7,1.3,0
PRD-05,2020-03-01,9.3,1.2,0
PRD-05,2020-04-01,9.2,1.2,0
PRD-05,2020-05-01,8.6,1.1,0
PRD-05,2020-06-01,9.3,1.2,0
PRD-05,2020-07-01,9.4,1.3,0
PRD-05,2020-08-01,10.3,1.4,0
PRD-05,2020-09-01,8.7,1.2,0
PRD-05,2020-10-01,8,1.1,0
PRD-05,2020-11-01,8.2,1.1,0
PRD-05,2020-12-01,8.5,1.2,0
PRD-05,2021-01-01,8.1,1.1,0
PRD-05,2021-02-01,8,1.1,0
PRD-05,2021-03-01,8,1.1,0
PRD-05,2021-04-01,7.6,1,0
PRD-05,2021-05-01,7.9,1.1,0
PRD-05,2021-06-01,7.8,1.1,0
PRD-05,2021-07-01,7.9,1.1,0
PRD-05,2021-08-01,6.9,1,0
PRD-05,2021-09-01,8.1,1.1,0
PRD-05,2021-10-01,7,1,0
PRD-05,2021-11-01,0.4,0.1,0
PRD-05,2021-12-01,6.6,1.9,0
PRD-05,2022-01-01,6.9,4.6,0
PRD-05,2022-02-01,6.7,9.6,0
PRD-05,2022-03-01,7,18,0
PRD-05,2022-04-01,5.7,20,0
PRD-05,2022-05-01,7.2,34.8,0
PRD-05,2022-06-01,15.7,40.7,0
PRD-05,2022-07-01,31.2,45.2,0
PRD-05,2022-08-01,63.9,65.8,0
PRD-05,2022-09-01,79.5,66.5,0
PRD-05,2022-10-01,106.6,75.3,0
PRD-05,2022-11-01,119.1,72.8,0
PRD-05,2022-12-01,152.3,86.2,0
PRD-05,2023-01-01,165.1,84.5,0
PRD-05,2023-02-01,153.5,71.9,0
PRD-05,2023-03-01,191.9,84.1,0
PRD-05,2023-04-01,174.6,72.1,0
PRD-05,2023-05-01,198.4,76.4,0
PRD-05,2023-06-01,196.7,71.4,0
PRD-05,2023-07-01,187.3,62.2,0
PRD-05,2023-08-01,217.9,68.4,0
PRD-05,2023-09-01,255.7,70.9,0
PRD-05,2023-10-01,218.6,57.5,0
PRD-05,2023-11-01,247.2,63,0
PRD-05,2023-12-01,263.3,66.4,0
PRD-05,2024-01-01,256.2,61.1,0
PRD-05,2024-02-01,261.8,61,0
PRD-05,2024-03-01,258.6,58.7,0
PRD-05,2024-04-01,284.7,63.4,0
PRD-05,2024-05-01,285.6,60.8,0
PRD-05,2024-06-01,279.6,58.1,0
PRD-05,2024-07-01,337.3,68,0
PRD-05,2024-08-01,274,54,0
PRD-05,2024-09-01,319.6,63.1,0
PRD-05,2024-10-01,282,53.7,0
PRD-05,2024-11-01,314.5,58.1,0
PRD-05,2024-12-01,283,51.7,0
PRD-05,2025-01-01,320.2,57.8,0
PRD-05,2025-02-01,317.9,55.9,0
PRD-05,2025-03-01,296.1,53.7,0
PRD-05,2025-04-01,292.1,51.7,0
PRD-05,2025-05-01,302.1,54.7,0
PRD-05,2025-06-01,318.2,56.5,0
PRD-05,2025-07-01,340.1,59.8,0
PRD-05,2025-08-01,300.4,52.6,0
PRD-05,2025-09-01,297.2,52.8,0
PRD-05,2025-10-01,341.8,59.9,0
PRD-05,2025-11-01,308.7,53.9,0
PRD-05,2025-12-01,302.6,53.5,0
PRD-05,2026-01-01,322.5,56.6,0
PRD-05,2026-02-01,336.8,58.4,0
PRD-05,2026-03-01,280.7,48.4,0
PRD-05,2026-04-01,332.2,58.3,0
PRD-05,2026-05-01,299.6,52.4,0
PRD-05,2026-06-01,308.8,53.7,0
PRD-05,2026-07-01,316.9,55.1,0
PRD-05,2026-08-01,360.5,61.7,0
PRD-06,2008-02-01,51.8,2.6,0
PRD-06,2008-03-01,79.1,4,0
PRD-06,2008-04-01,91.8,4.7,0
PRD-06,2008-05-01,6.4,0.3,0
PRD-06,2008-06-01,86.2,4.5,0
PRD-06,2008-07-01,93.8,5,0
PRD-06,2008-08-01,71.2,3.8,0
PRD-06,2008-09-01,88.1,4.8,0
PRD-06,2008-10-01,77.1,4.2,0
PRD-06,2008-11-01,70.7,3.9,0
PRD-06,2008-12-01,82.8,4.6,0
PRD-06,2009-01-01,69.9,4,0
PRD-06,2009-02-01,69.3,4,0
PRD-06,2009-03-01,77.1,4.5,0
PRD-06,2009-04-01,73.9,4.3,0
PRD-06,2009-05-01,70.8,4.2,0
PRD-06,2009-06-01,76.2,4.5,0
PRD-06,2009-07-01,70.5,4.2,0
PRD-06,2009-08-01,67.4,4.1,0
PRD-06,2009-09-01,73.2,4.5,0
PRD-06,2009-10-01,77.2,4.8,0
PRD-06,2009-11-01,62.4,3.9,0
PRD-06,2009-12-01,65.3,4.1,0
PRD-06,2010-01-01,55.9,3.5,0
PRD-06,2010-02-01,62.2,4,0
PRD-06,2010-03-01,66.3,4.3,0
PRD-06,2010-04-01,57.8,3.8,0
PRD-06,2010-05-01,52.7,3.5,0
PRD-06,2010-06-01,1.1,0.1,0
PRD-06,2010-07-01,67.3,4.5,0
PRD-06,2010-08-01,59.9,4,0
PRD-06,2010-09-01,64.5,4.4,0
PRD-06,2010-10-01,55.6,3.8,0
PRD-06,2010-11-01,56.2,3.9,0
PRD-06,2010-12-01,57.3,4,0
PRD-06,2011-01-01,56.3,3.9,0
PRD-06,2011-02-01,60.2,4.2,0
PRD-06,2011-03-01,59.7,4.2,0
PRD-06,2011-04-01,55.2,4,0
PRD-06,2011-05-01,54.8,4,0
PRD-06,2011-06-01,53.7,3.9,0
PRD-06,2011-07-01,47,3.4,0
PRD-06,2011-08-01,57.2,4.2,0
PRD-06,2011-09-01,49.8,3.7,0
PRD-06,2011-10-01,53.1,4,0
PRD-06,2011-11-01,49.9,3.8,0
PRD-06,2011-12-01,46.2,3.5,0
PRD-06,2012-01-01,46.9,3.6,0
PRD-06,2012-02-01,44.9,3.5,0
PRD-06,2012-03-01,48.6,3.8,0
PRD-06,2012-04-01,43.8,3.4,0
PRD-06,2012-05-01,47.4,3.7,0
PRD-06,2012-06-01,42.6,3.4,0
PRD-06,2012-07-01,45.3,3.6,0
PRD-06,2012-08-01,42.4,3.4,0
PRD-06,2012-09-01,41.6,3.4,0
PRD-06,2012-10-01,38.8,3.2,0
PRD-06,2012-11-01,41.5,3.4,0
PRD-06,2012-12-01,42.9,3.6,0
PRD-06,2013-01-01,36.4,3,0
PRD-06,2013-02-01,36.2,3,0
PRD-06,2013-03-01,38.2,3.2,0
PRD-06,2013-04-01,1.5,0.1,0
PRD-06,2013-05-01,37,3.2,0
PRD-06,2013-06-01,37.6,3.2,0
PRD-06,2013-07-01,36.2,3.1,0
PRD-06,2013-08-01,36.2,3.2,0
PRD-06,2013-09-01,32.9,2.9,0
PRD-06,2013-10-01,35.9,3.2,0
PRD-06,2013-11-01,35.3,3.1,0
PRD-06,2013-12-01,31.2,2.8,0
PRD-06,2014-01-01,33.1,3,0
PRD-06,2014-02-01,32.9,3,0
PRD-06,2014-03-01,0.5,0,0
PRD-06,2014-04-01,31.8,2.9,0
PRD-06,2014-05-01,31.6,2.9,0
PRD-06,2014-06-01,34.6,3.2,0
PRD-06,2014-07-01,33.8,3.2,0
PRD-06,2014-08-01,33.2,3.1,0
PRD-06,2014-09-01,31.1,3,0
PRD-06,2014-10-01,30.4,7.2,0
PRD-06,2014-11-01,28.7,15.7,0
PRD-06,2014-12-01,27.3,24,0
PRD-06,2015-01-01,32.4,45.8,0
PRD-06,2015-02-01,33.6,55.9,0
PRD-06,2015-03-01,58.7,73.4,0
PRD-06,2015-04-01,81.7,74.7,0
PRD-06,2015-05-01,116.7,81.2,0
PRD-06,2015-06-01,146.1,88.4,0
PRD-06,2015-07-01,192.1,102.1,0
PRD-06,2015-08-01,205.9,99.7,0
PRD-06,2015-09-01,236.9,105,0
PRD-06,2015-10-01,236.5,95.8,0
PRD-06,2015-11-01,244.9,91.2,0
PRD-06,2015-12-01,290.8,100.4,0
PRD-06,2016-01-01,297.3,91.5,0
PRD-06,2016-02-01,331.7,94.8,0
PRD-06,2016-03-01,332.8,86.5,0
PRD-06,2016-04-01,338.2,79.8,0
PRD-06,2016-05-01,357.2,75.8,0
PRD-06,2016-06-01,365.1,70.1,0
PRD-06,2016-07-01,432.3,76.9,0
PRD-06,2016-08-01,373.1,60.7,0
PRD-06,2016-09-01,421.6,65.9,0
PRD-06,2016-10-01,433.5,64.8,0
PRD-06,2016-11-01,431,63.1,0
PRD-06,2016-12-01,406.2,59.4,0
PRD-06,2017-01-01,510.5,72.5,0
PRD-06,2017-02-01,426.4,59.2,0
PRD-06,2017-03-01,478.9,65.3,0
PRD-06,2017-04-01,444.9,60.9,0
PRD-06,2017-05-01,516.2,69.3,0
PRD-06,2017-06-01,432.8,58.6,0
PRD-06,2017-07-01,442.6,60.4,0
PRD-06,2017-08-01,435.9,59.2,0
PRD-06,2017-09-01,438.7,58.5,0
PRD-06,2017-10-01,393.8,53.8,0
PRD-06,2017-11-01,440.6,59.6,0
PRD-06,2017-12-01,422.3,57.5,0
PRD-06,2018-01-01,481.5,65.5,0
PRD-06,2018-02-01,389.1,53.2,0
PRD-06,2018-03-01,472.6,64.3,0
PRD-06,2018-04-01,555.2,75.6,0
PRD-06,2018-05-01,428.7,58.8,0
PRD-06,2018-06-01,451.7,62.1,0
PRD-06,2018-07-01,524,71.9,0
PRD-06,2018-08-01,475.2,65.5,0
PRD-06,2018-09-01,427.5,59.7,0
PRD-06,2018-10-01,467.7,65.8,0
PRD-06,2018-11-01,389.1,66.6,0
PRD-06,2018-12-01,402.5,74.5,0
PRD-06,2019-01-01,472.1,93,0
PRD-06,2019-02-01,419.7,80.6,0
PRD-06,2019-03-01,471.7,99.2,0
PRD-06,2019-04-01,457.5,90.8,0
PRD-06,2019-05-01,440,92.8,0
PRD-06,2019-06-01,25,5.1,0
PRD-06,2019-07-01,436.9,92.5,0
PRD-06,2019-08-01,395,83.9,0
PRD-06,2019-09-01,425.4,90.6,0
PRD-06,2019-10-01,444.5,119.9,0
PRD-06,2019-11-01,337.1,125,0
PRD-06,2019-12-01,405.5,154.2,0
PRD-06,2020-01-01,381.3,142.1,0
PRD-06,2020-02-01,378.3,148.8,0
PRD-06,2020-03-01,369.9,163.5,0
PRD-06,2020-04-01,376.4,187.9,0
PRD-06,2020-05-01,351.1,182.1,0
PRD-06,2020-06-01,341.5,221.6,0
PRD-06,2020-07-01,294.2,233.3,0
PRD-06,2020-08-01,288.8,244.6,0
PRD-06,2020-09-01,283.9,235.5,0
PRD-06,2020-10-01,267.1,228.3,0
PRD-06,2020-11-01,29.4,35.9,0
PRD-06,2020-12-01,190.5,311.1,0
PRD-06,2021-01-01,194.2,300.1,0
PRD-06,2021-02-01,181.2,298.3,0
PRD-06,2021-03-01,169.7,289,0
PRD-06,2021-04-01,192,331.4,0
PRD-06,2021-05-01,170,296.9,0
PRD-06,2021-06-01,176,311.4,0
PRD-06,2021-07-01,41.9,78.5,0
PRD-06,2021-08-01,70.2,126.4,0
PRD-06,2021-09-01,178.1,330.4,0
PRD-06,2021-10-01,204.7,378.4,0
PRD-06,2021-11-01,30.6,58.2,0
PRD-06,2021-12-01,173.4,350.2,0
PRD-06,2022-01-01,88.7,372.8,0
PRD-06,2022-02-01,86.1,398.6,0
PRD-06,2022-03-01,86.3,408.3,0
PRD-06,2022-04-01,80.5,393,0
PRD-06,2022-05-01,104.2,520.9,0
PRD-06,2022-06-01,83.3,435.2,0
PRD-06,2022-07-01,77.9,413.1,0
PRD-06,2022-08-01,76.2,413.9,0
PRD-06,2022-09-01,83,469.4,0
PRD-06,2022-10-01,79.6,453.3,0
PRD-06,2022-11-01,68.4,404,0
PRD-06,2022-12-01,68.5,416.2,0
PRD-06,2023-01-01,79.4,485.7,0
PRD-06,2023-02-01,67.4,420.9,0
PRD-06,2023-03-01,64.6,402.7,0
PRD-06,2023-04-01,68.4,457.3,0
PRD-06,2023-05-01,76.2,506.2,0
PRD-06,2023-06-01,65.3,448.6,0
PRD-06,2023-07-01,67.6,472.2,0
PRD-06,2023-08-01,70.3,501.7,0
PRD-06,2023-09-01,70.6,522.6,0
PRD-06,2023-10-01,61.1,461.2,0
PRD-06,2023-11-01,53.3,406.6,0
PRD-06,2023-12-01,55.2,438.3,0
PRD-06,2024-01-01,55.2,438.7,0
PRD-06,2024-02-01,54.3,436,0
PRD-06,2024-03-01,57,472.5,0
PRD-06,2024-04-01,53.2,448.7,0
PRD-06,2024-05-01,53,449.6,0
PRD-06,2024-06-01,52.2,452.1,0
PRD-06,2024-07-01,54.4,482.6,0
PRD-06,2024-08-01,50.3,452.3,0
PRD-06,2024-09-01,54.8,500,0
PRD-06,2024-10-01,52,486.3,0
PRD-06,2024-11-01,48.6,466.8,0
PRD-06,2024-12-01,49.1,475,0
PRD-06,2025-01-01,45.1,439.2,0
PRD-06,2025-02-01,47.6,471.3,0
PRD-06,2025-03-01,51.6,525.5,0
PRD-06,2025-04-01,44.6,459.4,0
PRD-06,2025-05-01,46.1,477,0
PRD-06,2025-06-01,46.5,491.9,0
PRD-06,2025-07-01,39.9,427.2,0
PRD-06,2025-08-01,4.3,46.8,0
PRD-06,2025-09-01,44.8,491.5,0
PRD-06,2025-10-01,50.9,569.9,0
PRD-06,2025-11-01,39.7,449.7,0
PRD-06,2025-12-01,37.3,432.3,0
PRD-06,2026-01-01,38.1,448.1,0
PRD-06,2026-02-01,37.4,438.5,0
PRD-06,2026-03-01,41.7,497.1,0
PRD-06,2026-04-01,42.7,516.3,0
PRD-06,2026-05-01,37.4,463.8,0
PRD-06,2026-06-01,35.9,451.3,0
PRD-06,2026-07-01,34.3,435.3,0
PRD-06,2026-08-01,38.6,497.4,0
PRD-07,2009-12-01,122.2,7.7,0
PRD-07,2010-01-01,124.2,7.9,0
PRD-07,2010-02-01,126.9,8.1,0
PRD-07,2010-03-01,120.8,7.8,0
PRD-07,2010-04-01,131.9,8.6,0
PRD-07,2010-05-01,132.4,8.7,0
PRD-07,2010-06-01,149.5,9.9,0
PRD-07,2010-07-01,135.3,9,0
PRD-07,2010-08-01,121.2,8.2,0
PRD-07,2010-09-01,122.4,8.3,0
PRD-07,2010-10-01,116.7,8,0
PRD-07,2010-11-01,125.1,8.6,0
PRD-07,2010-12-01,122.6,8.5,0
PRD-07,2011-01-01,127.6,8.9,0
PRD-07,2011-02-01,128.6,9.1,0
PRD-07,2011-03-01,109.7,7.8,0
PRD-07,2011-04-01,119.1,8.5,0
PRD-07,2011-05-01,113.9,8.2,0
PRD-07,2011-06-01,116.7,8.5,0
PRD-07,2011-07-01,114,8.4,0
PRD-07,2011-08-01,111.2,8.2,0
PRD-07,2011-09-01,105.8,7.9,0
PRD-07,2011-10-01,108.9,8.2,0
PRD-07,2011-11-01,113,8.5,0
PRD-07,2011-12-01,98.6,7.5,0
PRD-07,2012-01-01,93.4,7.2,0
PRD-07,2012-02-01,95.6,7.4,0
PRD-07,2012-03-01,93.1,7.2,0
PRD-07,2012-04-01,92.4,7.2,0
PRD-07,2012-05-01,93.4,8.5,0
PRD-07,2012-06-01,104.5,14.3,0
PRD-07,2012-07-01,88,17.3,0
PRD-07,2012-08-01,92.4,24.4,0
PRD-07,2012-09-01,92.4,32.4,0
PRD-07,2012-10-01,98.3,42.9,0
PRD-07,2012-11-01,108.5,43.9,0
PRD-07,2012-12-01,107.7,45.4,0
PRD-07,2013-01-01,136.5,54.7,0
PRD-07,2013-02-01,163.8,66.2,0
PRD-07,2013-03-01,137.7,55.7,0
PRD-07,2013-04-01,161.1,64.2,0
PRD-07,2013-05-01,160.3,62.5,0
PRD-07,2013-06-01,167.5,65.3,0
PRD-07,2013-07-01,161.8,58.7,0
PRD-07,2013-08-01,193.2,73.1,0
PRD-07,2013-09-01,187.2,67.7,0
PRD-07,2013-10-01,211.9,77,0
PRD-07,2013-11-01,210.6,72.3,0
PRD-07,2013-12-01,200.4,66.2,0
PRD-07,2014-01-01,244.9,81.1,0
PRD-07,2014-02-01,201.8,64.1,0
PRD-07,2014-03-01,249,75.2,0
PRD-07,2014-04-01,253.3,77.5,0
PRD-07,2014-05-01,251.3,71.2,0
PRD-07,2014-06-01,224.5,63.1,0
PRD-07,2014-07-01,244,68.1,0
PRD-07,2014-08-01,223.1,58.8,0
PRD-07,2014-09-01,245.5,63.2,0
PRD-07,2014-10-01,223.2,62.6,0
PRD-07,2014-11-01,240.8,78.6,0
PRD-07,2014-12-01,224.1,88,0
PRD-07,2015-01-01,228,107.7,0
PRD-07,2015-02-01,233.2,130,0
PRD-07,2015-03-01,291.6,170.5,0
PRD-07,2015-04-01,368.5,212.8,0
PRD-07,2015-05-01,356.9,194.2,0
PRD-07,2015-06-01,405.3,223.4,0
PRD-07,2015-07-01,413.7,224,0
PRD-07,2015-08-01,462.6,243.8,0
PRD-07,2015-09-01,494.9,268.1,0
PRD-07,2015-10-01,521.2,273.6,0
PRD-07,2015-11-01,490.1,252.2,0
PRD-07,2015-12-01,598.7,312.6,0
PRD-07,2016-01-01,566.7,292.8,0
PRD-07,2016-02-01,613.8,305.8,0
PRD-07,2016-03-01,609.4,294.6,0
PRD-07,2016-04-01,613.3,286.1,0
PRD-07,2016-05-01,589.4,289.3,0
PRD-07,2016-06-01,645.4,293.8,0
PRD-07,2016-07-01,701.5,315.9,0
PRD-07,2016-08-01,662.2,300.8,0
PRD-07,2016-09-01,739.5,315.8,0
PRD-07,2016-10-01,774.1,343.8,0
PRD-07,2016-11-01,774.9,354.5,0
PRD-07,2016-12-01,740.1,370.3,0
PRD-07,2017-01-01,677.2,336.1,0
PRD-07,2017-02-01,179.7,91.9,0
PRD-07,2017-03-01,733.9,369.6,0
PRD-07,2017-04-01,657.3,355.8,0
PRD-07,2017-05-01,825.9,429.4,0
PRD-07,2017-06-01,40.1,20.5,0
PRD-07,2017-07-01,713.1,378.3,0
PRD-07,2017-08-01,657.8,337.4,0
PRD-07,2017-09-01,844.4,434.2,0
PRD-07,2017-10-01,718.8,372.9,0
PRD-07,2017-11-01,664.7,340.1,0
PRD-07,2017-12-01,690.7,357,0
PRD-07,2018-01-01,163.1,84.8,0
PRD-07,2018-02-01,810.6,494.2,0
PRD-07,2018-03-01,672.3,418.8,0
PRD-07,2018-04-01,639.5,416.6,0
PRD-07,2018-05-01,692.3,449.5,0
PRD-07,2018-06-01,662,427.7,0
PRD-07,2018-07-01,615.1,412.7,0
PRD-07,2018-08-01,653.6,419.8,0
PRD-07,2018-09-01,651.2,449.2,0
PRD-07,2018-10-01,737.2,496.2,0
PRD-07,2018-11-01,681,476,0
PRD-07,2018-12-01,646.8,456.9,0
PRD-07,2019-01-01,623.9,454,0
PRD-07,2019-02-01,655.5,491.2,0
PRD-07,2019-03-01,692.2,534.1,0
PRD-07,2019-04-01,621.5,473.7,0
PRD-07,2019-05-01,553.6,525.7,0
PRD-07,2019-06-01,586.2,556,0
PRD-07,2019-07-01,557.6,534.3,0
PRD-07,2019-08-01,522.6,522.8,0
PRD-07,2019-09-01,624,622.4,0
PRD-07,2019-10-01,493.1,510.4,0
PRD-07,2019-11-01,527.1,612.4,0
PRD-07,2019-12-01,495.4,653.2,0
PRD-07,2020-01-01,459.9,609,0
PRD-07,2020-02-01,470.4,653.4,0
PRD-07,2020-03-01,499.8,712.8,0
PRD-07,2020-04-01,444,660,0
PRD-07,2020-05-01,449.8,723.1,0
PRD-07,2020-06-01,417.6,741.9,0
PRD-07,2020-07-01,434.1,857.7,0
PRD-07,2020-08-01,439.8,882.6,0
PRD-07,2020-09-01,370.8,735.1,0
PRD-07,2020-10-01,368.9,765.3,0
PRD-07,2020-11-01,298.8,752.6,0
PRD-07,2020-12-01,319.2,952.4,0
PRD-07,2021-01-01,320,914.6,0
PRD-07,2021-02-01,290.3,897.5,0
PRD-07,2021-03-01,253.9,799.5,0
PRD-07,2021-04-01,119.1,368.9,0
PRD-07,2021-05-01,282.7,916.5,0
PRD-07,2021-06-01,256.1,822.6,0
PRD-07,2021-07-01,253.5,857.9,0
PRD-07,2021-08-01,261.2,867.4,0
PRD-07,2021-09-01,232.5,772.8,0
PRD-07,2021-10-01,270.1,902.2,0
PRD-07,2021-11-01,244.1,844.6,0
PRD-07,2021-12-01,269.1,935.7,0
PRD-07,2022-01-01,179.4,984.1,0
PRD-07,2022-02-01,142.7,823.8,0
PRD-07,2022-03-01,159.4,923.3,0
PRD-07,2022-04-01,136.1,1009.5,0
PRD-07,2022-05-01,138.5,1056.2,0
PRD-07,2022-06-01,128.4,1008.1,0
PRD-07,2022-07-01,124.3,1003.2,0
PRD-07,2022-08-01,139.7,1130.8,0
PRD-07,2022-09-01,129,1071.8,0
PRD-07,2022-10-01,131.8,1124.7,0
PRD-07,2022-11-01,115.6,1018.7,0
PRD-07,2022-12-01,121.9,1085.4,0
PRD-07,2023-01-01,97.9,898.7,0
PRD-07,2023-02-01,111.2,1022.4,0
PRD-07,2023-03-01,116,1102.9,0
PRD-07,2023-04-01,115.1,1141.5,0
PRD-07,2023-05-01,115.8,1142.3,0
PRD-07,2023-06-01,106.1,1065.1,0
PRD-07,2023-07-01,106.6,1084.9,0
PRD-07,2023-08-01,89.3,938.3,0
PRD-07,2023-09-01,101.6,1085.1,0
PRD-07,2023-10-01,105.2,1179.8,0
PRD-07,2023-11-01,89.3,979.8,0
PRD-07,2023-12-01,93.6,1059.7,0
PRD-07,2024-01-01,88.7,1026.1,0
PRD-07,2024-02-01,94,1098.8,0
PRD-07,2024-03-01,96.3,1161.5,0
PRD-07,2024-04-01,85.8,1059.1,0
PRD-07,2024-05-01,85.4,1041.4,0
PRD-07,2024-06-01,82.1,1033.3,0
PRD-07,2024-07-01,86.1,1095.5,0
PRD-07,2024-08-01,77.2,979,0
PRD-07,2024-09-01,19.2,248,0
PRD-07,2024-10-01,84.6,1130.1,0
PRD-07,2024-11-01,81.8,1116.5,0
PRD-07,2024-12-01,77,1049,0
PRD-07,2025-01-01,77.3,1079.9,0
PRD-07,2025-02-01,22.2,310.1,0
PRD-07,2025-03-01,88.1,1265.2,0
PRD-07,2025-04-01,81.2,1177.5,0
PRD-07,2025-05-01,78.6,1151.9,0
PRD-07,2025-06-01,68.9,1021.8,0
PRD-07,2025-07-01,78.3,1193.6,0
PRD-07,2025-08-01,77,1179.3,0
PRD-07,2025-09-01,83.2,1289.7,0
PRD-07,2025-10-01,64.7,1024.8,0
PRD-07,2025-11-01,66.1,1045.2,0
PRD-07,2025-12-01,72.6,1159.5,0
PRD-07,2026-01-01,62.3,1031.1,0
PRD-07,2026-02-01,59.8,988.2,0
PRD-07,2026-03-01,70.4,1195.1,0
PRD-07,2026-04-01,67.2,1122.8,0
PRD-07,2026-05-01,59.4,1047.9,0
PRD-07,2026-06-01,65,1139.5,0
PRD-07,2026-07-01,58.8,1023,0
PRD-07,2026-08-01,63.5,1135.8,0
PRD-08,2009-06-01,149.1,8.9,0
PRD-08,2009-07-01,130.1,7.8,0
PRD-08,2009-08-01,151.6,9.2,0
PRD-08,2009-09-01,139.4,8.5,0
PRD-08,2009-10-01,138.8,8.6,0
PRD-08,2009-11-01,149.3,9.3,0
PRD-08,2009-12-01,144,9,0
PRD-08,2010-01-01,137.3,8.7,0
PRD-08,2010-02-01,124.9,8,0
PRD-08,2010-03-01,145,9.3,0
PRD-08,2010-04-01,140,9.1,0
PRD-08,2010-05-01,132,8.7,0
PRD-08,2010-06-01,142.4,9.4,0
PRD-08,2010-07-01,132.1,8.8,0
PRD-08,2010-08-01,125.9,8.5,0
PRD-08,2010-09-01,136.5,9.3,0
PRD-08,2010-10-01,134.9,9.2,0
PRD-08,2010-11-01,129.5,8.9,0
PRD-08,2010-12-01,121.4,8.4,0
PRD-08,2011-01-01,123.7,8.7,0
PRD-08,2011-02-01,116.5,8.2,0
PRD-08,2011-03-01,121.8,8.7,0
PRD-08,2011-04-01,113.7,8.1,0
PRD-08,2011-05-01,108.8,7.9,0
PRD-08,2011-06-01,100.3,7.3,0
PRD-08,2011-07-01,118.8,8.7,0
PRD-08,2011-08-01,111.4,8.2,0
PRD-08,2011-09-01,107.5,8,0
PRD-08,2011-10-01,108.3,8.1,0
PRD-08,2011-11-01,97.6,7.4,0
PRD-08,2011-12-01,116.1,8.8,0
PRD-08,2012-01-01,108.3,8.3,0
PRD-08,2012-02-01,106,8.2,0
PRD-08,2012-03-01,107,8.3,0
PRD-08,2012-04-01,115.6,9.1,0
PRD-08,2012-05-01,98.3,9.6,0
PRD-08,2012-06-01,91.6,16.3,0
PRD-08,2012-07-01,102.4,28.7,0
PRD-08,2012-08-01,96.3,38.9,0
PRD-08,2012-09-01,100.4,56.7,0
PRD-08,2012-10-01,6.3,3.8,0
PRD-08,2012-11-01,158.7,80.4,0
PRD-08,2012-12-01,172.5,80.5,0
PRD-08,2013-01-01,187.4,76.3,0
PRD-08,2013-02-01,220.7,83,0
PRD-08,2013-03-01,248.2,86.9,0
PRD-08,2013-04-01,276.9,88.8,0
PRD-08,2013-05-01,309.5,90.2,0
PRD-08,2013-06-01,322.3,88.4,0
PRD-08,2013-07-01,335.7,82.7,0
PRD-08,2013-08-01,379.5,92,0
PRD-08,2013-09-01,374.7,89.4,0
PRD-08,2013-10-01,420.3,101.4,0
PRD-08,2013-11-01,407.6,91.6,0
PRD-08,2013-12-01,467.5,99,0
PRD-08,2014-01-01,439.1,98.3,0
PRD-08,2014-02-01,544.4,109.1,0
PRD-08,2014-03-01,505.5,99.4,0
PRD-08,2014-04-01,512.5,101.7,0
PRD-08,2014-05-01,466.4,86.7,0
PRD-08,2014-06-01,501,90.8,0
PRD-08,2014-07-01,472.3,86.9,0
PRD-08,2014-08-01,489.3,86.3,0
PRD-08,2014-09-01,493,84.7,0
PRD-08,2014-10-01,485.9,84.8,0
PRD-08,2014-11-01,517.8,94.2,0
PRD-08,2014-12-01,557.6,110.5,0
PRD-08,2015-01-01,520.2,112.3,0
PRD-08,2015-02-01,575.9,144.5,0
PRD-08,2015-03-01,604,164.2,0
PRD-08,2015-04-01,522.8,149.2,0
PRD-08,2015-05-01,585.9,175.8,0
PRD-08,2015-06-01,585.2,190.6,0
PRD-08,2015-07-01,547.3,189.2,0
PRD-08,2015-08-01,601.7,206,0
PRD-08,2015-09-01,623.5,237.4,0
PRD-08,2015-10-01,566.4,217.6,0
PRD-08,2015-11-01,639.2,256.2,0
PRD-08,2015-12-01,683.2,290.6,0
PRD-08,2016-01-01,727.3,312.1,0
PRD-08,2016-02-01,660.2,286.8,0
PRD-08,2016-03-01,666.7,301.1,0
PRD-08,2016-04-01,676.4,298,0
PRD-08,2016-05-01,767.5,358,0
PRD-08,2016-06-01,607.5,280.1,0
PRD-08,2016-07-01,806,372.9,0
PRD-08,2016-08-01,729.6,346,0
PRD-08,2016-09-01,662.5,304.9,0
PRD-08,2016-10-01,677.1,322.8,0
PRD-08,2016-11-01,582.7,287.2,0
PRD-08,2016-12-01,649.5,355.8,0
PRD-08,2017-01-01,673,361.2,0
PRD-08,2017-02-01,661.5,367.1,0
PRD-08,2017-03-01,703.4,393.1,0
PRD-08,2017-04-01,762.9,429.5,0
PRD-08,2017-05-01,698,407.7,0
PRD-08,2017-06-01,781.6,416.8,0
PRD-08,2017-07-01,814.7,456.3,0
PRD-08,2017-08-01,726.5,405.8,0
PRD-08,2017-09-01,735.2,423.5,0
PRD-08,2017-10-01,664.3,376.6,0
PRD-08,2017-11-01,729,409.7,0
PRD-08,2017-12-01,691.3,393.2,0
PRD-08,2018-01-01,672.5,399,0
PRD-08,2018-02-01,554.8,452.2,0
PRD-08,2018-03-01,622.3,549.8,0
PRD-08,2018-04-01,525.4,471,0
PRD-08,2018-05-01,505.7,427.7,0
PRD-08,2018-06-01,560.4,502.8,0
PRD-08,2018-07-01,517.5,502.4,0
PRD-08,2018-08-01,596.1,572.2,0
PRD-08,2018-09-01,481.1,494.7,0
PRD-08,2018-10-01,522.3,535.2,0
PRD-08,2018-11-01,568.7,588,0
PRD-08,2018-12-01,452.3,618.1,0
PRD-08,2019-01-01,426.9,598.9,0
PRD-08,2019-02-01,389.5,563.5,0
PRD-08,2019-03-01,431.2,645.5,0
PRD-08,2019-04-01,380.2,569.6,0
PRD-08,2019-05-01,374.8,698.8,0
PRD-08,2019-06-01,352.5,681.4,0
PRD-08,2019-07-01,338.4,657.4,0
PRD-08,2019-08-01,363.1,737,0
PRD-08,2019-09-01,327.2,727.7,0
PRD-08,2019-10-01,295,668.9,0
PRD-08,2019-11-01,343.1,764.2,0
PRD-08,2019-12-01,273.5,706.5,0
PRD-08,2020-01-01,280,719.4,0
PRD-08,2020-02-01,308.6,822.4,0
PRD-08,2020-03-01,304.2,844.4,0
PRD-08,2020-04-01,276.1,750.7,0
PRD-08,2020-05-01,270.7,759.4,0
PRD-08,2020-06-01,279,825.4,0
PRD-08,2020-07-01,7.5,23.3,0
PRD-08,2020-08-01,245.7,717,0
PRD-08,2020-09-01,276.9,827.2,0
PRD-08,2020-10-01,264.4,794.3,0
PRD-08,2020-11-01,242.3,763.1,0
PRD-08,2020-12-01,247.8,892.1,0
PRD-08,2021-01-01,234.5,915.9,0
PRD-08,2021-02-01,215.4,862.1,0
PRD-08,2021-03-01,216.4,880.1,0
PRD-08,2021-04-01,219.5,887.8,0
PRD-08,2021-05-01,218.8,929.2,0
PRD-08,2021-06-01,187.3,776.5,0
PRD-08,2021-07-01,235,1021.7,0
PRD-08,2021-08-01,212.5,962.4,0
PRD-08,2021-09-01,208.6,901.8,0
PRD-08,2021-10-01,209.3,897.8,0
PRD-08,2021-11-01,195.3,898,0
PRD-08,2021-12-01,198.7,866.2,0
PRD-08,2022-01-01,193,903.8,0
PRD-08,2022-02-01,189.2,866.3,0
PRD-08,2022-03-01,216.2,1031.4,0
PRD-08,2022-04-01,165.6,955.7,0
PRD-08,2022-05-01,0.9,5.4,0
PRD-08,2022-06-01,137.9,857.4,0
PRD-08,2022-07-01,154,941.4,0
PRD-08,2022-08-01,154.9,931.5,0
PRD-08,2022-09-01,152.1,963.5,0
PRD-08,2022-10-01,135.5,882.4,0
PRD-08,2022-11-01,135.1,884.9,0
PRD-08,2022-12-01,147.9,962.8,0
PRD-08,2023-01-01,123.9,1040.7,0
PRD-08,2023-02-01,86.7,839.1,0
PRD-08,2023-03-01,104.2,1039.4,0
PRD-08,2023-04-01,103.7,1050.4,0
PRD-08,2023-05-01,99.1,1031.2,0
PRD-08,2023-06-01,93.1,978.2,0
PRD-08,2023-07-01,90.3,947.2,0
PRD-08,2023-08-01,86.4,938.2,0
PRD-08,2023-09-01,99.5,1088.3,0
PRD-08,2023-10-01,92.6,1067.4,0
PRD-08,2023-11-01,96.1,1071.6,0
PRD-08,2023-12-01,91.2,1060.4,0
PRD-08,2024-01-01,90.1,1068.1,0
PRD-08,2024-02-01,77.4,927.1,0
PRD-08,2024-03-01,86.2,1056.8,0
PRD-08,2024-04-01,84.6,1066.2,0
PRD-08,2024-05-01,81.3,1009.3,0
PRD-08,2024-06-01,86.7,1103.4,0
PRD-08,2024-07-01,76,983.5,0
PRD-08,2024-08-01,16.3,213.4,0
PRD-08,2024-09-01,83.6,1096.2,0
PRD-08,2024-10-01,86.5,1169.1,0
PRD-08,2024-11-01,66.9,915.3,0
PRD-08,2024-12-01,72.9,1005,0
PRD-08,2025-01-01,72.9,1033.5,0
PRD-08,2025-02-01,74.8,1058,0
PRD-08,2025-03-01,81.6,1184.1,0
PRD-08,2025-04-01,66.4,957.2,0
PRD-08,2025-05-01,65.3,963.7,0
PRD-08,2025-06-01,68.3,1031.8,0
PRD-08,2025-07-01,63.6,983.3,0
PRD-08,2025-08-01,70,1082.2,0
PRD-08,2025-09-01,61.7,962.2,0
PRD-08,2025-10-01,69,1094.7,0
PRD-08,2025-11-01,67.8,1085.3,0
PRD-08,2025-12-01,58.8,946.2,0
PRD-08,2026-01-01,60.5,1000.6,0
PRD-08,2026-02-01,61.3,1024.2,0
PRD-08,2026-03-01,67.5,1163.2,0
PRD-08,2026-04-01,57,955.7,0
PRD-08,2026-05-01,61,1066.4,0
PRD-08,2026-06-01,52.9,921.8,0
PRD-08,2026-07-01,57.4,1004,0
PRD-08,2026-08-01,55.4,993.8,0
PRD-09,2008-03-01,200.7,10.3,0
PRD-09,2008-04-01,210.1,10.9,0
PRD-09,2008-05-01,209.6,10.9,0
PRD-09,2008-06-01,224.3,11.8,0
PRD-09,2008-07-01,186.6,10,0
PRD-09,2008-08-01,63.6,3.4,0
PRD-09,2008-09-01,201.2,11,0
PRD-09,2008-10-01,187.2,10.3,0
PRD-09,2008-11-01,200,11.1,0
PRD-09,2008-12-01,206.4,11.6,0
PRD-09,2009-01-01,178.2,10.1,0
PRD-09,2009-02-01,185.2,10.6,0
PRD-09,2009-03-01,201.5,11.6,0
PRD-09,2009-04-01,180.6,10.5,0
PRD-09,2009-05-01,166.1,9.8,0
PRD-09,2009-06-01,157.7,9.4,0
PRD-09,2009-07-01,183,11,0
PRD-09,2009-08-01,160.4,9.7,0
PRD-09,2009-09-01,162.5,9.9,0
PRD-09,2009-10-01,166.5,10.3,0
PRD-09,2009-11-01,171.4,10.7,0
PRD-09,2009-12-01,170.7,10.7,0
PRD-09,2010-01-01,167.5,10.6,0
PRD-09,2010-02-01,169.7,10.8,0
PRD-09,2010-03-01,167.3,10.8,0
PRD-09,2010-04-01,143.2,9.3,0
PRD-09,2010-05-01,150.8,9.9,0
PRD-09,2010-06-01,181.5,12,0
PRD-09,2010-07-01,137.1,9.1,0
PRD-09,2010-08-01,159.7,10.7,0
PRD-09,2010-09-01,145.4,9.9,0
PRD-09,2010-10-01,144.9,9.9,0
PRD-09,2010-11-01,127.9,8.8,0
PRD-09,2010-12-01,142.3,9.9,0
PRD-09,2011-01-01,134.9,9.4,0
PRD-09,2011-02-01,141.3,10,0
PRD-09,2011-03-01,153.2,10.9,0
PRD-09,2011-04-01,149.9,10.7,0
PRD-09,2011-05-01,133.3,9.6,0
PRD-09,2011-06-01,133.3,9.7,0
PRD-09,2011-07-01,135.7,10,0
PRD-09,2011-08-01,43.5,3.2,0
PRD-09,2011-09-01,123.4,9.2,0
PRD-09,2011-10-01,115.9,8.7,0
PRD-09,2011-11-01,111.2,8.4,0
PRD-09,2011-12-01,118.6,9,0
PRD-09,2012-01-01,118.6,9.1,0
PRD-09,2012-02-01,124.9,9.6,0
PRD-09,2012-03-01,107.6,8.4,0
PRD-09,2012-04-01,120.1,9.4,0
PRD-09,2012-05-01,112.3,9.5,0
PRD-09,2012-06-01,107.1,12.6,0
PRD-09,2012-07-01,113,17.7,0
PRD-09,2012-08-01,97.8,20.5,0
PRD-09,2012-09-01,113.2,31.5,0
PRD-09,2012-10-01,112.3,32.4,0
PRD-09,2012-11-01,135.3,36.9,0
PRD-09,2012-12-01,166.2,43.1,0
PRD-09,2013-01-01,194.1,45.1,0
PRD-09,2013-02-01,184.3,38,0
PRD-09,2013-03-01,216.9,41.8,0
PRD-09,2013-04-01,240.5,39.8,0
PRD-09,2013-05-01,250.7,36.2,0
PRD-09,2013-06-01,57.3,6.9,0
PRD-09,2013-07-01,263.2,28.9,0
PRD-09,2013-08-01,303.5,30.9,0
PRD-09,2013-09-01,308,30.8,0
PRD-09,2013-10-01,289,29.6,0
PRD-09,2013-11-01,301.2,30.2,0
PRD-09,2013-12-01,290.6,28.3,0
PRD-09,2014-01-01,265.7,25.9,0
PRD-09,2014-02-01,338.5,32.5,0
PRD-09,2014-03-01,324.8,31.2,0
PRD-09,2014-04-01,335.6,31.5,0
PRD-09,2014-05-01,310.8,28.7,0
PRD-09,2014-06-01,343.8,31.9,0
PRD-09,2014-07-01,372.9,34.8,0
PRD-09,2014-08-01,361.8,34,0
PRD-09,2014-09-01,316.1,29.9,0
PRD-09,2014-10-01,342.6,33.3,0
PRD-09,2014-11-01,309,32.8,0
PRD-09,2014-12-01,371,41.8,0
PRD-09,2015-01-01,367.5,45.7,0
PRD-09,2015-02-01,391.3,55.2,0
PRD-09,2015-03-01,322.3,49.9,0
PRD-09,2015-04-01,370,60.8,0
PRD-09,2015-05-01,48.5,8.2,0
PRD-09,2015-06-01,391.7,71.1,0
PRD-09,2015-07-01,358.6,66.6,0
PRD-09,2015-08-01,358.4,65.4,0
PRD-09,2015-09-01,379.7,72.1,0
PRD-09,2015-10-01,421.1,83.2,0
PRD-09,2015-11-01,375.8,75.1,0
PRD-09,2015-12-01,444.3,91.7,0
PRD-09,2016-01-01,352.3,69.2,0
PRD-09,2016-02-01,462.4,95.2,0
PRD-09,2016-03-01,423.3,90.1,0
PRD-09,2016-04-01,354,70.7,0
PRD-09,2016-05-01,462.5,93,0
PRD-09,2016-06-01,413.6,85.9,0
PRD-09,2016-07-01,476.5,98.6,0
PRD-09,2016-08-01,458.5,95,0
PRD-09,2016-09-01,511.1,103.8,0
PRD-09,2016-10-01,447.5,89.8,0
PRD-09,2016-11-01,428,84.2,0
PRD-09,2016-12-01,423.6,85.4,0
PRD-09,2017-01-01,474.6,91.8,0
PRD-09,2017-02-01,432.4,85.1,0
PRD-09,2017-03-01,514.6,98.8,0
PRD-09,2017-04-01,443.6,85.1,0
PRD-09,2017-05-01,476.2,90.3,0
PRD-09,2017-06-01,504.7,95.3,0
PRD-09,2017-07-01,483.6,91.2,0
PRD-09,2017-08-01,483.8,95.9,0
PRD-09,2017-09-01,475.7,101.3,0
PRD-09,2017-10-01,543.9,120.9,0
PRD-09,2017-11-01,394.6,94.9,0
PRD-09,2017-12-01,442.2,113.4,0
PRD-09,2018-01-01,375.6,98.4,0
PRD-09,2018-02-01,398.6,168.3,0
PRD-09,2018-03-01,415.9,187,0
PRD-09,2018-04-01,439.5,191.5,0
PRD-09,2018-05-01,408.3,172.3,0
PRD-09,2018-06-01,483.8,210.5,0
PRD-09,2018-07-01,426.4,216.4,0
PRD-09,2018-08-01,483.9,240.1,0
PRD-09,2018-09-01,430.8,224.8,0
PRD-09,2018-10-01,447.1,234,0
PRD-09,2018-11-01,438.9,230.1,0
PRD-09,2018-12-01,392.1,303.3,0
PRD-09,2019-01-01,368.4,292.7,0
PRD-09,2019-02-01,391.7,304.5,0
PRD-09,2019-03-01,353.1,283.8,0
PRD-09,2019-04-01,413.2,323.2,0
PRD-09,2019-05-01,415.4,310.2,0
PRD-09,2019-06-01,375.3,289,0
PRD-09,2019-07-01,393.9,308.6,0
PRD-09,2019-08-01,351.8,283.9,0
PRD-09,2019-09-01,386.2,323.4,0
PRD-09,2019-10-01,375.9,324.1,0
PRD-09,2019-11-01,439.9,383.4,0
PRD-09,2019-12-01,404.9,345.4,0
PRD-09,2020-01-01,380.2,319,0
PRD-09,2020-02-01,438.1,371.7,0
PRD-09,2020-03-01,453.4,384.2,0
PRD-09,2020-04-01,386,323.3,0
PRD-09,2020-05-01,394.9,341.2,0
PRD-09,2020-06-01,352.3,308.6,0
PRD-09,2020-07-01,311.3,273.9,0
PRD-09,2020-08-01,351.3,304,0
PRD-09,2020-09-01,354,306.7,0
PRD-09,2020-10-01,438.4,363.4,0
PRD-09,2020-11-01,376.7,331.9,0
PRD-09,2020-12-01,381.2,384.1,0
PRD-09,2021-01-01,325.9,356.8,0
PRD-09,2021-02-01,412.7,468,0
PRD-09,2021-03-01,357.3,409.9,0
PRD-09,2021-04-01,291.8,341.3,0
PRD-09,2021-05-01,331.8,367.9,0
PRD-09,2021-06-01,366.6,418.2,0
PRD-09,2021-07-01,287,335.5,0
PRD-09,2021-08-01,330.5,392.4,0
PRD-09,2021-09-01,393,444.2,0
PRD-09,2021-10-01,354.2,389,0
PRD-09,2021-11-01,337.2,405.3,0
PRD-09,2021-12-01,316.2,374.4,0
PRD-09,2022-01-01,360.3,439.5,0
PRD-09,2022-02-01,327.5,387.6,0
PRD-09,2022-03-01,380.1,485.6,0
PRD-09,2022-04-01,341.2,461.9,0
PRD-09,2022-05-01,318.6,475.1,0
PRD-09,2022-06-01,339.4,508.5,0
PRD-09,2022-07-01,335.9,493.7,0
PRD-09,2022-08-01,410.2,550.1,0
PRD-09,2022-09-01,395.2,540.5,0
PRD-09,2022-10-01,483.8,645,0
PRD-09,2022-11-01,464.1,564.9,0
PRD-09,2022-12-01,417.4,512.7,0
PRD-09,2023-01-01,434.6,564.5,0
PRD-09,2023-02-01,328,547,0
PRD-09,2023-03-01,345,595.6,0
PRD-09,2023-04-01,362.5,615.1,0
PRD-09,2023-05-01,382.9,650.5,0
PRD-09,2023-06-01,399.2,636,0
PRD-09,2023-07-01,471.4,771,0
PRD-09,2023-08-01,396.3,628.5,0
PRD-09,2023-09-01,422.5,647.5,0
PRD-09,2023-10-01,439.2,652.6,0
PRD-09,2023-11-01,450.5,722.9,0
PRD-09,2023-12-01,425.9,622.9,0
PRD-09,2024-01-01,442.6,642.6,0
PRD-09,2024-02-01,400.9,582.3,0
PRD-09,2024-03-01,418.2,629.9,0
PRD-09,2024-04-01,453,654.7,0
PRD-09,2024-05-01,507.8,757.2,0
PRD-09,2024-06-01,515.5,770.9,0
PRD-09,2024-07-01,158.8,228.6,0
PRD-09,2024-08-01,403.7,556.1,0
PRD-09,2024-09-01,484.8,686.9,0
PRD-09,2024-10-01,509.2,725.9,0
PRD-09,2024-11-01,480,680.8,0
PRD-09,2024-12-01,445.9,631.7,0
PRD-09,2025-01-01,488.9,732.6,0
PRD-09,2025-02-01,461.7,667.8,0
PRD-09,2025-03-01,474.7,701.3,0
PRD-09,2025-04-01,407.3,626.9,0
PRD-09,2025-05-01,528.2,746.6,0
PRD-09,2025-06-01,420.3,632.3,0
PRD-09,2025-07-01,501.5,687.4,0
PRD-09,2025-08-01,510.8,718.8,0
PRD-09,2025-09-01,450.9,664.8,0
PRD-09,2025-10-01,463.9,650.4,0
PRD-09,2025-11-01,502.8,718.2,0
PRD-09,2025-12-01,462.4,650.1,0
PRD-09,2026-01-01,466.6,684.6,0
PRD-09,2026-02-01,448.2,648.3,0
PRD-09,2026-03-01,391.4,694.5,0
PRD-09,2026-04-01,393.6,764.2,0
PRD-09,2026-05-01,381,747,0
PRD-09,2026-06-01,388.7,776.1,0
PRD-09,2026-07-01,369,730.2,0
PRD-09,2026-08-01,387.3,765.7,0
PRD-10,2009-12-01,91.7,5.8,0
PRD-10,2010-01-01,96.7,6.1,0
PRD-10,2010-02-01,90.1,5.8,0
PRD-10,2010-03-01,92,5.9,0
PRD-10,2010-04-01,103.8,6.7,0
PRD-10,2010-05-01,85.7,5.6,0
PRD-10,2010-06-01,89.7,5.9,0
PRD-10,2010-07-01,101.2,6.7,0
PRD-10,2010-08-01,81.2,5.5,0
PRD-10,2010-09-01,82.8,5.6,0
PRD-10,2010-10-01,79.5,5.4,0
PRD-10,2010-11-01,76.3,5.3,0
PRD-10,2010-12-01,84.2,5.9,0
PRD-10,2011-01-01,72.4,5.1,0
PRD-10,2011-02-01,73.3,5.2,0
PRD-10,2011-03-01,78.4,5.6,0
PRD-10,2011-04-01,70.3,5,0
PRD-10,2011-05-01,72.1,5.2,0
PRD-10,2011-06-01,66.5,4.8,0
PRD-10,2011-07-01,72,5.3,0
PRD-10,2011-08-01,74.2,5.5,0
PRD-10,2011-09-01,65.8,4.9,0
PRD-10,2011-10-01,73.3,5.5,0
PRD-10,2011-11-01,71.6,5.4,0
PRD-10,2011-12-01,64.8,4.9,0
PRD-10,2012-01-01,64.6,5,0
PRD-10,2012-02-01,63,4.9,0
PRD-10,2012-03-01,69.6,5.4,0
PRD-10,2012-04-01,66.8,5.2,0
PRD-10,2012-05-01,3.8,0.3,0
PRD-10,2012-06-01,60.6,4.8,0
PRD-10,2012-07-01,61.6,4.9,0
PRD-10,2012-08-01,63.9,5.1,0
PRD-10,2012-09-01,61.7,5,0
PRD-10,2012-10-01,56.9,4.7,0
PRD-10,2012-11-01,50.4,4.1,0
PRD-10,2012-12-01,56.7,4.7,0
PRD-10,2013-01-01,64.4,5.4,0
PRD-10,2013-02-01,56.1,4.7,0
PRD-10,2013-03-01,7.5,0.6,0
PRD-10,2013-04-01,57.1,4.9,0
PRD-10,2013-05-01,55.9,4.8,0
PRD-10,2013-06-01,52.9,4.6,0
PRD-10,2013-07-01,59.7,5.2,0
PRD-10,2013-08-01,51.1,4.5,0
PRD-10,2013-09-01,54.6,4.8,0
PRD-10,2013-10-01,45.8,4,0
PRD-10,2013-11-01,54.7,4.9,0
PRD-10,2013-12-01,47,4.2,0
PRD-10,2014-01-01,48.6,4.4,0
PRD-10,2014-02-01,48.9,4.4,0
PRD-10,2014-03-01,49.6,4.5,0
PRD-10,2014-04-01,42.3,3.9,0
PRD-10,2014-05-01,47.4,4.4,0
PRD-10,2014-06-01,44.4,4.1,0
PRD-10,2014-07-01,42.9,4,0
PRD-10,2014-08-01,47.2,4.4,0
PRD-10,2014-09-01,45.2,4.3,0
PRD-10,2014-10-01,46.1,4.4,0
PRD-10,2014-11-01,47.6,4.6,0
PRD-10,2014-12-01,44.7,4.3,0
PRD-10,2015-01-01,38.2,3.7,0
PRD-10,2015-02-01,38.9,3.8,0
PRD-10,2015-03-01,40.5,4,0
PRD-10,2015-04-01,42,4.1,0
PRD-10,2015-05-01,38.5,3.8,0
PRD-10,2015-06-01,40.5,4,0
PRD-10,2015-07-01,34.6,3.5,0
PRD-10,2015-08-01,38.7,3.9,0
PRD-10,2015-09-01,34.9,3.5,0
PRD-10,2015-10-01,36.1,3.7,0
PRD-10,2015-11-01,40,4.1,0
PRD-10,2015-12-01,32.9,3.4,0
PRD-10,2016-01-01,33.1,3.4,0
PRD-10,2016-02-01,38.4,4,0
PRD-10,2016-03-01,33.9,3.5,0
PRD-10,2016-04-01,30,3.1,0
PRD-10,2016-05-01,33.1,3.5,0
PRD-10,2016-06-01,32.3,3.4,0
PRD-10,2016-07-01,35.2,3.8,0
PRD-10,2016-08-01,31.8,3.4,0
PRD-10,2016-09-01,35.7,3.9,0
PRD-10,2016-10-01,1.1,0.1,0
PRD-10,2016-11-01,33.2,3.6,0
PRD-10,2016-12-01,9.8,1.1,0
PRD-10,2017-01-01,29.2,3.2,0
PRD-10,2017-02-01,29.1,3.2,0
PRD-10,2017-03-01,27.1,3,0
PRD-10,2017-04-01,2.5,0.3,0
PRD-10,2017-05-01,27.9,3.1,0
PRD-10,2017-06-01,31.4,3.6,0
PRD-10,2017-07-01,26,4.3,0
PRD-10,2017-08-01,30.6,10.3,0
PRD-10,2017-09-01,26.9,14.5,0
PRD-10,2017-10-01,27.7,22,0
PRD-10,2017-11-01,29.6,31.8,0
PRD-10,2017-12-01,30.3,35.2,0
PRD-10,2018-01-01,38.9,39.4,0
PRD-10,2018-02-01,51.3,50.9,0
PRD-10,2018-03-01,71,61.4,0
PRD-10,2018-04-01,83.4,64.8,0
PRD-10,2018-05-01,91.2,67.1,0
PRD-10,2018-06-01,110.3,75,0
PRD-10,2018-07-01,121.5,80.2,0
PRD-10,2018-08-01,116.7,72.9,0
PRD-10,2018-09-01,138.2,83.5,0
PRD-10,2018-10-01,133.2,78.2,0
PRD-10,2018-11-01,154.4,87.2,0
PRD-10,2018-12-01,164.3,91.5,0
PRD-10,2019-01-01,155.8,81.7,0
PRD-10,2019-02-01,191.6,100.1,0
PRD-10,2019-03-01,191.7,94.8,0
PRD-10,2019-04-01,169.8,82.8,0
PRD-10,2019-05-01,162.1,77.3,0
PRD-10,2019-06-01,230.8,105.7,0
PRD-10,2019-07-01,186.2,83.1,0
PRD-10,2019-08-01,214.4,92.9,0
PRD-10,2019-09-01,28,11.6,0
PRD-10,2019-10-01,215.2,87.2,0
PRD-10,2019-11-01,197.3,78.6,0
PRD-10,2019-12-01,231.1,91.8,0
PRD-10,2020-01-01,223.6,85.5,0
PRD-10,2020-02-01,208.1,77.9,0
PRD-10,2020-03-01,206.4,75.7,0
PRD-10,2020-04-01,201.9,72.4,0
PRD-10,2020-05-01,224.8,79,0
PRD-10,2020-06-01,195.8,67.8,0
PRD-10,2020-07-01,219.4,73.9,0
PRD-10,2020-08-01,244.6,82.3,0
PRD-10,2020-09-01,217.6,71.4,0
PRD-10,2020-10-01,257.8,85.2,0
PRD-10,2020-11-01,199.9,65.3,0
PRD-10,2020-12-01,214.7,69.8,0
PRD-10,2021-01-01,287.8,93.9,0
PRD-10,2021-02-01,266.7,86.4,0
PRD-10,2021-03-01,221.5,70.4,0
PRD-10,2021-04-01,13.5,4.2,0
PRD-10,2021-05-01,229.8,73.1,0
PRD-10,2021-06-01,238.3,75.8,0
PRD-10,2021-07-01,189.9,60.4,0
PRD-10,2021-08-01,213.9,68.1,0
PRD-10,2021-09-01,208.8,67.2,0
PRD-10,2021-10-01,258.4,81.6,0
PRD-10,2021-11-01,246,78.4,0
PRD-10,2021-12-01,212.4,69.3,0
PRD-10,2022-01-01,260.5,88.8,0
PRD-10,2022-02-01,202.6,74.4,0
PRD-10,2022-03-01,232,93.5,0
PRD-10,2022-04-01,208.9,107.5,0
PRD-10,2022-05-01,232,146.3,0
PRD-10,2022-06-01,261.1,168,0
PRD-10,2022-07-01,234.1,151.8,0
PRD-10,2022-08-01,304.7,184.1,0
PRD-10,2022-09-01,262.3,156.3,0
PRD-10,2022-10-01,260.5,152.6,0
PRD-10,2022-11-01,354.2,196.2,0
PRD-10,2022-12-01,318.7,172.8,0
PRD-10,2023-01-01,401.8,209.7,0
PRD-10,2023-02-01,303.1,215.8,0
PRD-10,2023-03-01,321.1,255.3,0
PRD-10,2023-04-01,282.4,218,0
PRD-10,2023-05-01,350.6,264.9,0
PRD-10,2023-06-01,384.4,271.4,0
PRD-10,2023-07-01,346.8,257,0
PRD-10,2023-08-01,369.3,254.5,0
PRD-10,2023-09-01,394.2,268.9,0
PRD-10,2023-10-01,389,254.9,0
PRD-10,2023-11-01,382.9,253.4,0
PRD-10,2023-12-01,391.3,255.1,0
PRD-10,2024-01-01,358.9,225.2,0
PRD-10,2024-02-01,408.4,254.1,0
PRD-10,2024-03-01,396.5,247.6,0
PRD-10,2024-04-01,396.4,251.6,0
PRD-10,2024-05-01,358.3,222.5,0
PRD-10,2024-06-01,466.5,290.8,0
PRD-10,2024-07-01,407.1,244.4,0
PRD-10,2024-08-01,410.2,245.2,0
PRD-10,2024-09-01,418.3,244.5,0
PRD-10,2024-10-01,424.2,252.5,0
PRD-10,2024-11-01,464,272.1,0
PRD-10,2024-12-01,478.8,284.9,0
PRD-10,2025-01-01,403.9,248.3,0
PRD-10,2025-02-01,413.7,245.7,0
PRD-10,2025-03-01,427.3,251,0
PRD-10,2025-04-01,370.2,238.5,0
PRD-10,2025-05-01,452.1,264.7,0
PRD-10,2025-06-01,412.1,252,0
PRD-10,2025-07-01,198.6,112.9,0
PRD-10,2025-08-01,402.4,220.4,0
PRD-10,2025-09-01,439.5,258,0
PRD-10,2025-10-01,135,77.9,0
PRD-10,2025-11-01,470,271.7,0
PRD-10,2025-12-01,422.9,253.6,0
PRD-10,2026-01-01,444.6,262.8,0
PRD-10,2026-02-01,3.7,2.1,0
PRD-10,2026-03-01,382.1,315.7,0
PRD-10,2026-04-01,391.6,368.7,0
PRD-10,2026-05-01,336.1,307.9,0
PRD-10,2026-06-01,404.5,383.7,0
PRD-10,2026-07-01,343.8,330.9,0
PRD-10,2026-08-01,352.6,353.5,0
PRD-11,2009-11-01,65.8,4.1,0
PRD-11,2009-12-01,72.4,4.5,0
PRD-11,2010-01-01,76.2,4.8,0
PRD-11,2010-02-01,65.9,4.2,0
PRD-11,2010-03-01,63.7,4.1,0
PRD-11,2010-04-01,64.6,4.2,0
PRD-11,2010-05-01,63.2,4.1,0
PRD-11,2010-06-01,64.1,4.2,0
PRD-11,2010-07-01,58.9,3.9,0
PRD-11,2010-08-01,72.2,4.9,0
PRD-11,2010-09-01,61.1,4.1,0
PRD-11,2010-10-01,57.2,3.9,0
PRD-11,2010-11-01,60.4,4.2,0
PRD-11,2010-12-01,60.1,4.2,0
PRD-11,2011-01-01,62.5,4.4,0
PRD-11,2011-02-01,54,3.8,0
PRD-11,2011-03-01,51.3,3.6,0
PRD-11,2011-04-01,55.7,4,0
PRD-11,2011-05-01,49.2,3.6,0
PRD-11,2011-06-01,17.3,1.3,0
PRD-11,2011-07-01,49.2,3.6,0
PRD-11,2011-08-01,51.2,3.8,0
PRD-11,2011-09-01,50,3.7,0
PRD-11,2011-10-01,47.7,3.6,0
PRD-11,2011-11-01,49.3,3.7,0
PRD-11,2011-12-01,54.3,4.1,0
PRD-11,2012-01-01,52.6,4,0
PRD-11,2012-02-01,49.7,3.8,0
PRD-11,2012-03-01,45.9,3.6,0
PRD-11,2012-04-01,50,3.9,0
PRD-11,2012-05-01,45,3.5,0
PRD-11,2012-06-01,47.6,3.8,0
PRD-11,2012-07-01,43.4,3.5,0
PRD-11,2012-08-01,44.9,3.6,0
PRD-11,2012-09-01,45.2,3.7,0
PRD-11,2012-10-01,42.9,3.5,0
PRD-11,2012-11-01,45.5,3.7,0
PRD-11,2012-12-01,41.6,3.4,0
PRD-11,2013-01-01,39.9,3.3,0
PRD-11,2013-02-01,36.4,3.1,0
PRD-11,2013-03-01,40.8,3.4,0
PRD-11,2013-04-01,37,3.1,0
PRD-11,2013-05-01,47.8,4.1,0
PRD-11,2013-06-01,39.4,3.4,0
PRD-11,2013-07-01,35.8,3.1,0
PRD-11,2013-08-01,38.8,3.4,0
PRD-11,2013-09-01,36.6,3.2,0
PRD-11,2013-10-01,42,3.7,0
PRD-11,2013-11-01,34.7,3.1,0
PRD-11,2013-12-01,36.3,3.2,0
PRD-11,2014-01-01,36.3,3.3,0
PRD-11,2014-02-01,36.3,3.3,0
PRD-11,2014-03-01,34,3.1,0
PRD-11,2014-04-01,31.7,2.9,0
PRD-11,2014-05-01,32.3,3,0
PRD-11,2014-06-01,1.1,0.1,0
PRD-11,2014-07-01,32.6,3,0
PRD-11,2014-08-01,29.5,2.8,0
PRD-11,2014-09-01,1.7,0.2,0
PRD-11,2014-10-01,31.3,5.7,0
PRD-11,2014-11-01,29.8,10.3,0
PRD-11,2014-12-01,31.3,15.9,0
PRD-11,2015-01-01,29.8,23.2,0
PRD-11,2015-02-01,27.4,25.8,0
PRD-11,2015-03-01,45.8,34.7,0
PRD-11,2015-04-01,69.2,46.8,0
PRD-11,2015-05-01,79.1,44.9,0
PRD-11,2015-06-01,93.2,48.3,0
PRD-11,2015-07-01,99.4,47.3,0
PRD-11,2015-08-01,127.6,55.7,0
PRD-11,2015-09-01,136,56.1,0
PRD-11,2015-10-01,130.3,49.7,0
PRD-11,2015-11-01,165.6,59,0
PRD-11,2015-12-01,155.7,51.6,0
PRD-11,2016-01-01,186.9,56.6,0
PRD-11,2016-02-01,186.3,51.8,0
PRD-11,2016-03-01,177.1,45.7,0
PRD-11,2016-04-01,208.1,50.3,0
PRD-11,2016-05-01,198.2,43.8,0
PRD-11,2016-06-01,206.3,40.9,0
PRD-11,2016-07-01,220,41,0
PRD-11,2016-08-01,194.6,33.4,0
PRD-11,2016-09-01,225.2,37.7,0
PRD-11,2016-10-01,197.5,30.5,0
PRD-11,2016-11-01,206.6,31.8,0
PRD-11,2016-12-01,239.9,36.4,0
PRD-11,2017-01-01,211.3,31.3,0
PRD-11,2017-02-01,213.2,30.1,0
PRD-11,2017-03-01,206,28.3,0
PRD-11,2017-04-01,186.4,25.6,0
PRD-11,2017-05-01,218.4,30.3,0
PRD-11,2017-06-01,235.2,33.4,0
PRD-11,2017-07-01,216.4,36,0
PRD-11,2017-08-01,202.9,38.8,0
PRD-11,2017-09-01,224.3,47.9,0
PRD-11,2017-10-01,203.9,57.3,0
PRD-11,2017-11-01,249.6,76.3,0
PRD-11,2017-12-01,238.6,80.4,0
PRD-11,2018-01-01,241,80.2,0
PRD-11,2018-02-01,287.2,99.1,0
PRD-11,2018-03-01,320.3,108,0
PRD-11,2018-04-01,346.4,113.9,0
PRD-11,2018-05-01,312.2,110.4,0
PRD-11,2018-06-01,338.6,112.5,0
PRD-11,2018-07-01,352.3,125.5,0
PRD-11,2018-08-01,376.3,125.5,0
PRD-11,2018-09-01,387.1,126.3,0
PRD-11,2018-10-01,425.2,135.4,0
PRD-11,2018-11-01,384.3,132.4,0
PRD-11,2018-12-01,392.3,142.2,0
PRD-11,2019-01-01,365.6,133.1,0
PRD-11,2019-02-01,414.8,144.3,0
PRD-11,2019-03-01,423.1,153.3,0
PRD-11,2019-04-01,383.9,133.1,0
PRD-11,2019-05-01,372.5,130.2,0
PRD-11,2019-06-01,394.9,130.7,0
PRD-11,2019-07-01,451.2,149.8,0
PRD-11,2019-08-01,361.9,115.2,0
PRD-11,2019-09-01,413.8,131,0
PRD-11,2019-10-01,429.1,158.3,0
PRD-11,2019-11-01,400.5,187.9,0
PRD-11,2019-12-01,358.9,167.8,0
PRD-11,2020-01-01,420.9,191.2,0
PRD-11,2020-02-01,422.4,196.4,0
PRD-11,2020-03-01,425.2,202.5,0
PRD-11,2020-04-01,356.2,165.4,0
PRD-11,2020-05-01,431.9,201,0
PRD-11,2020-06-01,421.3,205.8,0
PRD-11,2020-07-01,364.9,169.5,0
PRD-11,2020-08-01,144.7,68.1,0
PRD-11,2020-09-01,46.7,21.8,0
PRD-11,2020-10-01,359,167.2,0
PRD-11,2020-11-01,326.3,212.3,0
PRD-11,2020-12-01,334.5,285.5,0
PRD-11,2021-01-01,297.2,256,0
PRD-11,2021-02-01,278.6,239,0
PRD-11,2021-03-01,364.2,299.1,0
PRD-11,2021-04-01,325.9,294.2,0
PRD-11,2021-05-01,279.1,243.6,0
PRD-11,2021-06-01,319.2,272.9,0
PRD-11,2021-07-01,320.7,279.1,0
PRD-11,2021-08-01,328.8,293.3,0
PRD-11,2021-09-01,305.9,278,0
PRD-11,2021-10-01,300.1,288.6,0
PRD-11,2021-11-01,303.6,299.1,0
PRD-11,2021-12-01,53.4,61.3,0
PRD-11,2022-01-01,326.2,353.9,0
PRD-11,2022-02-01,261.9,305.2,0
PRD-11,2022-03-01,259.8,307.8,0
PRD-11,2022-04-01,268.2,298.9,0
PRD-11,2022-05-01,239.1,279.3,0
PRD-11,2022-06-01,281.1,346.8,0
PRD-11,2022-07-01,244,315.6,0
PRD-11,2022-08-01,201.3,391.6,0
PRD-11,2022-09-01,187.8,392.9,0
PRD-11,2022-10-01,168.9,383.3,0
PRD-11,2022-11-01,166.2,376.3,0
PRD-11,2022-12-01,191.1,453.2,0
PRD-11,2023-01-01,174.3,380.1,0
PRD-11,2023-02-01,195.7,441.2,0
PRD-11,2023-03-01,171.8,378.5,0
PRD-11,2023-04-01,182.6,427.8,0
PRD-11,2023-05-01,171.5,434.2,0
PRD-11,2023-06-01,190.1,450.2,0
PRD-11,2023-07-01,187.4,466.3,0
PRD-11,2023-08-01,164.1,394.9,0
PRD-11,2023-09-01,174.6,425.8,0
PRD-11,2023-10-01,178.2,467.4,0
PRD-11,2023-11-01,184.3,449.4,0
PRD-11,2023-12-01,156.6,431.1,0
PRD-11,2024-01-01,160.8,413.5,0
PRD-11,2024-02-01,149.5,420.2,0
PRD-11,2024-03-01,161.2,459.1,0
PRD-11,2024-04-01,161.4,433.5,0
PRD-11,2024-05-01,125.1,434.9,0
PRD-11,2024-06-01,69.5,481,0
PRD-11,2024-07-01,71.9,527.6,0
PRD-11,2024-08-01,78.9,582.1,0
PRD-11,2024-09-01,79.9,606.8,0
PRD-11,2024-10-01,66.9,513.3,0
PRD-11,2024-11-01,73.2,587,0
PRD-11,2024-12-01,67.3,539.7,0
PRD-11,2025-01-01,70.2,590.5,0
PRD-11,2025-02-01,55.3,470.2,0
PRD-11,2025-03-01,73.1,635.4,0
PRD-11,2025-04-01,62.6,553.1,0
PRD-11,2025-05-01,53.5,480.7,0
PRD-11,2025-06-01,54.3,503.5,0
PRD-11,2025-07-01,60.5,573.7,0
PRD-11,2025-08-01,64.8,620.6,0
PRD-11,2025-09-01,62.4,614.3,0
PRD-11,2025-10-01,54.9,556.3,0
PRD-11,2025-11-01,53.1,554.3,0
PRD-11,2025-12-01,62.6,654,0
PRD-11,2026-01-01,44.6,479.3,0
PRD-11,2026-02-01,57.8,622.4,0
PRD-11,2026-03-01,49.6,542.8,0
PRD-11,2026-04-01,50.7,576.3,0
PRD-11,2026-05-01,53.6,608,0
PRD-11,2026-06-01,52.5,608.8,0
PRD-11,2026-07-01,0.4,4.9,0
PRD-11,2026-08-01,43.2,525.1,0
PRD-12,2009-05-01,140.5,8.3,0
PRD-12,2009-06-01,154.6,9.2,0
PRD-12,2009-07-01,142.2,8.5,0
PRD-12,2009-08-01,144.8,8.8,0
PRD-12,2009-09-01,145.5,8.9,0
PRD-12,2009-10-01,117.8,7.3,0
PRD-12,2009-11-01,142.4,8.9,0
PRD-12,2009-12-01,125.4,7.9,0
PRD-12,2010-01-01,141.8,9,0
PRD-12,2010-02-01,128.4,8.2,0
PRD-12,2010-03-01,145.3,9.4,0
PRD-12,2010-04-01,126.2,8.2,0
PRD-12,2010-05-01,130.9,8.6,0
PRD-12,2010-06-01,132,8.7,0
PRD-12,2010-07-01,123.4,8.2,0
PRD-12,2010-08-01,109,7.3,0
PRD-12,2010-09-01,139.8,9.5,0
PRD-12,2010-10-01,110.9,7.6,0
PRD-12,2010-11-01,117.2,8.1,0
PRD-12,2010-12-01,112.8,7.8,0
PRD-12,2011-01-01,115.5,8.1,0
PRD-12,2011-02-01,99.1,7,0
PRD-12,2011-03-01,104.9,7.5,0
PRD-12,2011-04-01,100.1,7.2,0
PRD-12,2011-05-01,108,7.8,0
PRD-12,2011-06-01,110.7,8.1,0
PRD-12,2011-07-01,107.5,7.9,0
PRD-12,2011-08-01,100.8,7.4,0
PRD-12,2011-09-01,106.3,7.9,0
PRD-12,2011-10-01,99.8,7.5,0
PRD-12,2011-11-01,107,8.1,0
PRD-12,2011-12-01,100.6,7.7,0
PRD-12,2012-01-01,104,8,0
PRD-12,2012-02-01,109.5,8.5,0
PRD-12,2012-03-01,101,7.9,0
PRD-12,2012-04-01,89.1,7,0
PRD-12,2012-05-01,99.2,9.1,0
PRD-12,2012-06-01,94.1,12.9,0
PRD-12,2012-07-01,81.6,16.1,0
PRD-12,2012-08-01,85.8,22.7,0
PRD-12,2012-09-01,88.6,31.2,0
PRD-12,2012-10-01,85.5,37.5,0
PRD-12,2012-11-01,113.7,46.2,0
PRD-12,2012-12-01,124.4,52.7,0
PRD-12,2013-01-01,135.1,54.3,0
PRD-12,2013-02-01,148.2,60.1,0
PRD-12,2013-03-01,146.8,59.5,0
PRD-12,2013-04-01,158.9,63.4,0
PRD-12,2013-05-01,171.9,67.2,0
PRD-12,2013-06-01,181.1,70.8,0
PRD-12,2013-07-01,187.5,68.2,0
PRD-12,2013-08-01,226.9,86,0
PRD-12,2013-09-01,216.5,78.5,0
PRD-12,2013-10-01,208.8,76,0
PRD-12,2013-11-01,208.9,71.8,0
PRD-12,2013-12-01,197.7,65.4,0
PRD-12,2014-01-01,241,80,0
PRD-12,2014-02-01,217.8,69.3,0
PRD-12,2014-03-01,244.9,74.1,0
PRD-12,2014-04-01,262.9,80.5,0
PRD-12,2014-05-01,252.2,71.5,0
PRD-12,2014-06-01,76.4,21.5,0
PRD-12,2014-07-01,258.9,72.4,0
PRD-12,2014-08-01,247.8,65.4,0
PRD-12,2014-09-01,247,65,0
PRD-12,2014-10-01,222.7,66.5,0
PRD-12,2014-11-01,208.6,73.7,0
PRD-12,2014-12-01,268.6,116.6,0
PRD-12,2015-01-01,224.4,116.9,0
PRD-12,2015-02-01,279.1,165.5,0
PRD-12,2015-03-01,289.5,175.7,0
PRD-12,2015-04-01,343.8,203.9,0
PRD-12,2015-05-01,366.9,212.3,0
PRD-12,2015-06-01,410.5,239.6,0
PRD-12,2015-07-01,492.3,284.1,0
PRD-12,2015-08-01,451.2,255.7,0
PRD-12,2015-09-01,472.7,263.5,0
PRD-12,2015-10-01,461.2,256.8,0
PRD-12,2015-11-01,543,307.3,0
PRD-12,2015-12-01,77.9,43.3,0
PRD-12,2016-01-01,602.9,333.2,0
PRD-12,2016-02-01,595.9,315.9,0
PRD-12,2016-03-01,547.2,283,0
PRD-12,2016-04-01,608.4,321.4,0
PRD-12,2016-05-01,601.8,314,0
PRD-12,2016-06-01,600.5,312,0
PRD-12,2016-07-01,701.8,358.9,0
PRD-12,2016-08-01,654,333.5,0
PRD-12,2016-09-01,604,304.4,0
PRD-12,2016-10-01,724.2,360.7,0
PRD-12,2016-11-01,714.1,352.5,0
PRD-12,2016-12-01,555.9,304.9,0
PRD-12,2017-01-01,600.6,326.2,0
PRD-12,2017-02-01,590.4,321.9,0
PRD-12,2017-03-01,794.2,431.4,0
PRD-12,2017-04-01,653.6,359.7,0
PRD-12,2017-05-01,640.9,347.7,0
PRD-12,2017-06-01,681,370.8,0
PRD-12,2017-07-01,650.1,384.8,0
PRD-12,2017-08-01,738,423.4,0
PRD-12,2017-09-01,644.3,364.8,0
PRD-12,2017-10-01,668.4,405,0
PRD-12,2017-11-01,636.4,389.8,0
PRD-12,2017-12-01,702.3,439.4,0
PRD-12,2018-01-01,77,46.2,0
PRD-12,2018-02-01,666.3,458,0
PRD-12,2018-03-01,710.5,495.4,0
PRD-12,2018-04-01,722,513.8,0
PRD-12,2018-05-01,778.5,549.7,0
PRD-12,2018-06-01,793.4,555.6,0
PRD-12,2018-07-01,598.4,429.8,0
PRD-12,2018-08-01,752.7,519,0
PRD-12,2018-09-01,268.7,188.4,0
PRD-12,2018-10-01,871.9,598.3,0
PRD-12,2018-11-01,800.5,564.1,0
PRD-12,2018-12-01,850.1,604.8,0
PRD-12,2019-01-01,877.2,630.5,0
PRD-12,2019-02-01,725.5,523.5,0
PRD-12,2019-03-01,924.4,668.1,0
PRD-12,2019-04-01,51.5,37.2,0
PRD-12,2019-05-01,791,684.2,0
PRD-12,2019-06-01,686.3,596,0
PRD-12,2019-07-01,736.1,631.4,0
PRD-12,2019-08-01,741.4,677.8,0
PRD-12,2019-09-01,703.8,647.3,0
PRD-12,2019-10-01,730.3,694.4,0
PRD-12,2019-11-01,637.9,655.1,0
PRD-12,2019-12-01,675.3,712.5,0
PRD-12,2020-01-01,239.2,249,0
PRD-12,2020-02-01,200.8,213.2,0
PRD-12,2020-03-01,666.7,706.9,0
PRD-12,2020-04-01,593.6,631.9,0
PRD-12,2020-05-01,680.4,723.2,0
PRD-12,2020-06-01,564,789.9,0
PRD-12,2020-07-01,510.9,884,0
PRD-12,2020-08-01,492.7,920.9,0
PRD-12,2020-09-01,534.2,983.5,0
PRD-12,2020-10-01,445,846.1,0
PRD-12,2020-11-01,457.3,969.5,0
PRD-12,2020-12-01,367.8,901.4,0
PRD-12,2021-01-01,400.8,997.7,0
PRD-12,2021-02-01,420.5,1076.3,0
PRD-12,2021-03-01,376.1,919.5,0
PRD-12,2021-04-01,410.6,1059.6,0
PRD-12,2021-05-01,420.3,1086.3,0
PRD-12,2021-06-01,405.7,1038.3,0
PRD-12,2021-07-01,411.9,1070.8,0
PRD-12,2021-08-01,394.2,1019.3,0
PRD-12,2021-09-01,348.1,938.7,0
PRD-12,2021-10-01,356.4,992.2,0
PRD-12,2021-11-01,412.8,1175.2,0
PRD-12,2021-12-01,351.5,1088.9,0
PRD-12,2022-01-01,373.7,1127.4,0
PRD-12,2022-02-01,350.2,1120.4,0
PRD-12,2022-03-01,346.4,1128,0
PRD-12,2022-04-01,344.8,1095.8,0
PRD-12,2022-05-01,336.3,1085.6,0
PRD-12,2022-06-01,50.2,165.3,0
PRD-12,2022-07-01,314.7,1105.7,0
PRD-12,2022-08-01,267.3,1142.6,0
PRD-12,2022-09-01,263,1190.1,0
PRD-12,2022-10-01,194.3,965.8,0
PRD-12,2022-11-01,271.7,1380.9,0
PRD-12,2022-12-01,236.1,1191.7,0
PRD-12,2023-01-01,253.3,1213.8,0
PRD-12,2023-02-01,231.7,1156.5,0
PRD-12,2023-03-01,243,1234.7,0
PRD-12,2023-04-01,218.7,1116.5,0
PRD-12,2023-05-01,219.3,1216.9,0
PRD-12,2023-06-01,201.9,1032.2,0
PRD-12,2023-07-01,213.6,1178.7,0
PRD-12,2023-08-01,30.7,165.9,0
PRD-12,2023-09-01,229.8,1236.1,0
PRD-12,2023-10-01,232.6,1336.8,0
PRD-12,2023-11-01,211.6,1131.5,0
PRD-12,2023-12-01,203.2,1160.9,0
PRD-12,2024-01-01,228.2,1277,0
PRD-12,2024-02-01,181.6,1119.6,0
PRD-12,2024-03-01,222.9,1369,0
PRD-12,2024-04-01,210.7,1237.3,0
PRD-12,2024-05-01,203.1,1398.5,0
PRD-12,2024-06-01,122.5,1334.3,0
PRD-12,2024-07-01,129.9,1491.1,0
PRD-12,2024-08-01,117.3,1331.4,0
PRD-12,2024-09-01,115,1335.7,0
PRD-12,2024-10-01,119,1402.4,0
PRD-12,2024-11-01,117.1,1428.5,0
PRD-12,2024-12-01,101.8,1225.5,0
PRD-12,2025-01-01,95.2,1211.1,0
PRD-12,2025-02-01,93.6,1204.4,0
PRD-12,2025-03-01,107.8,1383.7,0
PRD-12,2025-04-01,97.6,1295.6,0
PRD-12,2025-05-01,105.2,1410.9,0
PRD-12,2025-06-01,97.9,1332.4,0
PRD-12,2025-07-01,98.9,1397.6,0
PRD-12,2025-08-01,112.1,1571.5,0
PRD-12,2025-09-01,78.4,1142.4,0
PRD-12,2025-10-01,89.3,1315.7,0
PRD-12,2025-11-01,90.5,1367.7,0
PRD-12,2025-12-01,94.6,1414.3,0
PRD-12,2026-01-01,95.2,1465.3,0
PRD-12,2026-02-01,82.6,1277.7,0
PRD-12,2026-03-01,96.3,1518.2,0
PRD-12,2026-04-01,84.8,1400.6,0
PRD-12,2026-05-01,81.5,1322.9,0
PRD-12,2026-06-01,92.8,1537.9,0
PRD-12,2026-07-01,81.6,1367.2,0
PRD-12,2026-08-01,84,1461.2,0
PRD-13,2009-09-01,155.3,9.5,0
PRD-13,2009-10-01,148.1,9.1,0
PRD-13,2009-11-01,145,9,0
PRD-13,2009-12-01,153.1,9.6,0
PRD-13,2010-01-01,148.1,9.4,0
PRD-13,2010-02-01,138.1,8.8,0
PRD-13,2010-03-01,135.7,8.7,0
PRD-13,2010-04-01,134.4,8.7,0
PRD-13,2010-05-01,131.5,8.6,0
PRD-13,2010-06-01,156.7,10.4,0
PRD-13,2010-07-01,147.5,9.8,0
PRD-13,2010-08-01,126.3,8.5,0
PRD-13,2010-09-01,152.9,10.4,0
PRD-13,2010-10-01,122.8,8.4,0
PRD-13,2010-11-01,130.4,9,0
PRD-13,2010-12-01,118.4,8.2,0
PRD-13,2011-01-01,129.3,9.1,0
PRD-13,2011-02-01,108,7.6,0
PRD-13,2011-03-01,118.3,8.4,0
PRD-13,2011-04-01,120.6,8.6,0
PRD-13,2011-05-01,126.8,9.2,0
PRD-13,2011-06-01,125.4,9.1,0
PRD-13,2011-07-01,125.4,9.2,0
PRD-13,2011-08-01,100.7,7.4,0
PRD-13,2011-09-01,107,8,0
PRD-13,2011-10-01,113.7,8.5,0
PRD-13,2011-11-01,103.2,7.8,0
PRD-13,2011-12-01,96.9,7.4,0
PRD-13,2012-01-01,106.4,8.2,0
PRD-13,2012-02-01,97.7,7.5,0
PRD-13,2012-03-01,100.5,7.8,0
PRD-13,2012-04-01,28.1,2.2,0
PRD-13,2012-05-01,99.3,9.7,0
PRD-13,2012-06-01,97.3,17.2,0
PRD-13,2012-07-01,96.6,26.8,0
PRD-13,2012-08-01,82.7,33,0
PRD-13,2012-09-01,97,54.1,0
PRD-13,2012-10-01,116.5,70.1,0
PRD-13,2012-11-01,145.5,73.2,0
PRD-13,2012-12-01,180.5,83.7,0
PRD-13,2013-01-01,204,82.7,0
PRD-13,2013-02-01,240.7,90.2,0
PRD-13,2013-03-01,306,106.8,0
PRD-13,2013-04-01,302.8,96.9,0
PRD-13,2013-05-01,348.5,101.3,0
PRD-13,2013-06-01,339.9,93,0
PRD-13,2013-07-01,337.1,82.9,0
PRD-13,2013-08-01,327.4,79.2,0
PRD-13,2013-09-01,363.2,86.5,0
PRD-13,2013-10-01,429.4,103.4,0
PRD-13,2013-11-01,431,96.7,0
PRD-13,2013-12-01,399.8,84.6,0
PRD-13,2014-01-01,446.5,99.9,0
PRD-13,2014-02-01,473.3,94.7,0
PRD-13,2014-03-01,482.8,94.8,0
PRD-13,2014-04-01,459.3,91,0
PRD-13,2014-05-01,29,5.4,0
PRD-13,2014-06-01,479.7,86.8,0
PRD-13,2014-07-01,477.5,87.8,0
PRD-13,2014-08-01,551,97.2,0
PRD-13,2014-09-01,482.3,84.1,0
PRD-13,2014-10-01,535.8,101.3,0
PRD-13,2014-11-01,481.5,102.3,0
PRD-13,2014-12-01,579.5,146.4,0
PRD-13,2015-01-01,439.5,129.7,0
PRD-13,2015-02-01,685.6,231.5,0
PRD-13,2015-03-01,502.5,183,0
PRD-13,2015-04-01,542,203.2,0
PRD-13,2015-05-01,270,104,0
PRD-13,2015-06-01,765.8,307.7,0
PRD-13,2015-07-01,698.9,287.5,0
PRD-13,2015-08-01,781.6,314.9,0
PRD-13,2015-09-01,758.1,313.3,0
PRD-13,2015-10-01,744.6,308.1,0
PRD-13,2015-11-01,800.4,347.3,0
PRD-13,2015-12-01,899.4,388,0
PRD-13,2016-01-01,793.7,342.9,0
PRD-13,2016-02-01,830.2,349.3,0
PRD-13,2016-03-01,796.8,337.2,0
PRD-13,2016-04-01,862.5,374.7,0
PRD-13,2016-05-01,882.3,372.3,0
PRD-13,2016-06-01,800.4,346.3,0
PRD-13,2016-07-01,985.4,422.8,0
PRD-13,2016-08-01,1033.5,434,0
PRD-13,2016-09-01,1017.5,427.7,0
PRD-13,2016-10-01,1011.9,426.4,0
PRD-13,2016-11-01,1036.6,431.2,0
PRD-13,2016-12-01,977.1,449.5,0
PRD-13,2017-01-01,895,393.7,0
PRD-13,2017-02-01,1061.4,477,0
PRD-13,2017-03-01,991.3,450.1,0
PRD-13,2017-04-01,1053.3,463.2,0
PRD-13,2017-05-01,912.4,410.1,0
PRD-13,2017-06-01,1050.6,453,0
PRD-13,2017-07-01,958.2,444.8,0
PRD-13,2017-08-01,895.5,406,0
PRD-13,2017-09-01,229.6,103.1,0
PRD-13,2017-10-01,871.5,398.6,0
PRD-13,2017-11-01,991.5,450.1,0
PRD-13,2017-12-01,937.6,427.7,0
PRD-13,2018-01-01,868.3,397.9,0
PRD-13,2018-02-01,727.4,443.5,0
PRD-13,2018-03-01,852.3,555.4,0
PRD-13,2018-04-01,829.4,551.4,0
PRD-13,2018-05-01,759.4,482.1,0
PRD-13,2018-06-01,797.4,535,0
PRD-13,2018-07-01,722.9,522.8,0
PRD-13,2018-08-01,704,509.3,0
PRD-13,2018-09-01,798.5,600.7,0
PRD-13,2018-10-01,849.9,640.3,0
PRD-13,2018-11-01,721.6,548.4,0
PRD-13,2018-12-01,674.6,634.5,0
PRD-13,2019-01-01,746.2,712.9,0
PRD-13,2019-02-01,51.4,50.6,0
PRD-13,2019-03-01,101.8,101.6,0
PRD-13,2019-04-01,719.5,716.4,0
PRD-13,2019-05-01,547.8,662.4,0
PRD-13,2019-06-01,589.6,760.1,0
PRD-13,2019-07-01,621.1,831,0
PRD-13,2019-08-01,522.3,778.2,0
PRD-13,2019-09-01,564.8,838.5,0
PRD-13,2019-10-01,516.1,813.1,0
PRD-13,2019-11-01,456.8,830.3,0
PRD-13,2019-12-01,477.4,906.1,0
PRD-13,2020-01-01,469.6,895.6,0
PRD-13,2020-02-01,439.9,864.7,0
PRD-13,2020-03-01,428.4,831.5,0
PRD-13,2020-04-01,436,859.8,0
PRD-13,2020-05-01,521.8,1044.7,0
PRD-13,2020-06-01,361.8,996.8,0
PRD-13,2020-07-01,263.7,974,0
PRD-13,2020-08-01,270.7,1147.2,0
PRD-13,2020-09-01,251.9,1029.7,0
PRD-13,2020-10-01,249.3,1024.9,0
PRD-13,2020-11-01,257.2,1103.1,0
PRD-13,2020-12-01,288.5,1268.9,0
PRD-13,2021-01-01,251.3,1098.4,0
PRD-13,2021-02-01,27,124,0
PRD-13,2021-03-01,239.1,1113.3,0
PRD-13,2021-04-01,280.5,1282.8,0
PRD-13,2021-05-01,259.6,1202.4,0
PRD-13,2021-06-01,264,1276.1,0
PRD-13,2021-07-01,227.6,1110.2,0
PRD-13,2021-08-01,225,1142.1,0
PRD-13,2021-09-01,173.1,1024.1,0
PRD-13,2021-10-01,151.7,1135.4,0
PRD-13,2021-11-01,162.5,1257.1,0
PRD-13,2021-12-01,165.2,1289.2,0
PRD-13,2022-01-01,152.8,1218.1,0
PRD-13,2022-02-01,160.5,1326.3,0
PRD-13,2022-03-01,163.3,1381.5,0
PRD-13,2022-04-01,146,1258.3,0
PRD-13,2022-05-01,149.3,1292.7,0
PRD-13,2022-06-01,137.3,1220.5,0
PRD-13,2022-07-01,118.8,1087.9,0
PRD-13,2022-08-01,127.5,1174.9,0
PRD-13,2022-09-01,120.3,1130.4,0
PRD-13,2022-10-01,131.5,1274.7,0
PRD-13,2022-11-01,136,1367.9,0
PRD-13,2022-12-01,122,1224.3,0
PRD-13,2023-01-01,127.2,1300.1,0
PRD-13,2023-02-01,109.3,1139.2,0
PRD-13,2023-03-01,117.2,1247.6,0
PRD-13,2023-04-01,119.8,1296.8,0
PRD-13,2023-05-01,115.4,1270,0
PRD-13,2023-06-01,110.9,1236.3,0
PRD-13,2023-07-01,110.9,1264.7,0
PRD-13,2023-08-01,117.1,1361.9,0
PRD-13,2023-09-01,108.1,1276,0
PRD-13,2023-10-01,93.2,1122,0
PRD-13,2023-11-01,103.3,1259.6,0
PRD-13,2023-12-01,111.1,1364,0
PRD-13,2024-01-01,96.9,1217.4,0
PRD-13,2024-02-01,123,1582.1,0
PRD-13,2024-03-01,95.1,1242.6,0
PRD-13,2024-04-01,87.1,1143.2,0
PRD-13,2024-05-01,101.8,1346.6,0
PRD-13,2024-06-01,109.8,1477.7,0
PRD-13,2024-07-01,96.1,1338.7,0
PRD-13,2024-08-01,89.4,1254.5,0
PRD-13,2024-09-01,83.9,1191,0
PRD-13,2024-10-01,95.8,1376.4,0
PRD-13,2024-11-01,89.6,1306,0
PRD-13,2024-12-01,82.4,1215.8,0
PRD-13,2025-01-01,86,1284.9,0
PRD-13,2025-02-01,92.4,1414.4,0
PRD-13,2025-03-01,81.1,1240.6,0
PRD-13,2025-04-01,78.6,1222.6,0
PRD-13,2025-05-01,79,1243,0
PRD-13,2025-06-01,88,1399.9,0
PRD-13,2025-07-01,80.5,1311.5,0
PRD-13,2025-08-01,81.6,1337,0
PRD-13,2025-09-01,79,1318.6,0
PRD-13,2025-10-01,18.4,308,0
PRD-13,2025-11-01,71.1,1203,0
PRD-13,2025-12-01,79.7,1358.6,0
PRD-13,2026-01-01,74.6,1287.6,0
PRD-13,2026-02-01,72.3,1264.9,0
PRD-13,2026-03-01,74.1,1321,0
PRD-13,2026-04-01,76.2,1382.9,0
PRD-13,2026-05-01,82.4,1488,0
PRD-13,2026-06-01,62.2,1145.6,0
PRD-13,2026-07-01,74.1,1376.4,0
PRD-13,2026-08-01,69.5,1334.9,0
PRD-14,2010-02-01,164.5,10.5,0
PRD-14,2010-03-01,166.9,10.8,0
PRD-14,2010-04-01,170,11.1,0
PRD-14,2010-05-01,180.5,11.8,0
PRD-14,2010-06-01,158.1,10.4,0
PRD-14,2010-07-01,162.8,10.9,0
PRD-14,2010-08-01,153.3,10.3,0
PRD-14,2010-09-01,157.5,10.7,0
PRD-14,2010-10-01,151,10.3,0
PRD-14,2010-11-01,146.1,10.1,0
PRD-14,2010-12-01,151.5,10.5,0
PRD-14,2011-01-01,148.1,10.4,0
PRD-14,2011-02-01,142.4,10,0
PRD-14,2011-03-01,163.7,11.6,0
PRD-14,2011-04-01,126.1,9,0
PRD-14,2011-05-01,134.2,9.7,0
PRD-14,2011-06-01,150,10.9,0
PRD-14,2011-07-01,137,10,0
PRD-14,2011-08-01,122.2,9,0
PRD-14,2011-09-01,134.7,10,0
PRD-14,2011-10-01,126,9.4,0
PRD-14,2011-11-01,128.5,9.7,0
PRD-14,2011-12-01,129.4,9.8,0
PRD-14,2012-01-01,112.8,8.6,0
PRD-14,2012-02-01,135.2,10.4,0
PRD-14,2012-03-01,118.1,9.2,0
PRD-14,2012-04-01,145,11.4,0
PRD-14,2012-05-01,120.5,10.2,0
PRD-14,2012-06-01,118.7,13.7,0
PRD-14,2012-07-01,110.5,16.8,0
PRD-14,2012-08-01,117.2,23.7,0
PRD-14,2012-09-01,104.3,27.9,0
PRD-14,2012-10-01,116.8,32.4,0
PRD-14,2012-11-01,136.2,36,0
PRD-14,2012-12-01,173.5,43.8,0
PRD-14,2013-01-01,188.8,42.9,0
PRD-14,2013-02-01,220.3,44.5,0
PRD-14,2013-03-01,250.2,47.4,0
PRD-14,2013-04-01,246.3,40.2,0
PRD-14,2013-05-01,243.3,34.8,0
PRD-14,2013-06-01,254.6,30.6,0
PRD-14,2013-07-01,270.8,29.6,0
PRD-14,2013-08-01,291.2,29.6,0
PRD-14,2013-09-01,252.2,25.1,0
PRD-14,2013-10-01,283.7,29,0
PRD-14,2013-11-01,298.8,29.9,0
PRD-14,2013-12-01,343.8,33.5,0
PRD-14,2014-01-01,297.9,29,0
PRD-14,2014-02-01,360,34.5,0
PRD-14,2014-03-01,321.9,30.9,0
PRD-14,2014-04-01,361.2,33.9,0
PRD-14,2014-05-01,370.4,34.2,0
PRD-14,2014-06-01,323.2,30,0
PRD-14,2014-07-01,297.7,27.8,0
PRD-14,2014-08-01,304.8,28.6,0
PRD-14,2014-09-01,371.1,35.1,0
PRD-14,2014-10-01,329,33.6,0
PRD-14,2014-11-01,312.4,36.4,0
PRD-14,2014-12-01,360.2,49.2,0
PRD-14,2015-01-01,366.9,58.1,0
PRD-14,2015-02-01,360.8,64.6,0
PRD-14,2015-03-01,32.7,6.3,0
PRD-14,2015-04-01,372.2,77.3,0
PRD-14,2015-05-01,404.6,85.5,0
PRD-14,2015-06-01,395.1,87.8,0
PRD-14,2015-07-01,431.7,96.4,0
PRD-14,2015-08-01,489.6,105.6,0
PRD-14,2015-09-01,486.2,112.2,0
PRD-14,2015-10-01,406,90.9,0
PRD-14,2015-11-01,454,100,0
PRD-14,2015-12-01,503.1,112.9,0
PRD-14,2016-01-01,463.3,101.4,0
PRD-14,2016-02-01,543.3,121.6,0
PRD-14,2016-03-01,470.5,101.6,0
PRD-14,2016-04-01,475.3,104.5,0
PRD-14,2016-05-01,566.2,117.1,0
PRD-14,2016-06-01,535.1,110,0
PRD-14,2016-07-01,512.1,104.1,0
PRD-14,2016-08-01,505.6,96.2,0
PRD-14,2016-09-01,522,99.7,0
PRD-14,2016-10-01,521.6,101.6,0
PRD-14,2016-11-01,540.8,102.9,0
PRD-14,2016-12-01,506.8,93.5,0
PRD-14,2017-01-01,450.1,80.9,0
PRD-14,2017-02-01,504.6,92.8,0
PRD-14,2017-03-01,502.7,89.3,0
PRD-14,2017-04-01,606.7,105.9,0
PRD-14,2017-05-01,460.9,81.8,0
PRD-14,2017-06-01,545.7,91.1,0
PRD-14,2017-07-01,531.8,94.6,0
PRD-14,2017-08-01,545.7,98.9,0
PRD-14,2017-09-01,520.7,101.3,0
PRD-14,2017-10-01,501.1,102,0
PRD-14,2017-11-01,496.8,108.9,0
PRD-14,2017-12-01,591.3,137.8,0
PRD-14,2018-01-01,213.6,51.6,0
PRD-14,2018-02-01,485.1,184.5,0
PRD-14,2018-03-01,392.8,157.1,0
PRD-14,2018-04-01,571.2,224.8,0
PRD-14,2018-05-01,477.5,182.9,0
PRD-14,2018-06-01,509.5,201.6,0
PRD-14,2018-07-01,514.9,238.1,0
PRD-14,2018-08-01,513.5,233.6,0
PRD-14,2018-09-01,539.5,255.7,0
PRD-14,2018-10-01,521.6,250.7,0
PRD-14,2018-11-01,552,265,0
PRD-14,2018-12-01,454.2,312.1,0
PRD-14,2019-01-01,382.7,265.9,0
PRD-14,2019-02-01,504,349.3,0
PRD-14,2019-03-01,384.6,271.4,0
PRD-14,2019-04-01,452.1,312.3,0
PRD-14,2019-05-01,525,355.8,0
PRD-14,2019-06-01,480.4,362.9,0
PRD-14,2019-07-01,472.3,371.5,0
PRD-14,2019-08-01,432.5,350.9,0
PRD-14,2019-09-01,431.5,331.9,0
PRD-14,2019-10-01,403.5,344.7,0
PRD-14,2019-11-01,413,445.5,0
PRD-14,2019-12-01,411.4,435.1,0
PRD-14,2020-01-01,385,412.9,0
PRD-14,2020-02-01,414.5,445.7,0
PRD-14,2020-03-01,348.7,369.8,0
PRD-14,2020-04-01,384.5,415.4,0
PRD-14,2020-05-01,394,441.4,0
PRD-14,2020-06-01,432.7,487.5,0
PRD-14,2020-07-01,354.9,405.3,0
PRD-14,2020-08-01,337.2,389.3,0
PRD-14,2020-09-01,407.3,453.3,0
PRD-14,2020-10-01,380.5,412.4,0
PRD-14,2020-11-01,365.4,421,0
PRD-14,2020-12-01,331.8,387.6,0
PRD-14,2021-01-01,409.9,476.5,0
PRD-14,2021-02-01,401.9,483.2,0
PRD-14,2021-03-01,388.8,477.8,0
PRD-14,2021-04-01,367.3,443.9,0
PRD-14,2021-05-01,372,426.8,0
PRD-14,2021-06-01,365.8,434.6,0
PRD-14,2021-07-01,381,464.8,0
PRD-14,2021-08-01,355.7,445.8,0
PRD-14,2021-09-01,21.1,28.4,0
PRD-14,2021-10-01,323.4,518,0
PRD-14,2021-11-01,296,486.8,0
PRD-14,2021-12-01,278.1,494.3,0
PRD-14,2022-01-01,328.7,581.6,0
PRD-14,2022-02-01,343.1,588.1,0
PRD-14,2022-03-01,313.4,556.5,0
PRD-14,2022-04-01,294.9,571.1,0
PRD-14,2022-05-01,294.1,604.7,0
PRD-14,2022-06-01,299.9,640.5,0
PRD-14,2022-07-01,312.4,650.8,0
PRD-14,2022-08-01,341.1,659.2,0
PRD-14,2022-09-01,297.6,557.5,0
PRD-14,2022-10-01,19,36.3,0
PRD-14,2022-11-01,358.7,612.9,0
PRD-14,2022-12-01,367.9,638.2,0
PRD-14,2023-01-01,451.1,734.5,0
PRD-14,2023-02-01,403.6,751.8,0
PRD-14,2023-03-01,373.7,720.2,0
PRD-14,2023-04-01,381.6,736.7,0
PRD-14,2023-05-01,409.3,751.4,0
PRD-14,2023-06-01,382.8,658,0
PRD-14,2023-07-01,404.2,733.1,0
PRD-14,2023-08-01,416.9,761.3,0
PRD-14,2023-09-01,478.9,806.8,0
PRD-14,2023-10-01,480.9,786.2,0
PRD-14,2023-11-01,446.3,774.2,0
PRD-14,2023-12-01,424.1,682.4,0
PRD-14,2024-01-01,457.3,758.1,0
PRD-14,2024-02-01,438.5,713.4,0
PRD-14,2024-03-01,89.5,142.1,0
PRD-14,2024-04-01,460.1,745.7,0
PRD-14,2024-05-01,459.7,755.5,0
PRD-14,2024-06-01,428.1,676.5,0
PRD-14,2024-07-01,520.1,832.7,0
PRD-14,2024-08-01,494.6,752.5,0
PRD-14,2024-09-01,473.4,747.9,0
PRD-14,2024-10-01,472.9,766.9,0
PRD-14,2024-11-01,452.3,725.4,0
PRD-14,2024-12-01,520.4,805.6,0
PRD-14,2025-01-01,557.5,911.2,0
PRD-14,2025-02-01,484.2,746.6,0
PRD-14,2025-03-01,535.6,826.7,0
PRD-14,2025-04-01,507.1,838.3,0
PRD-14,2025-05-01,488.2,739.4,0
PRD-14,2025-06-01,476.6,740.7,0
PRD-14,2025-07-01,419.7,646.2,0
PRD-14,2025-08-01,456.6,714.7,0
PRD-14,2025-09-01,436.5,707.1,0
PRD-14,2025-10-01,413.7,640.8,0
PRD-14,2025-11-01,477.2,774.7,0
PRD-14,2025-12-01,485.3,735,0
PRD-14,2026-01-01,495.2,804.2,0
PRD-14,2026-02-01,471.5,739,0
PRD-14,2026-03-01,392.2,760.2,0
PRD-14,2026-04-01,349.3,748.6,0
PRD-14,2026-05-01,425.2,867.8,0
PRD-14,2026-06-01,326.4,685.3,0
PRD-14,2026-07-01,414.1,871.5,0
PRD-14,2026-08-01,348.6,756.2,0
PRD-15,2009-06-01,105.4,6.3,0
PRD-15,2009-07-01,8.9,0.5,0
PRD-15,2009-08-01,93.3,5.6,0
PRD-15,2009-09-01,104.3,6.4,0
PRD-15,2009-10-01,101.3,6.2,0
PRD-15,2009-11-01,101.5,6.3,0
PRD-15,2009-12-01,92.2,5.8,0
PRD-15,2010-01-01,18.1,1.1,0
PRD-15,2010-02-01,107.3,6.9,0
PRD-15,2010-03-01,81.5,5.3,0
PRD-15,2010-04-01,88,5.7,0
PRD-15,2010-05-01,87.8,5.8,0
PRD-15,2010-06-01,87.6,5.8,0
PRD-15,2010-07-01,82.4,5.5,0
PRD-15,2010-08-01,104.9,7.1,0
PRD-15,2010-09-01,79.8,5.4,0
PRD-15,2010-10-01,21.8,1.5,0
PRD-15,2010-11-01,87,6,0
PRD-15,2010-12-01,79,5.5,0
PRD-15,2011-01-01,70.7,5,0
PRD-15,2011-02-01,89.4,6.3,0
PRD-15,2011-03-01,74.9,5.3,0
PRD-15,2011-04-01,83.6,6,0
PRD-15,2011-05-01,73,5.3,0
PRD-15,2011-06-01,84.7,6.2,0
PRD-15,2011-07-01,83,6.1,0
PRD-15,2011-08-01,78.3,5.8,0
PRD-15,2011-09-01,71.7,5.3,0
PRD-15,2011-10-01,77,5.8,0
PRD-15,2011-11-01,68.5,5.2,0
PRD-15,2011-12-01,67,5.1,0
PRD-15,2012-01-01,71.3,5.5,0
PRD-15,2012-02-01,70.3,5.4,0
PRD-15,2012-03-01,71.5,5.6,0
PRD-15,2012-04-01,72.1,5.6,0
PRD-15,2012-05-01,62.8,5,0
PRD-15,2012-06-01,65.2,5.2,0
PRD-15,2012-07-01,64,5.1,0
PRD-15,2012-08-01,61.2,4.9,0
PRD-15,2012-09-01,58.6,4.8,0
PRD-15,2012-10-01,66.5,5.4,0
PRD-15,2012-11-01,67.7,5.6,0
PRD-15,2012-12-01,63.5,5.3,0
PRD-15,2013-01-01,57.6,4.8,0
PRD-15,2013-02-01,67.5,5.7,0
PRD-15,2013-03-01,60.9,5.1,0
PRD-15,2013-04-01,53.4,4.5,0
PRD-15,2013-05-01,63.1,5.4,0
PRD-15,2013-06-01,59.5,5.1,0
PRD-15,2013-07-01,58.9,5.1,0
PRD-15,2013-08-01,55.3,4.8,0
PRD-15,2013-09-01,52.3,4.6,0
PRD-15,2013-10-01,56.8,5,0
PRD-15,2013-11-01,13.3,1.2,0
PRD-15,2013-12-01,54.4,4.9,0
PRD-15,2014-01-01,46.5,4.2,0
PRD-15,2014-02-01,59.2,5.4,0
PRD-15,2014-03-01,54.1,4.9,0
PRD-15,2014-04-01,45.6,4.2,0
PRD-15,2014-05-01,46,4.2,0
PRD-15,2014-06-01,52.5,4.9,0
PRD-15,2014-07-01,48,4.5,0
PRD-15,2014-08-01,48.4,4.5,0
PRD-15,2014-09-01,46,4.3,0
PRD-15,2014-10-01,43.9,4.2,0
PRD-15,2014-11-01,46.5,4.4,0
PRD-15,2014-12-01,42.9,4.1,0
PRD-15,2015-01-01,44,4.3,0
PRD-15,2015-02-01,46.5,4.5,0
PRD-15,2015-03-01,42.2,4.1,0
PRD-15,2015-04-01,41.7,4.1,0
PRD-15,2015-05-01,43.7,4.3,0
PRD-15,2015-06-01,39.5,3.9,0
PRD-15,2015-07-01,46,4.6,0
PRD-15,2015-08-01,44.8,4.5,0
PRD-15,2015-09-01,39.7,4,0
PRD-15,2015-10-01,36.3,3.7,0
PRD-15,2015-11-01,0.7,0.1,0
PRD-15,2015-12-01,35.9,3.7,0
PRD-15,2016-01-01,37.3,3.9,0
PRD-15,2016-02-01,32.7,3.4,0
PRD-15,2016-03-01,38,4,0
PRD-15,2016-04-01,32.3,3.4,0
PRD-15,2016-05-01,33.6,3.6,0
PRD-15,2016-06-01,34,3.6,0
PRD-15,2016-07-01,34.9,3.7,0
PRD-15,2016-08-01,30.4,3.3,0
PRD-15,2016-09-01,30.7,3.3,0
PRD-15,2016-10-01,31.7,3.4,0
PRD-15,2016-11-01,32.3,3.5,0
PRD-15,2016-12-01,32.1,3.5,0
PRD-15,2017-01-01,32.2,3.5,0
PRD-15,2017-02-01,28.4,3.1,0
PRD-15,2017-03-01,31.3,3.5,0
PRD-15,2017-04-01,27.4,3.1,0
PRD-15,2017-05-01,28.9,3.2,0
PRD-15,2017-06-01,29.7,3.4,0
PRD-15,2017-07-01,29.4,4.8,0
PRD-15,2017-08-01,29.1,9.4,0
PRD-15,2017-09-01,30.9,15.9,0
PRD-15,2017-10-01,26.4,20,0
PRD-15,2017-11-01,28.3,28.8,0
PRD-15,2017-12-01,33.4,37.2,0
PRD-15,2018-01-01,44.6,43.7,0
PRD-15,2018-02-01,65.7,63.6,0
PRD-15,2018-03-01,12.3,10.5,0
PRD-15,2018-04-01,82.2,63,0
PRD-15,2018-05-01,101.1,73.5,0
PRD-15,2018-06-01,98.5,66.3,0
PRD-15,2018-07-01,113,73.9,0
PRD-15,2018-08-01,133.7,82.7,0
PRD-15,2018-09-01,134.1,80.3,0
PRD-15,2018-10-01,151.3,88.2,0
PRD-15,2018-11-01,142.5,79.9,0
PRD-15,2018-12-01,172.7,95.6,0
PRD-15,2019-01-01,142.5,74.3,0
PRD-15,2019-02-01,172,89.4,0
PRD-15,2019-03-01,164.4,80.8,0
PRD-15,2019-04-01,172.7,83.8,0
PRD-15,2019-05-01,214.1,101.5,0
PRD-15,2019-06-01,197.9,90.2,0
PRD-15,2019-07-01,200.8,89.3,0
PRD-15,2019-08-01,185.4,80,0
PRD-15,2019-09-01,185.6,76.7,0
PRD-15,2019-10-01,219.6,88.7,0
PRD-15,2019-11-01,192.5,76.4,0
PRD-15,2019-12-01,243.8,96.5,0
PRD-15,2020-01-01,217.1,82.7,0
PRD-15,2020-02-01,217.5,81.2,0
PRD-15,2020-03-01,244.1,89.3,0
PRD-15,2020-04-01,229.9,82.2,0
PRD-15,2020-05-01,258,90.4,0
PRD-15,2020-06-01,61.5,21.2,0
PRD-15,2020-07-01,219.4,73.7,0
PRD-15,2020-08-01,215.2,72.2,0
PRD-15,2020-09-01,211.8,69.3,0
PRD-15,2020-10-01,231.5,76.3,0
PRD-15,2020-11-01,200.9,65.5,0
PRD-15,2020-12-01,221.2,71.7,0
PRD-15,2021-01-01,240.8,78.4,0
PRD-15,2021-02-01,219.9,71.1,0
PRD-15,2021-03-01,213.4,67.7,0
PRD-15,2021-04-01,263.3,82.2,0
PRD-15,2021-05-01,235.4,74.7,0
PRD-15,2021-06-01,251,79.6,0
PRD-15,2021-07-01,209,66.4,0
PRD-15,2021-08-01,257.5,81.8,0
PRD-15,2021-09-01,227.7,73.1,0
PRD-15,2021-10-01,241.1,76.1,0
PRD-15,2021-11-01,225.1,71.6,0
PRD-15,2021-12-01,217.5,70.2,0
PRD-15,2022-01-01,218.9,74.1,0
PRD-15,2022-02-01,234.5,86,0
PRD-15,2022-03-01,231.8,91.6,0
PRD-15,2022-04-01,208.6,109.2,0
PRD-15,2022-05-01,206.8,131.8,0
PRD-15,2022-06-01,194.7,130,0
PRD-15,2022-07-01,240.3,161.8,0
PRD-15,2022-08-01,250.8,151.7,0
PRD-15,2022-09-01,271.2,162.3,0
PRD-15,2022-10-01,244.3,145.2,0
PRD-15,2022-11-01,345.5,197.8,0
PRD-15,2022-12-01,309.4,172.5,0
PRD-15,2023-01-01,397.2,216.2,0
PRD-15,2023-02-01,346.1,255.1,0
PRD-15,2023-03-01,310.4,255.8,0
PRD-15,2023-04-01,279.8,221.5,0
PRD-15,2023-05-01,327.3,244.8,0
PRD-15,2023-06-01,350.9,244.3,0
PRD-15,2023-07-01,353.2,265.2,0
PRD-15,2023-08-01,391.4,278.8,0
PRD-15,2023-09-01,432.9,300.1,0
PRD-15,2023-10-01,380.7,250.7,0
PRD-15,2023-11-01,373.9,242.7,0
PRD-15,2023-12-01,418.1,270,0
PRD-15,2024-01-01,365.1,235.5,0
PRD-15,2024-02-01,428.6,269.3,0
PRD-15,2024-03-01,429.1,262.2,0
PRD-15,2024-04-01,404.9,255.7,0
PRD-15,2024-05-01,388.9,242.4,0
PRD-15,2024-06-01,150.7,90.7,0
PRD-15,2024-07-01,470.8,279.8,0
PRD-15,2024-08-01,496,292.4,0
PRD-15,2024-09-01,383.9,226.9,0
PRD-15,2024-10-01,409.2,249.2,0
PRD-15,2024-11-01,391.3,231.3,0
PRD-15,2024-12-01,7.8,4.5,0
PRD-15,2025-01-01,483.7,289.4,0
PRD-15,2025-02-01,429.7,247.4,0
PRD-15,2025-03-01,457.6,254.9,0
PRD-15,2025-04-01,477.3,294.5,0
PRD-15,2025-05-01,437.7,247.2,0
PRD-15,2025-06-01,464.6,264.9,0
PRD-15,2025-07-01,486,276.6,0
PRD-15,2025-08-01,452.8,248.8,0
PRD-15,2025-09-01,390.3,230.5,0
PRD-15,2025-10-01,417,242.1,0
PRD-15,2025-11-01,457.1,268.1,0
PRD-15,2025-12-01,9.8,5.6,0
PRD-15,2026-01-01,406,241.7,0
PRD-15,2026-02-01,472.9,270.6,0
PRD-15,2026-03-01,413.4,341.7,0
PRD-15,2026-04-01,360.4,342.3,0
PRD-15,2026-05-01,387.8,337.9,0
PRD-15,2026-06-01,370.8,339.5,0
PRD-15,2026-07-01,342.2,321.6,0
PRD-15,2026-08-01,382.2,382.5,0
PRD-16,2008-06-01,102.4,5.4,0
PRD-16,2008-07-01,102.6,5.5,0
PRD-16,2008-08-01,99.5,5.4,0
PRD-16,2008-09-01,90.3,4.9,0
PRD-16,2008-10-01,94,5.2,0
PRD-16,2008-11-01,85.3,4.7,0
PRD-16,2008-12-01,85,4.8,0
PRD-16,2009-01-01,74,4.2,0
PRD-16,2009-02-01,95.4,5.5,0
PRD-16,2009-03-01,80.9,4.7,0
PRD-16,2009-04-01,78,4.6,0
PRD-16,2009-05-01,85.6,5,0
PRD-16,2009-06-01,76.1,4.5,0
PRD-16,2009-07-01,83.6,5,0
PRD-16,2009-08-01,82.7,5,0
PRD-16,2009-09-01,72,4.4,0
PRD-16,2009-10-01,82.9,5.1,0
PRD-16,2009-11-01,71.6,4.5,0
PRD-16,2009-12-01,69.7,4.4,0
PRD-16,2010-01-01,1,0.1,0
PRD-16,2010-02-01,66.3,4.2,0
PRD-16,2010-03-01,74.9,4.8,0
PRD-16,2010-04-01,69.2,4.5,0
PRD-16,2010-05-01,73.3,4.8,0
PRD-16,2010-06-01,66,4.4,0
PRD-16,2010-07-01,64.9,4.3,0
PRD-16,2010-08-01,77.7,5.2,0
PRD-16,2010-09-01,63.3,4.3,0
PRD-16,2010-10-01,70.6,4.8,0
PRD-16,2010-11-01,58.4,4,0
PRD-16,2010-12-01,63.6,4.4,0
PRD-16,2011-01-01,58.3,4.1,0
PRD-16,2011-02-01,59.4,4.2,0
PRD-16,2011-03-01,69.7,5,0
PRD-16,2011-04-01,60.9,4.4,0
PRD-16,2011-05-01,65.4,4.7,0
PRD-16,2011-06-01,64.6,4.7,0
PRD-16,2011-07-01,68.2,5,0
PRD-16,2011-08-01,56.9,4.2,0
PRD-16,2011-09-01,62.2,4.6,0
PRD-16,2011-10-01,55.8,4.2,0
PRD-16,2011-11-01,49.8,3.8,0
PRD-16,2011-12-01,54.6,4.2,0
PRD-16,2012-01-01,55.1,4.2,0
PRD-16,2012-02-01,59,4.6,0
PRD-16,2012-03-01,51.1,4,0
PRD-16,2012-04-01,58.3,4.6,0
PRD-16,2012-05-01,9.8,0.8,0
PRD-16,2012-06-01,49.4,3.9,0
PRD-16,2012-07-01,4.5,0.4,0
PRD-16,2012-08-01,49.7,4,0
PRD-16,2012-09-01,46.3,3.8,0
PRD-16,2012-10-01,45.3,3.7,0
PRD-16,2012-11-01,48,3.9,0
PRD-16,2012-12-01,45.4,3.8,0
PRD-16,2013-01-01,41.7,3.5,0
PRD-16,2013-02-01,51.2,4.3,0
PRD-16,2013-03-01,41.2,3.5,0
PRD-16,2013-04-01,46.6,4,0
PRD-16,2013-05-01,42.9,3.7,0
PRD-16,2013-06-01,47.4,4.1,0
PRD-16,2013-07-01,44.3,3.8,0
PRD-16,2013-08-01,40.6,3.5,0
PRD-16,2013-09-01,46.2,4.1,0
PRD-16,2013-10-01,40,3.5,0
PRD-16,2013-11-01,42.6,3.8,0
PRD-16,2013-12-01,44.6,4,0
PRD-16,2014-01-01,42.4,3.8,0
PRD-16,2014-02-01,42.2,3.8,0
PRD-16,2014-03-01,35.9,3.3,0
PRD-16,2014-04-01,40.1,3.7,0
PRD-16,2014-05-01,34.4,3.2,0
PRD-16,2014-06-01,36.5,3.4,0
PRD-16,2014-07-01,40.1,3.7,0
PRD-16,2014-08-01,34.4,3.2,0
PRD-16,2014-09-01,36.8,3.5,0
PRD-16,2014-10-01,35,3.3,0
PRD-16,2014-11-01,31.2,3,0
PRD-16,2014-12-01,32.1,3.1,0
PRD-16,2015-01-01,36.2,3.5,0
PRD-16,2015-02-01,33.5,3.3,0
PRD-16,2015-03-01,33.4,3.3,0
PRD-16,2015-04-01,33.3,3.3,0
PRD-16,2015-05-01,31.2,3.1,0
PRD-16,2015-06-01,31.4,3.1,0
PRD-16,2015-07-01,29.8,3,0
PRD-16,2015-08-01,30.9,3.1,0
PRD-16,2015-09-01,32,3.2,0
PRD-16,2015-10-01,29.4,3,0
PRD-16,2015-11-01,26.7,2.7,0
PRD-16,2015-12-01,32.1,3.3,0
PRD-16,2016-01-01,23.8,2.5,0
PRD-16,2016-02-01,27.9,2.9,0
PRD-16,2016-03-01,28.7,3,0
PRD-16,2016-04-01,27.6,2.9,0
PRD-16,2016-05-01,23.4,2.5,0
PRD-16,2016-06-01,29,3.1,0
PRD-16,2016-07-01,25.7,2.7,0
PRD-16,2016-08-01,22.1,2.4,0
PRD-16,2016-09-01,31.4,3.4,0
PRD-16,2016-10-01,9.1,1,0
PRD-16,2016-11-01,25.1,2.7,0
PRD-16,2016-12-01,23.3,2.5,0
PRD-16,2017-01-01,23.2,2.6,0
PRD-16,2017-02-01,22.9,2.5,0
PRD-16,2017-03-01,22.4,2.5,0
PRD-16,2017-04-01,27.4,3.1,0
PRD-16,2017-05-01,25.2,2.8,0
PRD-16,2017-06-01,23.6,3.7,0
PRD-16,2017-07-01,20.6,9.7,0
PRD-16,2017-08-01,21.6,23.3,0
PRD-16,2017-09-01,21.3,36.1,0
PRD-16,2017-10-01,23.9,61.9,0
PRD-16,2017-11-01,24.3,69.9,0
PRD-16,2017-12-01,51.6,82.6,0
PRD-16,2018-01-01,92.6,98.3,0
PRD-16,2018-02-01,7.3,6.2,0
PRD-16,2018-03-01,167.5,125.3,0
PRD-16,2018-04-01,212.9,141.9,0
PRD-16,2018-05-01,242.5,149,0
PRD-16,2018-06-01,293.7,164.9,0
PRD-16,2018-07-01,356.9,190.5,0
PRD-16,2018-08-01,392.9,194.4,0
PRD-16,2018-09-01,16.5,7.6,0
PRD-16,2018-10-01,370.9,161.1,0
PRD-16,2018-11-01,430.7,172.6,0
PRD-16,2018-12-01,424.1,161,0
PRD-16,2019-01-01,481.2,172.3,0
PRD-16,2019-02-01,452.6,152.1,0
PRD-16,2019-03-01,442.4,139.7,0
PRD-16,2019-04-01,448.6,134.6,0
PRD-16,2019-05-01,496.2,144.5,0
PRD-16,2019-06-01,490.9,133.6,0
PRD-16,2019-07-01,49.4,13.1,0
PRD-16,2019-08-01,515.1,131.4,0
PRD-16,2019-09-01,575,143.1,0
PRD-16,2019-10-01,635.7,152.6,0
PRD-16,2019-11-01,586.4,138,0
PRD-16,2019-12-01,539.1,119.8,0
PRD-16,2020-01-01,532.4,118.8,0
PRD-16,2020-02-01,519.5,114,0
PRD-16,2020-03-01,538.5,114,0
PRD-16,2020-04-01,545.4,112,0
PRD-16,2020-05-01,544.5,114.6,0
PRD-16,2020-06-01,524.3,108.6,0
PRD-16,2020-07-01,561.4,113,0
PRD-16,2020-08-01,577.7,116.3,0
PRD-16,2020-09-01,497.8,100.2,0
PRD-16,2020-10-01,498.6,102.3,0
PRD-16,2020-11-01,518.8,103.9,0
PRD-16,2020-12-01,522.9,107.4,0
PRD-16,2021-01-01,552.1,111.7,0
PRD-16,2021-02-01,514.7,106.5,0
PRD-16,2021-03-01,576.6,121.8,0
PRD-16,2021-04-01,440.8,92.8,0
PRD-16,2021-05-01,553.8,116.7,0
PRD-16,2021-06-01,545.5,112.7,0
PRD-16,2021-07-01,527.8,109.9,0
PRD-16,2021-08-01,554.4,117.7,0
PRD-16,2021-09-01,582.2,122.4,0
PRD-16,2021-10-01,158.2,34.6,0
PRD-16,2021-11-01,443,102.1,0
PRD-16,2021-12-01,512.8,148,0
PRD-16,2022-01-01,469.8,141.8,0
PRD-16,2022-02-01,490.5,144.9,0
PRD-16,2022-03-01,533.5,159.4,0
PRD-16,2022-04-01,493.4,152.3,0
PRD-16,2022-05-01,453.9,170.7,0
PRD-16,2022-06-01,445.1,174.2,0
PRD-16,2022-07-01,452.6,182.7,0
PRD-16,2022-08-01,397.4,251,0
PRD-16,2022-09-01,438,284.8,0
PRD-16,2022-10-01,436,317.1,0
PRD-16,2022-11-01,377.5,263.3,0
PRD-16,2022-12-01,385.6,286.9,0
PRD-16,2023-01-01,363.4,256.3,0
PRD-16,2023-02-01,342.2,364.4,0
PRD-16,2023-03-01,326.3,368,0
PRD-16,2023-04-01,327,375.3,0
PRD-16,2023-05-01,284.3,341.3,0
PRD-16,2023-06-01,301.8,350.2,0
PRD-16,2023-07-01,274.2,339.2,0
PRD-16,2023-08-01,311,360.7,0
PRD-16,2023-09-01,250.2,357.7,0
PRD-16,2023-10-01,199.6,434.9,0
PRD-16,2023-11-01,205.8,431.2,0
PRD-16,2023-12-01,177.6,410.3,0
PRD-16,2024-01-01,197.3,441.1,0
PRD-16,2024-02-01,192.7,473.5,0
PRD-16,2024-03-01,191.7,473.4,0
PRD-16,2024-04-01,189.8,452,0
PRD-16,2024-05-01,162.4,488.9,0
PRD-16,2024-06-01,99.5,516.5,0
PRD-16,2024-07-01,108.8,591.2,0
PRD-16,2024-08-01,108.3,597.4,0
PRD-16,2024-09-01,103.6,595.9,0
PRD-16,2024-10-01,102.7,599.9,0
PRD-16,2024-11-01,82.5,500.2,0
PRD-16,2024-12-01,104.7,642.3,0
PRD-16,2025-01-01,79.6,510.1,0
PRD-16,2025-02-01,98.2,638,0
PRD-16,2025-03-01,101,682.8,0
PRD-16,2025-04-01,84.9,578.3,0
PRD-16,2025-05-01,90.6,633.9,0
PRD-16,2025-06-01,79.6,574.7,0
PRD-16,2025-07-01,69,507.2,0
PRD-16,2025-08-01,75.5,566.2,0
PRD-16,2025-09-01,89.9,692.8,0
PRD-16,2025-10-01,73.3,582,0
PRD-16,2025-11-01,69.4,565.4,0
PRD-16,2025-12-01,74,606.9,0
PRD-16,2026-01-01,75.9,642.8,0
PRD-16,2026-02-01,74.8,641.1,0
PRD-16,2026-03-01,68,598.1,0
PRD-16,2026-04-01,81.6,735.4,0
PRD-16,2026-05-01,74,676.3,0
PRD-16,2026-06-01,70,648.8,0
PRD-16,2026-07-01,75,707.5,0
PRD-16,2026-08-01,73.9,719.9,0
PRD-17,2008-06-01,203.5,10.7,0
PRD-17,2008-07-01,214.4,11.4,0
PRD-17,2008-08-01,194.5,10.5,0
PRD-17,2008-09-01,190.8,10.4,0
PRD-17,2008-10-01,221.7,12.2,0
PRD-17,2008-11-01,188.9,10.5,0
PRD-17,2008-12-01,193.7,10.9,0
PRD-17,2009-01-01,184.5,10.5,0
PRD-17,2009-02-01,188.8,10.8,0
PRD-17,2009-03-01,199.8,11.5,0
PRD-17,2009-04-01,175.3,10.2,0
PRD-17,2009-05-01,187,11,0
PRD-17,2009-06-01,176,10.5,0
PRD-17,2009-07-01,145.3,8.7,0
PRD-17,2009-08-01,177.3,10.7,0
PRD-17,2009-09-01,175.8,10.7,0
PRD-17,2009-10-01,160.1,9.9,0
PRD-17,2009-11-01,161.7,10.1,0
PRD-17,2009-12-01,153.8,9.7,0
PRD-17,2010-01-01,165.9,10.5,0
PRD-17,2010-02-01,34.9,2.2,0
PRD-17,2010-03-01,171.3,11,0
PRD-17,2010-04-01,159,10.3,0
PRD-17,2010-05-01,163.9,10.7,0
PRD-17,2010-06-01,142.2,9.4,0
PRD-17,2010-07-01,139.5,9.3,0
PRD-17,2010-08-01,149.3,10,0
PRD-17,2010-09-01,140.4,9.5,0
PRD-17,2010-10-01,137.5,9.4,0
PRD-17,2010-11-01,139.1,9.6,0
PRD-17,2010-12-01,127.8,8.9,0
PRD-17,2011-01-01,151.9,10.6,0
PRD-17,2011-02-01,141.5,10,0
PRD-17,2011-03-01,123.9,8.8,0
PRD-17,2011-04-01,142.5,10.2,0
PRD-17,2011-05-01,129.8,9.4,0
PRD-17,2011-06-01,142.3,10.4,0
PRD-17,2011-07-01,126.8,9.3,0
PRD-17,2011-08-01,135.2,10,0
PRD-17,2011-09-01,121.9,9.1,0
PRD-17,2011-10-01,134.3,10.1,0
PRD-17,2011-11-01,131.1,9.9,0
PRD-17,2011-12-01,124.6,9.5,0
PRD-17,2012-01-01,106.2,8.1,0
PRD-17,2012-02-01,128.2,9.9,0
PRD-17,2012-03-01,107.6,8.4,0
PRD-17,2012-04-01,114.6,9,0
PRD-17,2012-05-01,109.4,8.6,0
PRD-17,2012-06-01,108.7,8.6,0
PRD-17,2012-07-01,103.9,8.3,0
PRD-17,2012-08-01,96.1,7.7,0
PRD-17,2012-09-01,114.4,9.3,0
PRD-17,2012-10-01,97.7,8,0
PRD-17,2012-11-01,95.5,7.9,0
PRD-17,2012-12-01,106.7,8.8,0
PRD-17,2013-01-01,99.9,8.3,0
PRD-17,2013-02-01,97.9,8.2,0
PRD-17,2013-03-01,105.6,8.9,0
PRD-17,2013-04-01,111.5,9.5,0
PRD-17,2013-05-01,90.3,7.7,0
PRD-17,2013-06-01,82.2,7.1,0
PRD-17,2013-07-01,95.5,8.3,0
PRD-17,2013-08-01,100.6,8.8,0
PRD-17,2013-09-01,99.9,8.8,0
PRD-17,2013-10-01,86.8,7.7,0
PRD-17,2013-11-01,88.8,7.9,0
PRD-17,2013-12-01,77.9,7,0
PRD-17,2014-01-01,74.3,6.7,0
PRD-17,2014-02-01,90.4,8.2,0
PRD-17,2014-03-01,85.6,7.8,0
PRD-17,2014-04-01,79.5,7.3,0
PRD-17,2014-05-01,82,7.6,0
PRD-17,2014-06-01,80.2,7.4,0
PRD-17,2014-07-01,78,7.3,0
PRD-17,2014-08-01,72,6.8,0
PRD-17,2014-09-01,75.7,8.5,0
PRD-17,2014-10-01,90,17.9,0
PRD-17,2014-11-01,75,25.8,0
PRD-17,2014-12-01,79.3,43.8,0
PRD-17,2015-01-01,73.7,55.7,0
PRD-17,2015-02-01,80.6,75.6,0
PRD-17,2015-03-01,89.5,85.6,0
PRD-17,2015-04-01,132.4,116.4,0
PRD-17,2015-05-01,133.1,116.5,0
PRD-17,2015-06-01,145,125.5,0
PRD-17,2015-07-01,194.9,168.5,0
PRD-17,2015-08-01,175.5,150.1,0
PRD-17,2015-09-01,212.5,180.6,0
PRD-17,2015-10-01,228.9,194,0
PRD-17,2015-11-01,273.1,237.5,0
PRD-17,2015-12-01,270,232.6,0
PRD-17,2016-01-01,262.8,227.7,0
PRD-17,2016-02-01,270.3,228.7,0
PRD-17,2016-03-01,260.7,219.9,0
PRD-17,2016-04-01,282.6,240.1,0
PRD-17,2016-05-01,253.4,215.1,0
PRD-17,2016-06-01,306.7,259.9,0
PRD-17,2016-07-01,310.4,264,0
PRD-17,2016-08-01,265.6,221.3,0
PRD-17,2016-09-01,326.1,273.9,0
PRD-17,2016-10-01,319.8,265.6,0
PRD-17,2016-11-01,302.6,250.2,0
PRD-17,2016-12-01,324.8,267.7,0
PRD-17,2017-01-01,287.4,233.3,0
PRD-17,2017-02-01,318.5,259.4,0
PRD-17,2017-03-01,271.2,222.1,0
PRD-17,2017-04-01,316.6,257.1,0
PRD-17,2017-05-01,304,247.1,0
PRD-17,2017-06-01,350.2,284.3,0
PRD-17,2017-07-01,349.3,297.3,0
PRD-17,2017-08-01,350.2,315.2,0
PRD-17,2017-09-01,315,299.8,0
PRD-17,2017-10-01,362.2,375.7,0
PRD-17,2017-11-01,323.9,359.6,0
PRD-17,2017-12-01,338.3,364.2,0
PRD-17,2018-01-01,388.2,388.2,0
PRD-17,2018-02-01,464.2,431.6,0
PRD-17,2018-03-01,516.7,457.5,0
PRD-17,2018-04-01,518.7,428.7,0
PRD-17,2018-05-01,589.5,463.2,0
PRD-17,2018-06-01,625.8,472.1,0
PRD-17,2018-07-01,622.3,450.5,0
PRD-17,2018-08-01,775.8,541.9,0
PRD-17,2018-09-01,789.9,529.6,0
PRD-17,2018-10-01,779.6,505.2,0
PRD-17,2018-11-01,771.3,483.2,0
PRD-17,2018-12-01,964.7,587.7,0
PRD-17,2019-01-01,836.6,498.3,0
PRD-17,2019-02-01,804.8,459,0
PRD-17,2019-03-01,758.5,418,0
PRD-17,2019-04-01,1044.5,567,0
PRD-17,2019-05-01,963.7,511.2,0
PRD-17,2019-06-01,910.6,474.1,0
PRD-17,2019-07-01,1035.3,532.7,0
PRD-17,2019-08-01,967.1,515.8,0
PRD-17,2019-09-01,940.4,501.9,0
PRD-17,2019-10-01,979.5,505.7,0
PRD-17,2019-11-01,944.9,477.9,0
PRD-17,2019-12-01,196.5,98.8,0
PRD-17,2020-01-01,953.2,471.5,0
PRD-17,2020-02-01,864.8,422.5,0
PRD-17,2020-03-01,1023.5,499.2,0
PRD-17,2020-04-01,224.4,108.4,0
PRD-17,2020-05-01,875.8,425.6,0
PRD-17,2020-06-01,958.1,608,0
PRD-17,2020-07-01,903.3,657.8,0
PRD-17,2020-08-01,837.2,672.6,0
PRD-17,2020-09-01,795.4,652.4,0
PRD-17,2020-10-01,849.3,692.1,0
PRD-17,2020-11-01,930,729.8,0
PRD-17,2020-12-01,987.3,793.6,0
PRD-17,2021-01-01,929.8,732,0
PRD-17,2021-02-01,791.2,666.6,0
PRD-17,2021-03-01,961.1,769.5,0
PRD-17,2021-04-01,839.7,687.4,0
PRD-17,2021-05-01,822.5,659.1,0
PRD-17,2021-06-01,902.5,719,0
PRD-17,2021-07-01,844,682.4,0
PRD-17,2021-08-01,791.5,637.3,0
PRD-17,2021-09-01,750.2,609.9,0
PRD-17,2021-10-01,814.2,693.7,0
PRD-17,2021-11-01,790.3,682.3,0
PRD-17,2021-12-01,840.1,771.2,0
PRD-17,2022-01-01,737.4,679.7,0
PRD-17,2022-02-01,797.9,759.3,0
PRD-17,2022-03-01,174.4,167.4,0
PRD-17,2022-04-01,729.3,696.3,0
PRD-17,2022-05-01,624.7,612.4,0
PRD-17,2022-06-01,821.9,832.4,0
PRD-17,2022-07-01,715.5,779.7,0
PRD-17,2022-08-01,600.4,707.9,0
PRD-17,2022-09-01,680.2,859.6,0
PRD-17,2022-10-01,693.4,977.6,0
PRD-17,2022-11-01,648.5,964.5,0
PRD-17,2022-12-01,558.3,805.9,0
PRD-17,2023-01-01,623.2,863.7,0
PRD-17,2023-02-01,535.5,898.7,0
PRD-17,2023-03-01,500.2,890.1,0
PRD-17,2023-04-01,636.2,1088.4,0
PRD-17,2023-05-01,547.1,997.9,0
PRD-17,2023-06-01,68,118.2,0
PRD-17,2023-07-01,509.3,944.4,0
PRD-17,2023-08-01,581.2,1032.5,0
PRD-17,2023-09-01,574.2,1166.5,0
PRD-17,2023-10-01,412.1,1017.9,0
PRD-17,2023-11-01,469.3,1128,0
PRD-17,2023-12-01,422.1,1045.9,0
PRD-17,2024-01-01,428.1,1068.7,0
PRD-17,2024-02-01,440.1,1179.7,0
PRD-17,2024-03-01,415.1,1114.4,0
PRD-17,2024-04-01,400.8,1038,0
PRD-17,2024-05-01,384.6,1189.1,0
PRD-17,2024-06-01,300.1,1323.4,0
PRD-17,2024-07-01,269.3,1280.2,0
PRD-17,2024-08-01,274.6,1265.7,0
PRD-17,2024-09-01,337.2,1539.2,0
PRD-17,2024-10-01,267.2,1211.4,0
PRD-17,2024-11-01,248.5,1231.8,0
PRD-17,2024-12-01,267,1360.7,0
PRD-17,2025-01-01,268.9,1344.2,0
PRD-17,2025-02-01,253.9,1309.1,0
PRD-17,2025-03-01,236.6,1223.7,0
PRD-17,2025-04-01,224.3,1151.2,0
PRD-17,2025-05-01,265.7,1442.5,0
PRD-17,2025-06-01,253.1,1330.6,0
PRD-17,2025-07-01,246.9,1299.2,0
PRD-17,2025-08-01,244.6,1345.9,0
PRD-17,2025-09-01,46.9,271,0
PRD-17,2025-10-01,225.8,1300.8,0
PRD-17,2025-11-01,210.2,1234.8,0
PRD-17,2025-12-01,187.6,1118.2,0
PRD-17,2026-01-01,216,1211.9,0
PRD-17,2026-02-01,248.3,1435.5,0
PRD-17,2026-03-01,133.9,1324.8,0
PRD-17,2026-04-01,151.9,1577.3,0
PRD-17,2026-05-01,143.2,1464.1,0
PRD-17,2026-06-01,147.9,1559.3,0
PRD-17,2026-07-01,143.8,1539.5,0
PRD-17,2026-08-01,113.5,1275.1,0
PRD-18,2008-02-01,131.4,6.6,0
PRD-18,2008-03-01,183.9,9.4,0
PRD-18,2008-04-01,189.9,9.8,0
PRD-18,2008-05-01,194.1,10.1,0
PRD-18,2008-06-01,231.2,12.2,0
PRD-18,2008-07-01,193.3,10.3,0
PRD-18,2008-08-01,193,10.4,0
PRD-18,2008-09-01,206.3,11.2,0
PRD-18,2008-10-01,201.6,11.1,0
PRD-18,2008-11-01,201.5,11.2,0
PRD-18,2008-12-01,186.5,10.5,0
PRD-18,2009-01-01,179.1,10.1,0
PRD-18,2009-02-01,194.7,11.1,0
PRD-18,2009-03-01,201.8,11.7,0
PRD-18,2009-04-01,211.3,12.3,0
PRD-18,2009-05-01,201.6,11.9,0
PRD-18,2009-06-01,193.4,11.5,0
PRD-18,2009-07-01,190.4,11.4,0
PRD-18,2009-08-01,185.4,11.2,0
PRD-18,2009-09-01,170.2,10.4,0
PRD-18,2009-10-01,163.2,10.1,0
PRD-18,2009-11-01,178.6,11.1,0
PRD-18,2009-12-01,190.2,11.9,0
PRD-18,2010-01-01,174.7,11.1,0
PRD-18,2010-02-01,170.3,10.9,0
PRD-18,2010-03-01,162.8,10.5,0
PRD-18,2010-04-01,146.2,9.5,0
PRD-18,2010-05-01,151.7,9.9,0
PRD-18,2010-06-01,158.3,10.5,0
PRD-18,2010-07-01,165,11,0
PRD-18,2010-08-01,168.9,11.4,0
PRD-18,2010-09-01,135.8,9.2,0
PRD-18,2010-10-01,140.2,9.6,0
PRD-18,2010-11-01,137.2,9.5,0
PRD-18,2010-12-01,154.2,10.7,0
PRD-18,2011-01-01,154.4,10.8,0
PRD-18,2011-02-01,147.3,10.4,0
PRD-18,2011-03-01,135.7,9.6,0
PRD-18,2011-04-01,122.3,8.8,0
PRD-18,2011-05-01,144.5,10.4,0
PRD-18,2011-06-01,143.6,10.5,0
PRD-18,2011-07-01,118.6,8.7,0
PRD-18,2011-08-01,132.8,9.8,0
PRD-18,2011-09-01,129.7,9.7,0
PRD-18,2011-10-01,128.1,9.6,0
PRD-18,2011-11-01,134.8,10.2,0
PRD-18,2011-12-01,107.3,8.2,0
PRD-18,2012-01-01,113.7,8.7,0
PRD-18,2012-02-01,135.3,10.4,0
PRD-18,2012-03-01,113.6,8.8,0
PRD-18,2012-04-01,116,9.1,0
PRD-18,2012-05-01,115.9,9.1,0
PRD-18,2012-06-01,121.5,9.7,0
PRD-18,2012-07-01,128.8,10.3,0
PRD-18,2012-08-01,105.9,8.5,0
PRD-18,2012-09-01,108.4,8.8,0
PRD-18,2012-10-01,106,8.7,0
PRD-18,2012-11-01,96.8,8,0
PRD-18,2012-12-01,104.3,8.6,0
PRD-18,2013-01-01,103.8,8.7,0
PRD-18,2013-02-01,96.5,8.1,0
PRD-18,2013-03-01,103.5,8.7,0
PRD-18,2013-04-01,101.9,8.7,0
PRD-18,2013-05-01,103.3,8.8,0
PRD-18,2013-06-01,90.8,7.8,0
PRD-18,2013-07-01,99.5,8.6,0
PRD-18,2013-08-01,99.5,8.7,0
PRD-18,2013-09-01,85.4,7.5,0
PRD-18,2013-10-01,95.8,8.5,0
PRD-18,2013-11-01,72.3,6.4,0
PRD-18,2013-12-01,91.7,8.2,0
PRD-18,2014-01-01,97.8,8.8,0
PRD-18,2014-02-01,83.6,7.6,0
PRD-18,2014-03-01,84.8,7.7,0
PRD-18,2014-04-01,72.3,6.6,0
PRD-18,2014-05-01,85,7.8,0
PRD-18,2014-06-01,85.1,7.9,0
PRD-18,2014-07-01,73.8,6.9,0
PRD-18,2014-08-01,92.3,8.7,0
PRD-18,2014-09-01,78.8,8.9,0
PRD-18,2014-10-01,71.9,16.5,0
PRD-18,2014-11-01,83.2,36.5,0
PRD-18,2014-12-01,78.7,58.9,0
PRD-18,2015-01-01,70,73.2,0
PRD-18,2015-02-01,82.7,105.4,0
PRD-18,2015-03-01,115.3,134.1,0
PRD-18,2015-04-01,153.9,152.5,0
PRD-18,2015-05-01,213,196.2,0
PRD-18,2015-06-01,228.9,199.5,0
PRD-18,2015-07-01,247.8,208.4,0
PRD-18,2015-08-01,253.3,206.6,0
PRD-18,2015-09-01,299.6,236.7,0
PRD-18,2015-10-01,319,246.2,0
PRD-18,2015-11-01,358.1,279.7,0
PRD-18,2015-12-01,395.6,300.4,0
PRD-18,2016-01-01,399.3,300.9,0
PRD-18,2016-02-01,380.3,273.2,0
PRD-18,2016-03-01,414.8,295.8,0
PRD-18,2016-04-01,374.2,265.4,0
PRD-18,2016-05-01,488.2,339.1,0
PRD-18,2016-06-01,471.9,326.7,0
PRD-18,2016-07-01,514.4,352.1,0
PRD-18,2016-08-01,475.8,320.8,0
PRD-18,2016-09-01,470.2,314.5,0
PRD-18,2016-10-01,455.4,298,0
PRD-18,2016-11-01,534.5,340.9,0
PRD-18,2016-12-01,535.2,344.8,0
PRD-18,2017-01-01,451.2,277.7,0
PRD-18,2017-02-01,464.1,287.7,0
PRD-18,2017-03-01,510.4,318.1,0
PRD-18,2017-04-01,482.5,295.5,0
PRD-18,2017-05-01,479.4,290.7,0
PRD-18,2017-06-01,512.5,311,0
PRD-18,2017-07-01,490.9,308.9,0
PRD-18,2017-08-01,554.3,354.9,0
PRD-18,2017-09-01,446.7,290.4,0
PRD-18,2017-10-01,573.4,398.4,0
PRD-18,2017-11-01,536.1,379.7,0
PRD-18,2017-12-01,553,398.3,0
PRD-18,2018-01-01,481.8,350.2,0
PRD-18,2018-02-01,598.9,433.8,0
PRD-18,2018-03-01,572,401.9,0
PRD-18,2018-04-01,626.2,423.3,0
PRD-18,2018-05-01,706.3,467.7,0
PRD-18,2018-06-01,672.2,445.8,0
PRD-18,2018-07-01,628.2,406,0
PRD-18,2018-08-01,720.7,460.9,0
PRD-18,2018-09-01,743.6,459,0
PRD-18,2018-10-01,800.1,487.6,0
PRD-18,2018-11-01,887.9,533.2,0
PRD-18,2018-12-01,924.5,551.3,0
PRD-18,2019-01-01,814.4,477,0
PRD-18,2019-02-01,794.7,449.5,0
PRD-18,2019-03-01,895,502.2,0
PRD-18,2019-04-01,911.1,506.9,0
PRD-18,2019-05-01,852.8,462.5,0
PRD-18,2019-06-01,862.1,489.5,0
PRD-18,2019-07-01,922.5,528.6,0
PRD-18,2019-08-01,1003.4,606.1,0
PRD-18,2019-09-01,132.8,80.9,0
PRD-18,2019-10-01,887,558.1,0
PRD-18,2019-11-01,884.9,618.3,0
PRD-18,2019-12-01,801.3,561.1,0
PRD-18,2020-01-01,745.6,518.7,0
PRD-18,2020-02-01,898.8,606.6,0
PRD-18,2020-03-01,865,592.8,0
PRD-18,2020-04-01,767,532.6,0
PRD-18,2020-05-01,907.8,637.1,0
PRD-18,2020-06-01,725.7,652.2,0
PRD-18,2020-07-01,721.8,758.6,0
PRD-18,2020-08-01,633.7,751.1,0
PRD-18,2020-09-01,605.7,707.4,0
PRD-18,2020-10-01,774.6,876.2,0
PRD-18,2020-11-01,572.8,662.9,0
PRD-18,2020-12-01,634.8,729.3,0
PRD-18,2021-01-01,670.6,754.5,0
PRD-18,2021-02-01,802.9,979,0
PRD-18,2021-03-01,731.4,848.4,0
PRD-18,2021-04-01,712.7,821.9,0
PRD-18,2021-05-01,699.1,801.4,0
PRD-18,2021-06-01,665.2,769.2,0
PRD-18,2021-07-01,728.2,829.1,0
PRD-18,2021-08-01,600.9,719,0
PRD-18,2021-09-01,598.6,778.1,0
PRD-18,2021-10-01,584.8,892.3,0
PRD-18,2021-11-01,648,984.7,0
PRD-18,2021-12-01,603.4,966.7,0
PRD-18,2022-01-01,550.7,908.1,0
PRD-18,2022-02-01,585,949.2,0
PRD-18,2022-03-01,571.5,930.3,0
PRD-18,2022-04-01,476,790.1,0
PRD-18,2022-05-01,516.1,836.6,0
PRD-18,2022-06-01,532.6,890.2,0
PRD-18,2022-07-01,586,1013.2,0
PRD-18,2022-08-01,588.2,961.8,0
PRD-18,2022-09-01,478.8,816.1,0
PRD-18,2022-10-01,564.9,1059.4,0
PRD-18,2022-11-01,504.4,967.1,0
PRD-18,2022-12-01,547.2,1052.6,0
PRD-18,2023-01-01,457.3,867.6,0
PRD-18,2023-02-01,560.1,1033.9,0
PRD-18,2023-03-01,460.4,914.3,0
PRD-18,2023-04-01,526.8,990,0
PRD-18,2023-05-01,485.1,947.6,0
PRD-18,2023-06-01,428.3,829.2,0
PRD-18,2023-07-01,480.3,946.1,0
PRD-18,2023-08-01,510.6,1021.3,0
PRD-18,2023-09-01,452.1,927.6,0
PRD-18,2023-10-01,514.2,1077.4,0
PRD-18,2023-11-01,523.8,1035.2,0
PRD-18,2023-12-01,485.5,1012.9,0
PRD-18,2024-01-01,349.5,1049.8,0
PRD-18,2024-02-01,383.1,1184.1,0
PRD-18,2024-03-01,418.6,1289.2,0
PRD-18,2024-04-01,332.1,1210.4,0
PRD-18,2024-05-01,271.8,1107.7,0
PRD-18,2024-06-01,260.6,1231.2,0
PRD-18,2024-07-01,288,1457.9,0
PRD-18,2024-08-01,256.4,1261.6,0
PRD-18,2024-09-01,315.5,1500.7,0
PRD-18,2024-10-01,252.1,1215.5,0
PRD-18,2024-11-01,235.7,1242.1,0
PRD-18,2024-12-01,222.1,1211.9,0
PRD-18,2025-01-01,262,1387.7,0
PRD-18,2025-02-01,270.5,1475.4,0
PRD-18,2025-03-01,191.7,1035.3,0
PRD-18,2025-04-01,264.9,1454,0
PRD-18,2025-05-01,200.7,1143.4,0
PRD-18,2025-06-01,227.9,1251.9,0
PRD-18,2025-07-01,220.9,1217,0
PRD-18,2025-08-01,234.1,1353.5,0
PRD-18,2025-09-01,238.5,1433,0
PRD-18,2025-10-01,202.8,1206.5,0
PRD-18,2025-11-01,230.5,1405.1,0
PRD-18,2025-12-01,205.6,1280.9,0
PRD-18,2026-01-01,233.8,1374.1,0
PRD-18,2026-02-01,241.3,1435.3,0
PRD-18,2026-03-01,150.6,1589.3,0
PRD-18,2026-04-01,135.3,1504.9,0
PRD-18,2026-05-01,124.8,1361.2,0
PRD-18,2026-06-01,123.5,1398.6,0
PRD-18,2026-07-01,122.8,1402.3,0
PRD-18,2026-08-01,125.2,1502.9,0
PRD-19,2009-08-01,205.5,12.4,0
PRD-19,2009-09-01,177.2,10.8,0
PRD-19,2009-10-01,169.3,10.4,0
PRD-19,2009-11-01,49.6,3.1,0
PRD-19,2009-12-01,179.1,11.2,0
PRD-19,2010-01-01,159,10.1,0
PRD-19,2010-02-01,171.1,10.9,0
PRD-19,2010-03-01,155.1,10,0
PRD-19,2010-04-01,157.2,10.2,0
PRD-19,2010-05-01,161.1,10.6,0
PRD-19,2010-06-01,169.3,11.2,0
PRD-19,2010-07-01,150.4,10,0
PRD-19,2010-08-01,161.9,10.9,0
PRD-19,2010-09-01,169.3,11.5,0
PRD-19,2010-10-01,161.3,11,0
PRD-19,2010-11-01,144.4,9.9,0
PRD-19,2010-12-01,154.5,10.7,0
PRD-19,2011-01-01,140.3,9.8,0
PRD-19,2011-02-01,157,11.1,0
PRD-19,2011-03-01,135.6,9.6,0
PRD-19,2011-04-01,158.4,11.4,0
PRD-19,2011-05-01,147.7,10.7,0
PRD-19,2011-06-01,140.9,10.3,0
PRD-19,2011-07-01,138.1,10.1,0
PRD-19,2011-08-01,140,10.3,0
PRD-19,2011-09-01,131.1,9.8,0
PRD-19,2011-10-01,122.2,9.2,0
PRD-19,2011-11-01,134.2,10.1,0
PRD-19,2011-12-01,118.9,9.1,0
PRD-19,2012-01-01,50.1,3.8,0
PRD-19,2012-02-01,111.8,8.6,0
PRD-19,2012-03-01,127.5,9.9,0
PRD-19,2012-04-01,114,8.9,0
PRD-19,2012-05-01,126.4,10,0
PRD-19,2012-06-01,110.1,8.7,0
PRD-19,2012-07-01,122.1,9.8,0
PRD-19,2012-08-01,138.4,11.2,0
PRD-19,2012-09-01,98.5,8,0
PRD-19,2012-10-01,107.6,8.8,0
PRD-19,2012-11-01,22.9,1.9,0
PRD-19,2012-12-01,103.3,8.6,0
PRD-19,2013-01-01,113.2,9.4,0
PRD-19,2013-02-01,32,2.7,0
PRD-19,2013-03-01,104.1,8.8,0
PRD-19,2013-04-01,95.7,8.1,0
PRD-19,2013-05-01,96,8.2,0
PRD-19,2013-06-01,90.7,7.8,0
PRD-19,2013-07-01,110.4,9.6,0
PRD-19,2013-08-01,93.8,8.2,0
PRD-19,2013-09-01,89.8,7.9,0
PRD-19,2013-10-01,95.2,8.4,0
PRD-19,2013-11-01,110,9.8,0
PRD-19,2013-12-01,96.4,8.6,0
PRD-19,2014-01-01,81.2,7.3,0
PRD-19,2014-02-01,85.5,7.7,0
PRD-19,2014-03-01,92.4,8.4,0
PRD-19,2014-04-01,99.9,9.2,0
PRD-19,2014-05-01,92,8.5,0
PRD-19,2014-06-01,82.5,7.7,0
PRD-19,2014-07-01,91.1,8.5,0
PRD-19,2014-08-01,85.3,8,0
PRD-19,2014-09-01,90.4,8.6,0
PRD-19,2014-10-01,79.8,10,0
PRD-19,2014-11-01,94.5,17.8,0
PRD-19,2014-12-01,68.8,19.7,0
PRD-19,2015-01-01,71.7,27.2,0
PRD-19,2015-02-01,66.7,31.4,0
PRD-19,2015-03-01,79.7,38.8,0
PRD-19,2015-04-01,102.1,50,0
PRD-19,2015-05-01,132,63,0
PRD-19,2015-06-01,128,60,0
PRD-19,2015-07-01,153.5,69.1,0
PRD-19,2015-08-01,129.2,56.3,0
PRD-19,2015-09-01,196.7,86.8,0
PRD-19,2015-10-01,161.8,68.2,0
PRD-19,2015-11-01,210.1,84.4,0
PRD-19,2015-12-01,187.9,75.1,0
PRD-19,2016-01-01,203.4,79.1,0
PRD-19,2016-02-01,191,73.2,0
PRD-19,2016-03-01,228,82.2,0
PRD-19,2016-04-01,241.7,87.2,0
PRD-19,2016-05-01,235.1,79.8,0
PRD-19,2016-06-01,215.5,70.2,0
PRD-19,2016-07-01,232.5,74.6,0
PRD-19,2016-08-01,233.7,70.2,0
PRD-19,2016-09-01,221.9,65.6,0
PRD-19,2016-10-01,229.5,67.9,0
PRD-19,2016-11-01,225.8,63.8,0
PRD-19,2016-12-01,230.7,62.3,0
PRD-19,2017-01-01,224,58.7,0
PRD-19,2017-02-01,277.8,73,0
PRD-19,2017-03-01,239.7,60.9,0
PRD-19,2017-04-01,239.3,59.8,0
PRD-19,2017-05-01,227.6,56.3,0
PRD-19,2017-06-01,227.5,54.3,0
PRD-19,2017-07-01,258.2,67.3,0
PRD-19,2017-08-01,231.5,63.2,0
PRD-19,2017-09-01,254.7,77.4,0
PRD-19,2017-10-01,259.6,86.8,0
PRD-19,2017-11-01,260.9,97,0
PRD-19,2017-12-01,249.9,96.4,0
PRD-19,2018-01-01,240.5,96.3,0
PRD-19,2018-02-01,273.1,109.2,0
PRD-19,2018-03-01,311.2,122.9,0
PRD-19,2018-04-01,325.4,123,0
PRD-19,2018-05-01,337.2,129,0
PRD-19,2018-06-01,344.2,131.9,0
PRD-19,2018-07-01,327.9,120.2,0
PRD-19,2018-08-01,363,135,0
PRD-19,2018-09-01,452.7,165.9,0
PRD-19,2018-10-01,417.8,147.6,0
PRD-19,2018-11-01,446.2,153.8,0
PRD-19,2018-12-01,430.2,145.2,0
PRD-19,2019-01-01,481.6,157.7,0
PRD-19,2019-02-01,497.4,157.9,0
PRD-19,2019-03-01,490.9,154.1,0
PRD-19,2019-04-01,470.9,145.3,0
PRD-19,2019-05-01,479.3,145.3,0
PRD-19,2019-06-01,448.1,154.1,0
PRD-19,2019-07-01,460.5,156.9,0
PRD-19,2019-08-01,422,148,0
PRD-19,2019-09-01,534.9,180.3,0
PRD-19,2019-10-01,408.1,158.3,0
PRD-19,2019-11-01,415.5,219.3,0
PRD-19,2019-12-01,100.3,52.9,0
PRD-19,2020-01-01,424.8,227.9,0
PRD-19,2020-02-01,442.4,226.5,0
PRD-19,2020-03-01,399,206.5,0
PRD-19,2020-04-01,382.4,206.6,0
PRD-19,2020-05-01,54.1,29.5,0
PRD-19,2020-06-01,395.6,214.6,0
PRD-19,2020-07-01,399.1,221.1,0
PRD-19,2020-08-01,365.3,205,0
PRD-19,2020-09-01,392.9,218.9,0
PRD-19,2020-10-01,389.8,213.8,0
PRD-19,2020-11-01,432.2,244,0
PRD-19,2020-12-01,398.9,229.9,0
PRD-19,2021-01-01,429.8,248.1,0
PRD-19,2021-02-01,427.4,256.4,0
PRD-19,2021-03-01,361.8,212.1,0
PRD-19,2021-04-01,355.2,201.7,0
PRD-19,2021-05-01,490,282,0
PRD-19,2021-06-01,349.6,197,0
PRD-19,2021-07-01,434,245.6,0
PRD-19,2021-08-01,337.2,203.2,0
PRD-19,2021-09-01,292.5,202.2,0
PRD-19,2021-10-01,288,298.2,0
PRD-19,2021-11-01,337.6,346.8,0
PRD-19,2021-12-01,312.3,369.5,0
PRD-19,2022-01-01,301.2,370.2,0
PRD-19,2022-02-01,333.1,389.8,0
PRD-19,2022-03-01,278.6,320.2,0
PRD-19,2022-04-01,336.4,423.3,0
PRD-19,2022-05-01,285,368.8,0
PRD-19,2022-06-01,284.9,388.9,0
PRD-19,2022-07-01,316.8,400,0
PRD-19,2022-08-01,363.6,449.7,0
PRD-19,2022-09-01,324.8,383.5,0
PRD-19,2022-10-01,339,412.3,0
PRD-19,2022-11-01,394.7,424.8,0
PRD-19,2022-12-01,350.9,399.2,0
PRD-19,2023-01-01,400.5,425.9,0
PRD-19,2023-02-01,447.8,436.3,0
PRD-19,2023-03-01,427.9,428.2,0
PRD-19,2023-04-01,459.6,442.3,0
PRD-19,2023-05-01,468.9,442.4,0
PRD-19,2023-06-01,431.8,394.2,0
PRD-19,2023-07-01,476.2,437.4,0
PRD-19,2023-08-01,447.8,412,0
PRD-19,2023-09-01,479.8,407.8,0
PRD-19,2023-10-01,607.7,527.8,0
PRD-19,2023-11-01,536.1,449.9,0
PRD-19,2023-12-01,506.3,441.5,0
PRD-19,2024-01-01,378.7,515.1,0
PRD-19,2024-02-01,432.6,571.4,0
PRD-19,2024-03-01,416.3,533.7,0
PRD-19,2024-04-01,346,553,0
PRD-19,2024-05-01,371.8,599.8,0
PRD-19,2024-06-01,422.5,663,0
PRD-19,2024-07-01,369.2,594.8,0
PRD-19,2024-08-01,366,572.6,0
PRD-19,2024-09-01,365.9,574.7,0
PRD-19,2024-10-01,408.1,670.8,0
PRD-19,2024-11-01,12.9,21.1,0
PRD-19,2024-12-01,421,678.9,0
PRD-19,2025-01-01,395.4,646.6,0
PRD-19,2025-02-01,441.1,697.2,0
PRD-19,2025-03-01,412.1,646.3,0
PRD-19,2025-04-01,420.9,698.6,0
PRD-19,2025-05-01,384.7,610.8,0
PRD-19,2025-06-01,414.6,629.8,0
PRD-19,2025-07-01,397.8,634.1,0
PRD-19,2025-08-01,385.6,620.1,0
PRD-19,2025-09-01,405.7,676.4,0
PRD-19,2025-10-01,405.8,665.6,0
PRD-19,2025-11-01,390,669,0
PRD-19,2025-12-01,437.3,705.9,0
PRD-19,2026-01-01,386.3,652.4,0
PRD-19,2026-02-01,368.3,593.2,0
PRD-19,2026-03-01,383.5,660.8,0
PRD-19,2026-04-01,386.7,664.6,0
PRD-19,2026-05-01,353.3,577.8,0
PRD-19,2026-06-01,402.1,681.1,0
PRD-19,2026-07-01,398.2,678.6,0
PRD-19,2026-08-01,350.7,604.1,0
PRD-20,2008-03-01,116.2,5.9,0
PRD-20,2008-04-01,133.3,6.9,0
PRD-20,2008-05-01,120.5,6.3,0
PRD-20,2008-06-01,125.9,6.6,0
PRD-20,2008-07-01,106.9,5.7,0
PRD-20,2008-08-01,120,6.5,0
PRD-20,2008-09-01,131.7,7.2,0
PRD-20,2008-10-01,110.4,6.1,0
PRD-20,2008-11-01,131.3,7.3,0
PRD-20,2008-12-01,111,6.2,0
PRD-20,2009-01-01,110.9,6.3,0
PRD-20,2009-02-01,109.6,6.3,0
PRD-20,2009-03-01,108.5,6.3,0
PRD-20,2009-04-01,106.7,6.2,0
PRD-20,2009-05-01,105.9,6.2,0
PRD-20,2009-06-01,104.3,6.2,0
PRD-20,2009-07-01,108.3,6.5,0
PRD-20,2009-08-01,96.9,5.9,0
PRD-20,2009-09-01,95.3,5.8,0
PRD-20,2009-10-01,87.5,5.4,0
PRD-20,2009-11-01,95.5,5.9,0
PRD-20,2009-12-01,90,5.6,0
PRD-20,2010-01-01,75,4.7,0
PRD-20,2010-02-01,100.2,6.4,0
PRD-20,2010-03-01,86.3,5.6,0
PRD-20,2010-04-01,93.6,6.1,0
PRD-20,2010-05-01,96.8,6.3,0
PRD-20,2010-06-01,85.3,5.6,0
PRD-20,2010-07-01,88.6,5.9,0
PRD-20,2010-08-01,86.7,5.8,0
PRD-20,2010-09-01,80.8,5.5,0
PRD-20,2010-10-01,83.4,5.7,0
PRD-20,2010-11-01,81.5,5.6,0
PRD-20,2010-12-01,82.6,5.7,0
PRD-20,2011-01-01,84.7,5.9,0
PRD-20,2011-02-01,87.9,6.2,0
PRD-20,2011-03-01,73.5,5.2,0
PRD-20,2011-04-01,76.3,5.5,0
PRD-20,2011-05-01,85.4,6.2,0
PRD-20,2011-06-01,85.5,6.2,0
PRD-20,2011-07-01,83.9,6.2,0
PRD-20,2011-08-01,72.1,5.3,0
PRD-20,2011-09-01,74.6,5.6,0
PRD-20,2011-10-01,72.9,5.5,0
PRD-20,2011-11-01,26.2,2,0
PRD-20,2011-12-01,74.9,5.7,0
PRD-20,2012-01-01,68.4,5.2,0
PRD-20,2012-02-01,68.6,5.3,0
PRD-20,2012-03-01,69.6,5.4,0
PRD-20,2012-04-01,68.1,5.3,0
PRD-20,2012-05-01,65.8,5.2,0
PRD-20,2012-06-01,62.8,5,0
PRD-20,2012-07-01,58.6,4.7,0
PRD-20,2012-08-01,64.1,5.2,0
PRD-20,2012-09-01,65.4,5.3,0
PRD-20,2012-10-01,66.1,5.4,0
PRD-20,2012-11-01,61.2,5,0
PRD-20,2012-12-01,59.6,4.9,0
PRD-20,2013-01-01,56.4,4.7,0
PRD-20,2013-02-01,52.9,4.4,0
PRD-20,2013-03-01,65.1,5.5,0
PRD-20,2013-04-01,61.4,5.2,0
PRD-20,2013-05-01,61.1,5.2,0
PRD-20,2013-06-01,60.8,5.2,0
PRD-20,2013-07-01,48.8,4.2,0
PRD-20,2013-08-01,49.7,4.3,0
PRD-20,2013-09-01,60.6,5.3,0
PRD-20,2013-10-01,52.1,4.6,0
PRD-20,2013-11-01,47.4,4.2,0
PRD-20,2013-12-01,53.6,4.8,0
PRD-20,2014-01-01,49.2,4.4,0
PRD-20,2014-02-01,51.6,4.7,0
PRD-20,2014-03-01,52.4,4.8,0
PRD-20,2014-04-01,48.6,4.5,0
PRD-20,2014-05-01,47.6,4.4,0
PRD-20,2014-06-01,53.2,4.9,0
PRD-20,2014-07-01,43.7,4.1,0
PRD-20,2014-08-01,47,4.4,0
PRD-20,2014-09-01,53.3,5,0
PRD-20,2014-10-01,45.5,4.3,0
PRD-20,2014-11-01,46.5,4.4,0
PRD-20,2014-12-01,45.4,4.4,0
PRD-20,2015-01-01,39.2,3.8,0
PRD-20,2015-02-01,41.1,4,0
PRD-20,2015-03-01,37.4,3.7,0
PRD-20,2015-04-01,40.4,4,0
PRD-20,2015-05-01,38.8,3.8,0
PRD-20,2015-06-01,37.8,3.8,0
PRD-20,2015-07-01,37.8,3.8,0
PRD-20,2015-08-01,43.5,4.4,0
PRD-20,2015-09-01,40.4,4.1,0
PRD-20,2015-10-01,38.4,3.9,0
PRD-20,2015-11-01,36.2,3.7,0
PRD-20,2015-12-01,37.4,3.8,0
PRD-20,2016-01-01,35.1,3.6,0
PRD-20,2016-02-01,35.6,3.7,0
PRD-20,2016-03-01,38.3,4,0
PRD-20,2016-04-01,37.5,3.9,0
PRD-20,2016-05-01,31.5,3.3,0
PRD-20,2016-06-01,33.1,3.5,0
PRD-20,2016-07-01,35.8,3.8,0
PRD-20,2016-08-01,33,3.5,0
PRD-20,2016-09-01,35.1,3.8,0
PRD-20,2016-10-01,34,3.7,0
PRD-20,2016-11-01,35.9,3.9,0
PRD-20,2016-12-01,33.7,3.7,0
PRD-20,2017-01-01,34.2,3.8,0
PRD-20,2017-02-01,34.9,3.9,0
PRD-20,2017-03-01,30.2,3.4,0
PRD-20,2017-04-01,28.8,3.2,0
PRD-20,2017-05-01,26.3,2.9,0
PRD-20,2017-06-01,32.2,3.6,0
PRD-20,2017-07-01,28.2,3.2,0
PRD-20,2017-08-01,28,3.2,0
PRD-20,2017-09-01,27.6,3.2,0
PRD-20,2017-10-01,29.3,3.4,0
PRD-20,2017-11-01,29.3,3.4,0
PRD-20,2017-12-01,30.3,3.5,0
PRD-20,2018-01-01,27.2,3.2,0
PRD-20,2018-02-01,26.1,3.1,0
PRD-20,2018-03-01,28.6,3.4,0
PRD-20,2018-04-01,27.7,3.3,0
PRD-20,2018-05-01,23.4,2.8,0
PRD-20,2018-06-01,22.1,2.6,0
PRD-20,2018-07-01,5.4,0.6,0
PRD-20,2018-08-01,26.8,3.2,0
PRD-20,2018-09-01,26.3,3.2,0
PRD-20,2018-10-01,21.1,2.6,0
PRD-20,2018-11-01,21.9,2.7,0
PRD-20,2018-12-01,23.6,2.9,0
PRD-20,2019-01-01,22.4,2.8,0
PRD-20,2019-02-01,24.7,3.1,0
PRD-20,2019-03-01,23.1,2.9,0
PRD-20,2019-04-01,21.2,2.6,0
PRD-20,2019-05-01,21.4,2.7,0
PRD-20,2019-06-01,22.5,2.8,0
PRD-20,2019-07-01,21.8,2.8,0
PRD-20,2019-08-01,22.1,2.8,0
PRD-20,2019-09-01,18.7,2.4,0
PRD-20,2019-10-01,22.3,2.9,0
PRD-20,2019-11-01,19.2,2.5,0
PRD-20,2019-12-01,19.3,2.5,0
PRD-20,2020-01-01,21.3,2.8,0
PRD-20,2020-02-01,17.7,2.3,0
PRD-20,2020-03-01,22.8,3,0
PRD-20,2020-04-01,18.5,2.4,0
PRD-20,2020-05-01,20.5,2.7,0
PRD-20,2020-06-01,18.9,2.5,0
PRD-20,2020-07-01,19.7,2.6,0
PRD-20,2020-08-01,17.8,2.4,0
PRD-20,2020-09-01,17.3,2.3,0
PRD-20,2020-10-01,17.9,2.4,0
PRD-20,2020-11-01,17.8,2.4,0
PRD-20,2020-12-01,18.5,2.5,0
PRD-20,2021-01-01,17,2.3,0
PRD-20,2021-02-01,16.9,2.3,0
PRD-20,2021-03-01,17.3,2.4,0
PRD-20,2021-04-01,16.8,2.3,0
PRD-20,2021-05-01,14.7,2,0
PRD-20,2021-06-01,15,2.1,0
PRD-20,2021-07-01,15.7,2.2,0
PRD-20,2021-08-01,16.8,2.4,0
PRD-20,2021-09-01,16.2,2.3,0
PRD-20,2021-10-01,14.2,2,0
PRD-20,2021-11-01,15.4,2.2,0
PRD-20,2021-12-01,13.7,2.2,0
PRD-20,2022-01-01,13.3,4.9,0
PRD-20,2022-02-01,15.5,12,0
PRD-20,2022-03-01,14.7,17.8,0
PRD-20,2022-04-01,2.4,4.6,0
PRD-20,2022-05-01,13.7,36,0
PRD-20,2022-06-01,16.1,42.3,0
PRD-20,2022-07-01,33.7,49.2,0
PRD-20,2022-08-01,54.7,55,0
PRD-20,2022-09-01,83,68.5,0
PRD-20,2022-10-01,90.6,64.7,0
PRD-20,2022-11-01,119.3,76.7,0
PRD-20,2022-12-01,124.4,73.3,0
PRD-20,2023-01-01,135.8,74.7,0
PRD-20,2023-02-01,189.3,95.8,0
PRD-20,2023-03-01,180.8,86.2,0
PRD-20,2023-04-01,200.1,88.2,0
PRD-20,2023-05-01,195.6,80.2,0
PRD-20,2023-06-01,245.9,93.8,0
PRD-20,2023-07-01,201.7,71.4,0
PRD-20,2023-08-01,217.6,72.2,0
PRD-20,2023-09-01,296.1,92.2,0
PRD-20,2023-10-01,262.6,75.5,0
PRD-20,2023-11-01,271.4,72.6,0
PRD-20,2023-12-01,283.5,68.7,0
PRD-20,2024-01-01,258.3,62.9,0
PRD-20,2024-02-01,270.8,62.8,0
PRD-20,2024-03-01,288.8,64.8,0
PRD-20,2024-04-01,258.4,56.4,0
PRD-20,2024-05-01,291.9,63,0
PRD-20,2024-06-01,303.8,62.9,0
PRD-20,2024-07-01,328,64.3,0
PRD-20,2024-08-01,324.2,64.1,0
PRD-20,2024-09-01,297.7,57.4,0
PRD-20,2024-10-01,315.4,60.3,0
PRD-20,2024-11-01,325.6,59.8,0
PRD-20,2024-12-01,298.3,53.4,0
PRD-20,2025-01-01,298,53.1,0
PRD-20,2025-02-01,288.3,52.1,0
PRD-20,2025-03-01,307.4,54.1,0
PRD-20,2025-04-01,341.9,60.6,0
PRD-20,2025-05-01,328.1,58.5,0
PRD-20,2025-06-01,442.4,76,0
PRD-20,2025-07-01,305.3,53.9,0
PRD-20,2025-08-01,323.2,56.8,0
PRD-20,2025-09-01,306.7,54.2,0
PRD-20,2025-10-01,350.9,62.3,0
PRD-20,2025-11-01,286.5,50.5,0
PRD-20,2025-12-01,314.8,56.3,0
PRD-20,2026-01-01,336.7,60.7,0
PRD-20,2026-02-01,304.7,55.3,0
PRD-20,2026-03-01,301.8,53.3,0
PRD-20,2026-04-01,297.5,52.9,0
PRD-20,2026-05-01,360.5,63.8,0
PRD-20,2026-06-01,319.9,57.3,0
PRD-20,2026-07-01,354.8,63.6,0
PRD-20,2026-08-01,325.2,58.1,0
PRD-21,2009-10-01,35.4,2.2,0
PRD-21,2009-11-01,39.2,2.4,0
PRD-21,2009-12-01,35.1,2.2,0
PRD-21,2010-01-01,38.5,2.4,0
PRD-21,2010-02-01,38.9,2.5,0
PRD-21,2010-03-01,33.5,2.2,0
PRD-21,2010-04-01,37.5,2.4,0
PRD-21,2010-05-01,33.3,2.2,0
PRD-21,2010-06-01,36.3,2.4,0
PRD-21,2010-07-01,33.9,2.3,0
PRD-21,2010-08-01,36,2.4,0
PRD-21,2010-09-01,30.3,2.1,0
PRD-21,2010-10-01,33.5,2.3,0
PRD-21,2010-11-01,32.9,2.3,0
PRD-21,2010-12-01,32.4,2.2,0
PRD-21,2011-01-01,30.3,2.1,0
PRD-21,2011-02-01,32.9,2.3,0
PRD-21,2011-03-01,30,2.1,0
PRD-21,2011-04-01,27.5,2,0
PRD-21,2011-05-01,30.5,2.2,0
PRD-21,2011-06-01,28.7,2.1,0
PRD-21,2011-07-01,32.3,2.4,0
PRD-21,2011-08-01,34.1,2.5,0
PRD-21,2011-09-01,28.3,2.1,0
PRD-21,2011-10-01,28.5,2.1,0
PRD-21,2011-11-01,28.1,2.1,0
PRD-21,2011-12-01,27.2,2.1,0
PRD-21,2012-01-01,26.5,2,0
PRD-21,2012-02-01,24.3,1.9,0
PRD-21,2012-03-01,28.6,2.2,0
PRD-21,2012-04-01,27.6,2.2,0
PRD-21,2012-05-01,26.2,2.1,0
PRD-21,2012-06-01,23.3,1.9,0
PRD-21,2012-07-01,26,2.1,0
PRD-21,2012-08-01,27,2.2,0
PRD-21,2012-09-01,25.2,2,0
PRD-21,2012-10-01,20.5,1.7,0
PRD-21,2012-11-01,24.1,2,0
PRD-21,2012-12-01,21.6,1.8,0
PRD-21,2013-01-01,22.5,1.9,0
PRD-21,2013-02-01,7.4,0.6,0
PRD-21,2013-03-01,21.6,1.8,0
PRD-21,2013-04-01,25.1,2.1,0
PRD-21,2013-05-01,22.2,1.9,0
PRD-21,2013-06-01,21.7,1.9,0
PRD-21,2013-07-01,21.2,1.8,0
PRD-21,2013-08-01,22.5,2,0
PRD-21,2013-09-01,23.1,2,0
PRD-21,2013-10-01,21.7,1.9,0
PRD-21,2013-11-01,1.3,0.1,0
PRD-21,2013-12-01,3.8,0.3,0
PRD-21,2014-01-01,18.8,1.7,0
PRD-21,2014-02-01,19.9,1.8,0
PRD-21,2014-03-01,21.1,1.9,0
PRD-21,2014-04-01,20.6,1.9,0
PRD-21,2014-05-01,18,1.7,0
PRD-21,2014-06-01,16.2,1.5,0
PRD-21,2014-07-01,17.3,1.6,0
PRD-21,2014-08-01,17.6,1.7,0
PRD-21,2014-09-01,15.8,1.5,0
PRD-21,2014-10-01,16.1,1.5,0
PRD-21,2014-11-01,17.6,1.7,0
PRD-21,2014-12-01,17.9,1.7,0
PRD-21,2015-01-01,13.9,1.3,0
PRD-21,2015-02-01,15.2,1.5,0
PRD-21,2015-03-01,16.6,1.6,0
PRD-21,2015-04-01,16.3,1.6,0
PRD-21,2015-05-01,14.8,1.5,0
PRD-21,2015-06-01,14.6,1.5,0
PRD-21,2015-07-01,15,1.5,0
PRD-21,2015-08-01,14,1.4,0
PRD-21,2015-09-01,14.8,1.5,0
PRD-21,2015-10-01,13.9,1.4,0
PRD-21,2015-11-01,14.5,1.5,0
PRD-21,2015-12-01,14.1,1.4,0
PRD-21,2016-01-01,13.2,1.4,0
PRD-21,2016-02-01,12.6,1.3,0
PRD-21,2016-03-01,13.7,1.4,0
PRD-21,2016-04-01,12.3,1.3,0
PRD-21,2016-05-01,14.2,1.5,0
PRD-21,2016-06-01,12.8,1.4,0
PRD-21,2016-07-01,13.5,1.4,0
PRD-21,2016-08-01,13,1.4,0
PRD-21,2016-09-01,13.6,1.5,0
PRD-21,2016-10-01,10.5,1.1,0
PRD-21,2016-11-01,12.1,1.3,0
PRD-21,2016-12-01,10.8,1.2,0
PRD-21,2017-01-01,11.3,1.2,0
PRD-21,2017-02-01,11.8,1.3,0
PRD-21,2017-03-01,13.2,1.5,0
PRD-21,2017-04-01,11.9,1.3,0
PRD-21,2017-05-01,11.8,1.3,0
PRD-21,2017-06-01,11.1,1.7,0
PRD-21,2017-07-01,11.9,5.1,0
PRD-21,2017-08-01,11.7,12.4,0
PRD-21,2017-09-01,10.9,18.5,0
PRD-21,2017-10-01,10.2,23.9,0
PRD-21,2017-11-01,13.6,42.2,0
PRD-21,2017-12-01,32.5,48.1,0
PRD-21,2018-01-01,54.8,52.6,0
PRD-21,2018-02-01,68.1,51.6,0
PRD-21,2018-03-01,86.5,57.3,0
PRD-21,2018-04-01,112.6,66.9,0
PRD-21,2018-05-01,109.9,58.8,0
PRD-21,2018-06-01,131.7,64.9,0
PRD-21,2018-07-01,169.8,76.7,0
PRD-21,2018-08-01,159.2,66,0
PRD-21,2018-09-01,178.6,68.4,0
PRD-21,2018-10-01,151,54,0
PRD-21,2018-11-01,208.7,68.5,0
PRD-21,2018-12-01,205.8,60.9,0
PRD-21,2019-01-01,216.9,59.5,0
PRD-21,2019-02-01,231.4,59.4,0
PRD-21,2019-03-01,276.3,63.4,0
PRD-21,2019-04-01,245.7,53.4,0
PRD-21,2019-05-01,247.1,51.8,0
PRD-21,2019-06-01,261.5,51.9,0
PRD-21,2019-07-01,282.1,53.7,0
PRD-21,2019-08-01,238.7,44.2,0
PRD-21,2019-09-01,264.8,47.7,0
PRD-21,2019-10-01,253.8,44.9,0
PRD-21,2019-11-01,282,48.9,0
PRD-21,2019-12-01,252.9,41,0
PRD-21,2020-01-01,264.3,42.8,0
PRD-21,2020-02-01,240.5,39.7,0
PRD-21,2020-03-01,267.9,42.8,0
PRD-21,2020-04-01,305,48.5,0
PRD-21,2020-05-01,274,45.4,0
PRD-21,2020-06-01,265.8,44,0
PRD-21,2020-07-01,271.6,43.9,0
PRD-21,2020-08-01,254,41.2,0
PRD-21,2020-09-01,245.2,39.2,0
PRD-21,2020-10-01,274.4,44.8,0
PRD-21,2020-11-01,285,46.3,0
PRD-21,2020-12-01,289.7,47.9,0
PRD-21,2021-01-01,262,42.2,0
PRD-21,2021-02-01,258.1,41.8,0
PRD-21,2021-03-01,250,42.3,0
PRD-21,2021-04-01,292.8,49.7,0
PRD-21,2021-05-01,284.9,47.7,0
PRD-21,2021-06-01,289.2,48.1,0
PRD-21,2021-07-01,274.1,45.1,0
PRD-21,2021-08-01,273.6,46.3,0
PRD-21,2021-09-01,273.5,45.3,0
PRD-21,2021-10-01,273.5,46.6,0
PRD-21,2021-11-01,292.5,48.5,0
PRD-21,2021-12-01,293.2,50.9,0
PRD-21,2022-01-01,257.3,44.8,0
PRD-21,2022-02-01,263.7,45.1,0
PRD-21,2022-03-01,270.4,47,0
PRD-21,2022-04-01,260.7,54.4,0
PRD-21,2022-05-01,263.8,83.8,0
PRD-21,2022-06-01,241.7,82.8,0
PRD-21,2022-07-01,235.1,80.8,0
PRD-21,2022-08-01,258.8,90.1,0
PRD-21,2022-09-01,217.4,75.3,0
PRD-21,2022-10-01,218,81.9,0
PRD-21,2022-11-01,235.2,80.9,0
PRD-21,2022-12-01,230.9,88.2,0
PRD-21,2023-01-01,226.5,82.1,0
PRD-21,2023-02-01,147,133.9,0
PRD-21,2023-03-01,150,148.2,0
PRD-21,2023-04-01,170.1,171.9,0
PRD-21,2023-05-01,157.9,160.5,0
PRD-21,2023-06-01,158.1,162.6,0
PRD-21,2023-07-01,145.2,155.8,0
PRD-21,2023-08-01,165,168.2,0
PRD-21,2023-09-01,108.1,167.6,0
PRD-21,2023-10-01,75,280.6,0
PRD-21,2023-11-01,57.2,221.8,0
PRD-21,2023-12-01,57.6,232.8,0
PRD-21,2024-01-01,53.6,224.9,0
PRD-21,2024-02-01,66,281,0
PRD-21,2024-03-01,57.8,258.5,0
PRD-21,2024-04-01,59.1,272.5,0
PRD-21,2024-05-01,53.1,251.6,0
PRD-21,2024-06-01,47.2,231.3,0
PRD-21,2024-07-01,54.1,274.5,0
PRD-21,2024-08-01,47.8,248.4,0
PRD-21,2024-09-01,52.4,279,0
PRD-21,2024-10-01,42.2,232.3,0
PRD-21,2024-11-01,48.8,276.1,0
PRD-21,2024-12-01,48.6,280.9,0
PRD-21,2025-01-01,10.8,64.1,0
PRD-21,2025-02-01,43.3,261,0
PRD-21,2025-03-01,45.2,283.7,0
PRD-21,2025-04-01,38.7,248.2,0
PRD-21,2025-05-01,42.2,274.9,0
PRD-21,2025-06-01,39.7,268.4,0
PRD-21,2025-07-01,37.5,257.7,0
PRD-21,2025-08-01,38.8,273.8,0
PRD-21,2025-09-01,38.8,278.1,0
PRD-21,2025-10-01,41.5,305.7,0
PRD-21,2025-11-01,35.5,270.1,0
PRD-21,2025-12-01,43,329.2,0
PRD-21,2026-01-01,36.2,284.7,0
PRD-21,2026-02-01,35,281.9,0
PRD-21,2026-03-01,35.6,293.6,0
PRD-21,2026-04-01,32.9,276,0
PRD-21,2026-05-01,33.4,286.8,0
PRD-21,2026-06-01,33.5,292,0
PRD-21,2026-07-01,1.3,12,0
PRD-21,2026-08-01,32.1,293,0
PRD-22,2009-09-01,85.8,5.2,0
PRD-22,2009-10-01,97.1,6,0
PRD-22,2009-11-01,91.6,5.7,0
PRD-22,2009-12-01,89.6,5.6,0
PRD-22,2010-01-01,77.2,4.9,0
PRD-22,2010-02-01,93,5.9,0
PRD-22,2010-03-01,81,5.2,0
PRD-22,2010-04-01,84.3,5.5,0
PRD-22,2010-05-01,75.4,4.9,0
PRD-22,2010-06-01,73.4,4.8,0
PRD-22,2010-07-01,75.2,5,0
PRD-22,2010-08-01,77.5,5.2,0
PRD-22,2010-09-01,83.7,5.7,0
PRD-22,2010-10-01,78.7,5.4,0
PRD-22,2010-11-01,71.5,4.9,0
PRD-22,2010-12-01,79.9,5.6,0
PRD-22,2011-01-01,3.9,0.3,0
PRD-22,2011-02-01,75.2,5.3,0
PRD-22,2011-03-01,67.6,4.8,0
PRD-22,2011-04-01,74.2,5.3,0
PRD-22,2011-05-01,68.6,5,0
PRD-22,2011-06-01,69.6,5.1,0
PRD-22,2011-07-01,78.9,5.8,0
PRD-22,2011-08-01,70.3,5.2,0
PRD-22,2011-09-01,77.2,5.7,0
PRD-22,2011-10-01,66,4.9,0
PRD-22,2011-11-01,58.7,4.4,0
PRD-22,2011-12-01,65.1,5,0
PRD-22,2012-01-01,62.9,4.8,0
PRD-22,2012-02-01,69.8,5.4,0
PRD-22,2012-03-01,57.7,4.5,0
PRD-22,2012-04-01,59.8,4.7,0
PRD-22,2012-05-01,62,4.9,0
PRD-22,2012-06-01,58.8,4.7,0
PRD-22,2012-07-01,54.6,4.4,0
PRD-22,2012-08-01,56.6,4.6,0
PRD-22,2012-09-01,56.8,4.6,0
PRD-22,2012-10-01,58.4,4.8,0
PRD-22,2012-11-01,59.5,4.9,0
PRD-22,2012-12-01,59.6,4.9,0
PRD-22,2013-01-01,54.8,4.6,0
PRD-22,2013-02-01,50.8,4.3,0
PRD-22,2013-03-01,54.7,4.6,0
PRD-22,2013-04-01,47.9,4.1,0
PRD-22,2013-05-01,51.5,4.4,0
PRD-22,2013-06-01,53.1,4.6,0
PRD-22,2013-07-01,48.8,4.2,0
PRD-22,2013-08-01,42.3,3.7,0
PRD-22,2013-09-01,7.9,0.7,0
PRD-22,2013-10-01,51.3,4.5,0
PRD-22,2013-11-01,3.7,0.3,0
PRD-22,2013-12-01,47.8,4.3,0
PRD-22,2014-01-01,46.6,4.2,0
PRD-22,2014-02-01,44.8,4.1,0
PRD-22,2014-03-01,45.6,4.2,0
PRD-22,2014-04-01,45.1,4.1,0
PRD-22,2014-05-01,40.5,3.7,0
PRD-22,2014-06-01,43.1,4,0
PRD-22,2014-07-01,46.2,4.3,0
PRD-22,2014-08-01,42.4,4,0
PRD-22,2014-09-01,37.1,3.5,0
PRD-22,2014-10-01,15,1.4,0
PRD-22,2014-11-01,40.6,3.9,0
PRD-22,2014-12-01,43.2,4.1,0
PRD-22,2015-01-01,38.7,3.7,0
PRD-22,2015-02-01,36.3,3.5,0
PRD-22,2015-03-01,34.1,3.3,0
PRD-22,2015-04-01,37.9,3.7,0
PRD-22,2015-05-01,44.7,4.4,0
PRD-22,2015-06-01,33.2,3.3,0
PRD-22,2015-07-01,35.3,3.5,0
PRD-22,2015-08-01,35.8,3.6,0
PRD-22,2015-09-01,38.6,3.9,0
PRD-22,2015-10-01,35.1,3.6,0
PRD-22,2015-11-01,33.1,3.4,0
PRD-22,2015-12-01,5.9,0.6,0
PRD-22,2016-01-01,31.4,3.2,0
PRD-22,2016-02-01,32.5,3.4,0
PRD-22,2016-03-01,32,3.3,0
PRD-22,2016-04-01,35.5,3.7,0
PRD-22,2016-05-01,32.2,3.4,0
PRD-22,2016-06-01,31.6,3.4,0
PRD-22,2016-07-01,34.4,3.7,0
PRD-22,2016-08-01,35,3.8,0
PRD-22,2016-09-01,29.9,3.2,0
PRD-22,2016-10-01,29.1,3.2,0
PRD-22,2016-11-01,29.5,3.2,0
PRD-22,2016-12-01,27.7,3,0
PRD-22,2017-01-01,33.2,3.7,0
PRD-22,2017-02-01,29.7,3.3,0
PRD-22,2017-03-01,26.8,3,0
PRD-22,2017-04-01,26.5,3,0
PRD-22,2017-05-01,26.2,2.9,0
PRD-22,2017-06-01,29.5,3.8,0
PRD-22,2017-07-01,26.3,7.7,0
PRD-22,2017-08-01,23.1,16.1,0
PRD-22,2017-09-01,24.5,27.3,0
PRD-22,2017-10-01,24.2,38.7,0
PRD-22,2017-11-01,30.5,68.3,0
PRD-22,2017-12-01,44.4,74.8,0
PRD-22,2018-01-01,70.4,85.7,0
PRD-22,2018-02-01,108.9,106.1,0
PRD-22,2018-03-01,112.3,95,0
PRD-22,2018-04-01,21.6,15.8,0
PRD-22,2018-05-01,199.7,131.6,0
PRD-22,2018-06-01,222.5,132.8,0
PRD-22,2018-07-01,230.7,127.8,0
PRD-22,2018-08-01,289.6,152.3,0
PRD-22,2018-09-01,281.5,139.2,0
PRD-22,2018-10-01,330.1,156.8,0
PRD-22,2018-11-01,383.9,167.6,0
PRD-22,2018-12-01,402.1,170.6,0
PRD-22,2019-01-01,348.7,135.3,0
PRD-22,2019-02-01,347.5,132,0
PRD-22,2019-03-01,51.3,18.1,0
PRD-22,2019-04-01,410.9,138.3,0
PRD-22,2019-05-01,367.7,123.4,0
PRD-22,2019-06-01,450.2,140.5,0
PRD-22,2019-07-01,467.4,143.7,0
PRD-22,2019-08-01,413.3,125.4,0
PRD-22,2019-09-01,424.1,119,0
PRD-22,2019-10-01,492.5,138.8,0
PRD-22,2019-11-01,444.5,120.5,0
PRD-22,2019-12-01,494,130.1,0
PRD-22,2020-01-01,448.8,117.4,0
PRD-22,2020-02-01,479.3,125.1,0
PRD-22,2020-03-01,524,129.7,0
PRD-22,2020-04-01,533.4,129.3,0
PRD-22,2020-05-01,537.8,131.3,0
PRD-22,2020-06-01,477.1,114.1,0
PRD-22,2020-07-01,621.9,146.5,0
PRD-22,2020-08-01,535,121.8,0
PRD-22,2020-09-01,532.3,122.6,0
PRD-22,2020-10-01,525.4,122.1,0
PRD-22,2020-11-01,542.7,119.2,0
PRD-22,2020-12-01,545.6,122,0
PRD-22,2021-01-01,563.6,125.1,0
PRD-22,2021-02-01,479.4,105.8,0
PRD-22,2021-03-01,501.1,112.7,0
PRD-22,2021-04-01,488.7,108.9,0
PRD-22,2021-05-01,506.9,110.4,0
PRD-22,2021-06-01,526,113,0
PRD-22,2021-07-01,604.7,131.3,0
PRD-22,2021-08-01,509.4,111,0
PRD-22,2021-09-01,595.6,125.8,0
PRD-22,2021-10-01,549.1,118.1,0
PRD-22,2021-11-01,513.8,109.5,0
PRD-22,2021-12-01,587.5,131.9,0
PRD-22,2022-01-01,560.1,123.4,0
PRD-22,2022-02-01,591.1,130.5,0
PRD-22,2022-03-01,577.7,128.7,0
PRD-22,2022-04-01,432.1,103.2,0
PRD-22,2022-05-01,454.9,136.2,0
PRD-22,2022-06-01,422.5,130.5,0
PRD-22,2022-07-01,396.4,123.9,0
PRD-22,2022-08-01,31.8,10.2,0
PRD-22,2022-09-01,426.6,139.8,0
PRD-22,2022-10-01,455.7,184.9,0
PRD-22,2022-11-01,393.4,156.2,0
PRD-22,2022-12-01,466.1,201.5,0
PRD-22,2023-01-01,380.3,158.2,0
PRD-22,2023-02-01,362.2,238,0
PRD-22,2023-03-01,355.4,249.1,0
PRD-22,2023-04-01,419.1,294,0
PRD-22,2023-05-01,376,264.8,0
PRD-22,2023-06-01,335.4,238.3,0
PRD-22,2023-07-01,352.6,251,0
PRD-22,2023-08-01,366.3,262.3,0
PRD-22,2023-09-01,321,282.8,0
PRD-22,2023-10-01,262.1,344.8,0
PRD-22,2023-11-01,269.3,356.2,0
PRD-22,2023-12-01,308.4,418.9,0
PRD-22,2024-01-01,258.5,352.1,0
PRD-22,2024-02-01,275.1,392.7,0
PRD-22,2024-03-01,282.8,407.2,0
PRD-22,2024-04-01,219.5,319.3,0
PRD-22,2024-05-01,212.5,350.2,0
PRD-22,2024-06-01,203.1,424.3,0
PRD-22,2024-07-01,187.1,425.7,0
PRD-22,2024-08-01,192.7,427.6,0
PRD-22,2024-09-01,189,400.1,0
PRD-22,2024-10-01,187.8,389.2,0
PRD-22,2024-11-01,176.4,419.4,0
PRD-22,2024-12-01,175.1,433.4,0
PRD-22,2025-01-01,193,456.9,0
PRD-22,2025-02-01,212.1,496.7,0
PRD-22,2025-03-01,149.9,368.6,0
PRD-22,2025-04-01,169.3,419.1,0
PRD-22,2025-05-01,189.5,494.7,0
PRD-22,2025-06-01,182,456.5,0
PRD-22,2025-07-01,177.9,436.9,0
PRD-22,2025-08-01,152.2,397,0
PRD-22,2025-09-01,152.5,413.3,0
PRD-22,2025-10-01,157,436.1,0
PRD-22,2025-11-01,164,465.1,0
PRD-22,2025-12-01,176.1,509,0
PRD-22,2026-01-01,178.9,475.1,0
PRD-22,2026-02-01,181.8,504.1,0
PRD-22,2026-03-01,99.8,650,0
PRD-22,2026-04-01,87.5,577,0
PRD-22,2026-05-01,90.5,609.7,0
PRD-22,2026-06-01,82.3,572.8,0
PRD-22,2026-07-01,84.1,599.1,0
PRD-22,2026-08-01,95.2,696.1,0
PRD-23,2008-02-01,78.9,4,0
PRD-23,2008-03-01,115.2,5.9,0
PRD-23,2008-04-01,128.1,6.6,0
PRD-23,2008-05-01,122.4,6.4,0
PRD-23,2008-06-01,118.1,6.2,0
PRD-23,2008-07-01,121.6,6.5,0
PRD-23,2008-08-01,123,6.6,0
PRD-23,2008-09-01,114,6.2,0
PRD-23,2008-10-01,109.9,6,0
PRD-23,2008-11-01,26.4,1.5,0
PRD-23,2008-12-01,114.2,6.4,0
PRD-23,2009-01-01,121.2,6.9,0
PRD-23,2009-02-01,105.9,6.1,0
PRD-23,2009-03-01,106,6.1,0
PRD-23,2009-04-01,117,6.8,0
PRD-23,2009-05-01,108.1,6.4,0
PRD-23,2009-06-01,112.8,6.7,0
PRD-23,2009-07-01,103.6,6.2,0
PRD-23,2009-08-01,113.1,6.8,0
PRD-23,2009-09-01,109.1,6.7,0
PRD-23,2009-10-01,97.8,6,0
PRD-23,2009-11-01,93.3,5.8,0
PRD-23,2009-12-01,95.8,6,0
PRD-23,2010-01-01,99,6.3,0
PRD-23,2010-02-01,113.8,7.3,0
PRD-23,2010-03-01,74.8,4.8,0
PRD-23,2010-04-01,89.5,5.8,0
PRD-23,2010-05-01,92.4,6.1,0
PRD-23,2010-06-01,88.3,5.8,0
PRD-23,2010-07-01,90.4,6,0
PRD-23,2010-08-01,83.8,5.6,0
PRD-23,2010-09-01,91.4,6.2,0
PRD-23,2010-10-01,83.3,5.7,0
PRD-23,2010-11-01,89.9,6.2,0
PRD-23,2010-12-01,87.4,6.1,0
PRD-23,2011-01-01,22.2,1.6,0
PRD-23,2011-02-01,83.1,5.9,0
PRD-23,2011-03-01,75.7,5.4,0
PRD-23,2011-04-01,77.2,5.5,0
PRD-23,2011-05-01,80.7,5.8,0
PRD-23,2011-06-01,80.6,5.9,0
PRD-23,2011-07-01,78,5.7,0
PRD-23,2011-08-01,66.6,4.9,0
PRD-23,2011-09-01,67.1,5,0
PRD-23,2011-10-01,69.1,5.2,0
PRD-23,2011-11-01,65.8,5,0
PRD-23,2011-12-01,13.9,1.1,0
PRD-23,2012-01-01,66,5.1,0
PRD-23,2012-02-01,65.7,5.1,0
PRD-23,2012-03-01,68.9,5.4,0
PRD-23,2012-04-01,64.7,5.1,0
PRD-23,2012-05-01,69.8,5.5,0
PRD-23,2012-06-01,62,4.9,0
PRD-23,2012-07-01,68.8,5.5,0
PRD-23,2012-08-01,68.9,5.6,0
PRD-23,2012-09-01,59.9,4.9,0
PRD-23,2012-10-01,66.7,5.4,0
PRD-23,2012-11-01,60.2,4.9,0
PRD-23,2012-12-01,65.8,5.4,0
PRD-23,2013-01-01,58.7,4.9,0
PRD-23,2013-02-01,61.8,5.2,0
PRD-23,2013-03-01,59.5,5,0
PRD-23,2013-04-01,63.2,5.4,0
PRD-23,2013-05-01,55.4,4.7,0
PRD-23,2013-06-01,63.5,5.5,0
PRD-23,2013-07-01,53.4,4.6,0
PRD-23,2013-08-01,50.3,4.4,0
PRD-23,2013-09-01,57.3,5,0
PRD-23,2013-10-01,44.3,3.9,0
PRD-23,2013-11-01,55.6,4.9,0
PRD-23,2013-12-01,59.1,5.3,0
PRD-23,2014-01-01,50.8,4.6,0
PRD-23,2014-02-01,51.4,4.7,0
PRD-23,2014-03-01,52.5,4.8,0
PRD-23,2014-04-01,46.6,4.3,0
PRD-23,2014-05-01,50.3,4.6,0
PRD-23,2014-06-01,51.6,4.8,0
PRD-23,2014-07-01,48.8,4.6,0
PRD-23,2014-08-01,45.4,4.3,0
PRD-23,2014-09-01,47.4,4.5,0
PRD-23,2014-10-01,46.5,4.4,0
PRD-23,2014-11-01,43.3,4.1,0
PRD-23,2014-12-01,40.2,3.9,0
PRD-23,2015-01-01,41.8,4,0
PRD-23,2015-02-01,44,4.3,0
PRD-23,2015-03-01,48.5,4.7,0
PRD-23,2015-04-01,41.8,4.1,0
PRD-23,2015-05-01,42.2,4.2,0
PRD-23,2015-06-01,44.1,4.4,0
PRD-23,2015-07-01,33.2,3.3,0
PRD-23,2015-08-01,39.2,3.9,0
PRD-23,2015-09-01,38.3,3.9,0
PRD-23,2015-10-01,36.9,3.7,0
PRD-23,2015-11-01,40.1,4.1,0
PRD-23,2015-12-01,40.4,4.2,0
PRD-23,2016-01-01,36.5,3.8,0
PRD-23,2016-02-01,40.8,4.2,0
PRD-23,2016-03-01,36.1,3.8,0
PRD-23,2016-04-01,41.8,4.4,0
PRD-23,2016-05-01,31.2,3.3,0
PRD-23,2016-06-01,37.8,4,0
PRD-23,2016-07-01,31.6,3.4,0
PRD-23,2016-08-01,35.6,3.8,0
PRD-23,2016-09-01,38,4.1,0
PRD-23,2016-10-01,34,3.7,0
PRD-23,2016-11-01,31.8,3.5,0
PRD-23,2016-12-01,31,3.4,0
PRD-23,2017-01-01,33.8,3.7,0
PRD-23,2017-02-01,26.6,2.9,0
PRD-23,2017-03-01,31.1,3.5,0
PRD-23,2017-04-01,32.5,3.6,0
PRD-23,2017-05-01,31,3.5,0
PRD-23,2017-06-01,26.3,3.2,0
PRD-23,2017-07-01,31.1,8.7,0
PRD-23,2017-08-01,29.6,18.1,0
PRD-23,2017-09-01,30.3,30.4,0
PRD-23,2017-10-01,27.4,41,0
PRD-23,2017-11-01,32.3,67.5,0
PRD-23,2017-12-01,40.2,77.8,0
PRD-23,2018-01-01,62.1,89.5,0
PRD-23,2018-02-01,89.2,99.8,0
PRD-23,2018-03-01,131.1,122.9,0
PRD-23,2018-04-01,130.3,105.8,0
PRD-23,2018-05-01,219.1,160.4,0
PRD-23,2018-06-01,249.2,169,0
PRD-23,2018-07-01,232,146.5,0
PRD-23,2018-08-01,300.4,179.8,0
PRD-23,2018-09-01,329.9,187.9,0
PRD-23,2018-10-01,317.7,172.3,0
PRD-23,2018-11-01,353.7,180.2,0
PRD-23,2018-12-01,327,163.4,0
PRD-23,2019-01-01,374.6,173.8,0
PRD-23,2019-02-01,407.5,181.9,0
PRD-23,2019-03-01,395.7,169.6,0
PRD-23,2019-04-01,391.2,162.9,0
PRD-23,2019-05-01,435.5,173.9,0
PRD-23,2019-06-01,419.2,156.8,0
PRD-23,2019-07-01,167.2,61.6,0
PRD-23,2019-08-01,428.7,152.5,0
PRD-23,2019-09-01,458.7,152.6,0
PRD-23,2019-10-01,513.7,168.5,0
PRD-23,2019-11-01,502.5,158.6,0
PRD-23,2019-12-01,421.8,129.4,0
PRD-23,2020-01-01,540.5,161.7,0
PRD-23,2020-02-01,462.6,136.1,0
PRD-23,2020-03-01,515.9,145.8,0
PRD-23,2020-04-01,530.4,149.1,0
PRD-23,2020-05-01,532.5,147.6,0
PRD-23,2020-06-01,575.1,154.4,0
PRD-23,2020-07-01,505.9,134.9,0
PRD-23,2020-08-01,467.9,124.1,0
PRD-23,2020-09-01,481.2,126.8,0
PRD-23,2020-10-01,562.9,144.5,0
PRD-23,2020-11-01,523.9,132.1,0
PRD-23,2020-12-01,548.1,137.7,0
PRD-23,2021-01-01,508,128.4,0
PRD-23,2021-02-01,479.9,120.7,0
PRD-23,2021-03-01,556.3,138.9,0
PRD-23,2021-04-01,466.2,114.5,0
PRD-23,2021-05-01,605.4,149.4,0
PRD-23,2021-06-01,504.8,123.4,0
PRD-23,2021-07-01,580.9,139.7,0
PRD-23,2021-08-01,457.2,111.4,0
PRD-23,2021-09-01,511.4,123.3,0
PRD-23,2021-10-01,498.4,156.2,0
PRD-23,2021-11-01,137.7,42.7,0
PRD-23,2021-12-01,478.2,161.9,0
PRD-23,2022-01-01,508.5,169.9,0
PRD-23,2022-02-01,488.5,162.1,0
PRD-23,2022-03-01,436.6,144.5,0
PRD-23,2022-04-01,427.9,146.9,0
PRD-23,2022-05-01,468.6,167.5,0
PRD-23,2022-06-01,441.5,151.7,0
PRD-23,2022-07-01,468.8,168.3,0
PRD-23,2022-08-01,512.8,183.7,0
PRD-23,2022-09-01,469.5,174,0
PRD-23,2022-10-01,457,198.6,0
PRD-23,2022-11-01,470.9,202,0
PRD-23,2022-12-01,456.2,211.1,0
PRD-23,2023-01-01,444,198.6,0
PRD-23,2023-02-01,502.5,223.8,0
PRD-23,2023-03-01,400.6,190,0
PRD-23,2023-04-01,434.7,194,0
PRD-23,2023-05-01,419.8,197.9,0
PRD-23,2023-06-01,51.9,24.5,0
PRD-23,2023-07-01,509.9,249.3,0
PRD-23,2023-08-01,412.9,203.4,0
PRD-23,2023-09-01,412,199.2,0
PRD-23,2023-10-01,412.7,209.2,0
PRD-23,2023-11-01,495.6,245.1,0
PRD-23,2023-12-01,454,255,0
PRD-23,2024-01-01,280.7,293.5,0
PRD-23,2024-02-01,338.6,367.9,0
PRD-23,2024-03-01,308.1,339.5,0
PRD-23,2024-04-01,284.4,423.9,0
PRD-23,2024-05-01,230.9,398.8,0
PRD-23,2024-06-01,214.4,470.8,0
PRD-23,2024-07-01,214,490.7,0
PRD-23,2024-08-01,205.2,467.8,0
PRD-23,2024-09-01,215.5,464.1,0
PRD-23,2024-10-01,246,544.5,0
PRD-23,2024-11-01,176.3,440.3,0
PRD-23,2024-12-01,170.5,440.5,0
PRD-23,2025-01-01,207,498.6,0
PRD-23,2025-02-01,40.5,100.5,0
PRD-23,2025-03-01,236.3,597.9,0
PRD-23,2025-04-01,176.1,457.5,0
PRD-23,2025-05-01,181.9,499.5,0
PRD-23,2025-06-01,198.1,501.4,0
PRD-23,2025-07-01,190.3,485,0
PRD-23,2025-08-01,180.1,492.2,0
PRD-23,2025-09-01,172.3,488.8,0
PRD-23,2025-10-01,159.3,461.7,0
PRD-23,2025-11-01,176.1,521,0
PRD-23,2025-12-01,171.6,517.2,0
PRD-23,2026-01-01,185.7,528.7,0
PRD-23,2026-02-01,197,555.5,0
PRD-23,2026-03-01,107.3,696.5,0
PRD-23,2026-04-01,87.3,577.8,0
PRD-23,2026-05-01,110.3,739.2,0
PRD-23,2026-06-01,92.7,646.4,0
PRD-23,2026-07-01,97.9,691.4,0
PRD-23,2026-08-01,79.7,575.4,0
PRD-24,2009-11-01,82.7,5.1,0
PRD-24,2009-12-01,102.4,6.4,0
PRD-24,2010-01-01,92.1,5.8,0
PRD-24,2010-02-01,99.6,6.4,0
PRD-24,2010-03-01,95.8,6.2,0
PRD-24,2010-04-01,75.4,4.9,0
PRD-24,2010-05-01,83.4,5.5,0
PRD-24,2010-06-01,82.2,5.4,0
PRD-24,2010-07-01,85.1,5.7,0
PRD-24,2010-08-01,82.6,5.6,0
PRD-24,2010-09-01,90.2,6.1,0
PRD-24,2010-10-01,78.8,5.4,0
PRD-24,2010-11-01,90.8,6.3,0
PRD-24,2010-12-01,76.9,5.3,0
PRD-24,2011-01-01,77.2,5.4,0
PRD-24,2011-02-01,74.9,5.3,0
PRD-24,2011-03-01,66.7,4.7,0
PRD-24,2011-04-01,71.7,5.1,0
PRD-24,2011-05-01,79.1,5.7,0
PRD-24,2011-06-01,75.1,5.5,0
PRD-24,2011-07-01,83,6.1,0
PRD-24,2011-08-01,66.3,4.9,0
PRD-24,2011-09-01,62.3,4.6,0
PRD-24,2011-10-01,72.4,5.4,0
PRD-24,2011-11-01,63.1,4.8,0
PRD-24,2011-12-01,69.9,5.3,0
PRD-24,2012-01-01,69.7,5.3,0
PRD-24,2012-02-01,60,4.6,0
PRD-24,2012-03-01,62.6,4.9,0
PRD-24,2012-04-01,62.9,4.9,0
PRD-24,2012-05-01,59.8,4.7,0
PRD-24,2012-06-01,65.2,5.2,0
PRD-24,2012-07-01,62.7,5,0
PRD-24,2012-08-01,56.4,4.5,0
PRD-24,2012-09-01,64.4,5.2,0
PRD-24,2012-10-01,64.9,5.3,0
PRD-24,2012-11-01,61.8,5.1,0
PRD-24,2012-12-01,53.4,4.4,0
PRD-24,2013-01-01,61.9,5.2,0
PRD-24,2013-02-01,65.9,5.5,0
PRD-24,2013-03-01,54.1,4.6,0
PRD-24,2013-04-01,54.7,4.6,0
PRD-24,2013-05-01,47.9,4.1,0
PRD-24,2013-06-01,59,5.1,0
PRD-24,2013-07-01,53.8,4.7,0
PRD-24,2013-08-01,56.2,4.9,0
PRD-24,2013-09-01,51.1,4.5,0
PRD-24,2013-10-01,50,4.4,0
PRD-24,2013-11-01,50,4.4,0
PRD-24,2013-12-01,1.2,0.1,0
PRD-24,2014-01-01,43.8,3.9,0
PRD-24,2014-02-01,44.6,4,0
PRD-24,2014-03-01,43.7,4,0
PRD-24,2014-04-01,43.9,4,0
PRD-24,2014-05-01,45.6,4.2,0
PRD-24,2014-06-01,42,3.9,0
PRD-24,2014-07-01,43.7,4.1,0
PRD-24,2014-08-01,49.4,4.6,0
PRD-24,2014-09-01,44.8,4.2,0
PRD-24,2014-10-01,41.3,3.9,0
PRD-24,2014-11-01,45,4.3,0
PRD-24,2014-12-01,39.9,3.8,0
PRD-24,2015-01-01,39.6,3.8,0
PRD-24,2015-02-01,40,3.9,0
PRD-24,2015-03-01,39,3.8,0
PRD-24,2015-04-01,44.4,4.4,0
PRD-24,2015-05-01,37.6,3.7,0
PRD-24,2015-06-01,33.7,3.3,0
PRD-24,2015-07-01,40,4,0
PRD-24,2015-08-01,38.1,3.8,0
PRD-24,2015-09-01,36.2,3.7,0
PRD-24,2015-10-01,36.4,3.7,0
PRD-24,2015-11-01,39,4,0
PRD-24,2015-12-01,34.6,3.6,0
PRD-24,2016-01-01,34.8,3.6,0
PRD-24,2016-02-01,30.8,3.2,0
PRD-24,2016-03-01,31.6,3.3,0
PRD-24,2016-04-01,34.1,3.6,0
PRD-24,2016-05-01,31.8,3.4,0
PRD-24,2016-06-01,33.7,3.6,0
PRD-24,2016-07-01,31.9,3.4,0
PRD-24,2016-08-01,32.3,3.5,0
PRD-24,2016-09-01,30.1,3.2,0
PRD-24,2016-10-01,33.6,3.6,0
PRD-24,2016-11-01,36.1,3.9,0
PRD-24,2016-12-01,30.1,3.3,0
PRD-24,2017-01-01,26.6,2.9,0
PRD-24,2017-02-01,28.2,3.1,0
PRD-24,2017-03-01,27.6,3.1,0
PRD-24,2017-04-01,29,3.2,0
PRD-24,2017-05-01,28.9,3.2,0
PRD-24,2017-06-01,26.4,3.2,0
PRD-24,2017-07-01,7.6,1.9,0
PRD-24,2017-08-01,27.4,12.8,0
PRD-24,2017-09-01,27.8,20.5,0
PRD-24,2017-10-01,27.6,29.2,0
PRD-24,2017-11-01,27.2,39.9,0
PRD-24,2017-12-01,37.9,47.7,0
PRD-24,2018-01-01,55.7,55.2,0
PRD-24,2018-02-01,76.1,62.3,0
PRD-24,2018-03-01,100.1,72.5,0
PRD-24,2018-04-01,107.1,68.9,0
PRD-24,2018-05-01,127.4,77.2,0
PRD-24,2018-06-01,158.7,92.2,0
PRD-24,2018-07-01,147.5,79,0
PRD-24,2018-08-01,192.1,98.3,0
PRD-24,2018-09-01,217.2,106.5,0
PRD-24,2018-10-01,190.2,86.2,0
PRD-24,2018-11-01,231.5,99.8,0
PRD-24,2018-12-01,202.8,83.5,0
PRD-24,2019-01-01,24.3,9.5,0
PRD-24,2019-02-01,246.7,89.9,0
PRD-24,2019-03-01,251.2,88.3,0
PRD-24,2019-04-01,233.9,80.2,0
PRD-24,2019-05-01,253.6,81.7,0
PRD-24,2019-06-01,253.3,75.8,0
PRD-24,2019-07-01,282.6,82.1,0
PRD-24,2019-08-01,264.3,73.5,0
PRD-24,2019-09-01,254.8,67,0
PRD-24,2019-10-01,282.2,70.7,0
PRD-24,2019-11-01,267.8,65.9,0
PRD-24,2019-12-01,273.9,64.8,0
PRD-24,2020-01-01,282,64.8,0
PRD-24,2020-02-01,317.1,72.9,0
PRD-24,2020-03-01,263.7,57.7,0
PRD-24,2020-04-01,268.4,60.3,0
PRD-24,2020-05-01,248.4,54.8,0
PRD-24,2020-06-01,315.6,68.5,0
PRD-24,2020-07-01,247.8,53.1,0
PRD-24,2020-08-01,47,10.4,0
PRD-24,2020-09-01,265.4,57.8,0
PRD-24,2020-10-01,261.8,55.2,0
PRD-24,2020-11-01,264,57.1,0
PRD-24,2020-12-01,326.9,70.8,0
PRD-24,2021-01-01,268.3,58.3,0
PRD-24,2021-02-01,255.4,55.7,0
PRD-24,2021-03-01,257,55.4,0
PRD-24,2021-04-01,276.7,58.7,0
PRD-24,2021-05-01,280.2,61.5,0
PRD-24,2021-06-01,269.6,58.9,0
PRD-24,2021-07-01,335.3,70.6,0
PRD-24,2021-08-01,262.3,56.4,0
PRD-24,2021-09-01,286.5,61.4,0
PRD-24,2021-10-01,235.3,83.1,0
PRD-24,2021-11-01,255.6,89.4,0
PRD-24,2021-12-01,269.2,105.2,0
PRD-24,2022-01-01,218.6,85.8,0
PRD-24,2022-02-01,284.5,109,0
PRD-24,2022-03-01,242.3,91.4,0
PRD-24,2022-04-01,249,100.5,0
PRD-24,2022-05-01,250.8,106.9,0
PRD-24,2022-06-01,251.1,101.7,0
PRD-24,2022-07-01,256.4,109.1,0
PRD-24,2022-08-01,233.1,97.4,0
PRD-24,2022-09-01,93.7,40,0
PRD-24,2022-10-01,264,112.4,0
PRD-24,2022-11-01,211.9,85.2,0
PRD-24,2022-12-01,208.1,91,0
PRD-24,2023-01-01,246.2,102.1,0
PRD-24,2023-02-01,242.5,100.9,0
PRD-24,2023-03-01,217.3,100.1,0
PRD-24,2023-04-01,225.7,95.5,0
PRD-24,2023-05-01,234.7,106.3,0
PRD-24,2023-06-01,233.4,104.3,0
PRD-24,2023-07-01,250.7,121.6,0
PRD-24,2023-08-01,230.8,112.2,0
PRD-24,2023-09-01,233.6,109.2,0
PRD-24,2023-10-01,205.2,102.3,0
PRD-24,2023-11-01,242.3,114.5,0
PRD-24,2023-12-01,214.5,126.8,0
PRD-24,2024-01-01,117.2,224.1,0
PRD-24,2024-02-01,111.3,214.9,0
PRD-24,2024-03-01,123,239.4,0
PRD-24,2024-04-01,76.4,291.1,0
PRD-24,2024-05-01,70.2,295.5,0
PRD-24,2024-06-01,71.2,308.8,0
PRD-24,2024-07-01,67.6,300.1,0
PRD-24,2024-08-01,69.5,316,0
PRD-24,2024-09-01,69.4,321.4,0
PRD-24,2024-10-01,60.4,293.8,0
PRD-24,2024-11-01,59.1,300.7,0
PRD-24,2024-12-01,61.6,319.4,0
PRD-24,2025-01-01,49.7,261,0
PRD-24,2025-02-01,57.1,310.4,0
PRD-24,2025-03-01,55.8,306.4,0
PRD-24,2025-04-01,50.7,291,0
PRD-24,2025-05-01,55.5,323.4,0
PRD-24,2025-06-01,51.2,303.6,0
PRD-24,2025-07-01,48.6,295.7,0
PRD-24,2025-08-01,46.3,294,0
PRD-24,2025-09-01,56.4,361.4,0
PRD-24,2025-10-01,55.9,370,0
PRD-24,2025-11-01,46.2,309.7,0
PRD-24,2025-12-01,46.5,320.5,0
PRD-24,2026-01-01,47.1,333.8,0
PRD-24,2026-02-01,45.6,325.2,0
PRD-24,2026-03-01,46.1,338.6,0
PRD-24,2026-04-01,38.9,295.7,0
PRD-24,2026-05-01,49,373.7,0
PRD-24,2026-06-01,42.9,338.5,0
PRD-24,2026-07-01,42.7,340.2,0
PRD-24,2026-08-01,36.2,292.9,0
PRD-25,2008-06-01,57.6,3,0
PRD-25,2008-07-01,53.4,2.8,0
PRD-25,2008-08-01,58.3,3.1,0
PRD-25,2008-09-01,55.3,3,0
PRD-25,2008-10-01,50.9,2.8,0
PRD-25,2008-11-01,52.2,2.9,0
PRD-25,2008-12-01,51.1,2.9,0
PRD-25,2009-01-01,54.6,3.1,0
PRD-25,2009-02-01,51.5,2.9,0
PRD-25,2009-03-01,52.3,3,0
PRD-25,2009-04-01,47.9,2.8,0
PRD-25,2009-05-01,50.1,3,0
PRD-25,2009-06-01,52.1,3.1,0
PRD-25,2009-07-01,51.4,3.1,0
PRD-25,2009-08-01,48.6,2.9,0
PRD-25,2009-09-01,40.1,2.4,0
PRD-25,2009-10-01,42.1,2.6,0
PRD-25,2009-11-01,44.8,2.8,0
PRD-25,2009-12-01,41.5,2.6,0
PRD-25,2010-01-01,40.9,2.6,0
PRD-25,2010-02-01,3,0.2,0
PRD-25,2010-03-01,41.7,2.7,0
PRD-25,2010-04-01,42.4,2.8,0
PRD-25,2010-05-01,35.5,2.3,0
PRD-25,2010-06-01,3,0.2,0
PRD-25,2010-07-01,43.9,2.9,0
PRD-25,2010-08-01,36.5,2.5,0
PRD-25,2010-09-01,40.4,2.7,0
PRD-25,2010-10-01,40.7,2.8,0
PRD-25,2010-11-01,39.3,2.7,0
PRD-25,2010-12-01,43.1,3,0
PRD-25,2011-01-01,34.9,2.4,0
PRD-25,2011-02-01,31.3,2.2,0
PRD-25,2011-03-01,34.4,2.4,0
PRD-25,2011-04-01,38.3,2.7,0
PRD-25,2011-05-01,34.4,2.5,0
PRD-25,2011-06-01,33.8,2.5,0
PRD-25,2011-07-01,35.3,2.6,0
PRD-25,2011-08-01,33.5,2.5,0
PRD-25,2011-09-01,35.8,2.7,0
PRD-25,2011-10-01,36.2,2.7,0
PRD-25,2011-11-01,36,2.7,0
PRD-25,2011-12-01,33.4,2.5,0
PRD-25,2012-01-01,32.3,2.5,0
PRD-25,2012-02-01,30.9,2.4,0
PRD-25,2012-03-01,33.1,2.6,0
PRD-25,2012-04-01,31.2,2.4,0
PRD-25,2012-05-01,34.8,2.7,0
PRD-25,2012-06-01,28.9,2.3,0
PRD-25,2012-07-01,35,2.8,0
PRD-25,2012-08-01,28.4,2.3,0
PRD-25,2012-09-01,29.1,2.4,0
PRD-25,2012-10-01,30.1,2.5,0
PRD-25,2012-11-01,27.4,2.3,0
PRD-25,2012-12-01,29.2,2.4,0
PRD-25,2013-01-01,27,2.3,0
PRD-25,2013-02-01,27.4,2.3,0
PRD-25,2013-03-01,28.7,2.4,0
PRD-25,2013-04-01,27.3,2.3,0
PRD-25,2013-05-01,25.3,2.2,0
PRD-25,2013-06-01,25.7,2.2,0
PRD-25,2013-07-01,25.7,2.2,0
PRD-25,2013-08-01,25.7,2.2,0
PRD-25,2013-09-01,24.7,2.2,0
PRD-25,2013-10-01,27.9,2.5,0
PRD-25,2013-11-01,2,0.2,0
PRD-25,2013-12-01,22.8,2,0
PRD-25,2014-01-01,25.3,2.3,0
PRD-25,2014-02-01,24.7,2.2,0
PRD-25,2014-03-01,25.4,2.3,0
PRD-25,2014-04-01,21.8,2,0
PRD-25,2014-05-01,21.9,2,0
PRD-25,2014-06-01,23.7,2.2,0
PRD-25,2014-07-01,23.3,2.2,0
PRD-25,2014-08-01,22,2.1,0
PRD-25,2014-09-01,1.2,0.1,0
PRD-25,2014-10-01,21.6,2,0
PRD-25,2014-11-01,21.3,2,0
PRD-25,2014-12-01,19.3,1.9,0
PRD-25,2015-01-01,18.7,1.8,0
PRD-25,2015-02-01,19,1.8,0
PRD-25,2015-03-01,21.5,2.1,0
PRD-25,2015-04-01,19.3,1.9,0
PRD-25,2015-05-01,3.7,0.4,0
PRD-25,2015-06-01,19.4,1.9,0
PRD-25,2015-07-01,21.3,2.1,0
PRD-25,2015-08-01,17,1.7,0
PRD-25,2015-09-01,18.1,1.8,0
PRD-25,2015-10-01,18.8,1.9,0
PRD-25,2015-11-01,16.2,1.7,0
PRD-25,2015-12-01,17.4,1.8,0
PRD-25,2016-01-01,18,1.9,0
PRD-25,2016-02-01,17.5,1.8,0
PRD-25,2016-03-01,13.7,1.4,0
PRD-25,2016-04-01,17.1,1.8,0
PRD-25,2016-05-01,17.1,1.8,0
PRD-25,2016-06-01,16.2,1.7,0
PRD-25,2016-07-01,14.3,1.5,0
PRD-25,2016-08-01,18.2,1.9,0
PRD-25,2016-09-01,16.2,1.8,0
PRD-25,2016-10-01,17.2,1.9,0
PRD-25,2016-11-01,13.6,1.5,0
PRD-25,2016-12-01,15.7,1.7,0
PRD-25,2017-01-01,14.5,1.6,0
PRD-25,2017-02-01,14.4,1.6,0
PRD-25,2017-03-01,13.5,1.5,0
PRD-25,2017-04-01,13.5,1.5,0
PRD-25,2017-05-01,15,1.7,0
PRD-25,2017-06-01,2,0.2,0
PRD-25,2017-07-01,12.9,1.5,0
PRD-25,2017-08-01,14.7,1.7,0
PRD-25,2017-09-01,13.4,1.5,0
PRD-25,2017-10-01,14.1,1.6,0
PRD-25,2017-11-01,11.4,1.3,0
PRD-25,2017-12-01,11.7,1.4,0
PRD-25,2018-01-01,12.3,1.4,0
PRD-25,2018-02-01,13,1.5,0
PRD-25,2018-03-01,12.2,1.4,0
PRD-25,2018-04-01,10.7,1.3,0
PRD-25,2018-05-01,11.1,1.3,0
PRD-25,2018-06-01,12.3,1.5,0
PRD-25,2018-07-01,11.1,1.3,0
PRD-25,2018-08-01,12.3,1.5,0
PRD-25,2018-09-01,10.2,1.2,0
PRD-25,2018-10-01,11.6,1.4,0
PRD-25,2018-11-01,12.5,1.5,0
PRD-25,2018-12-01,11,1.3,0
PRD-25,2019-01-01,9.4,1.2,0
PRD-25,2019-02-01,10.5,1.3,0
PRD-25,2019-03-01,10,1.3,0
PRD-25,2019-04-01,10.2,1.3,0
PRD-25,2019-05-01,9.4,1.2,0
PRD-25,2019-06-01,9.8,1.2,0
PRD-25,2019-07-01,9.3,1.2,0
PRD-25,2019-08-01,9.2,1.2,0
PRD-25,2019-09-01,9.7,1.2,0
PRD-25,2019-10-01,8.7,1.1,0
PRD-25,2019-11-01,8.7,1.1,0
PRD-25,2019-12-01,9.2,1.2,0
PRD-25,2020-01-01,9.2,1.2,0
PRD-25,2020-02-01,9.1,1.2,0
PRD-25,2020-03-01,9.1,1.2,0
PRD-25,2020-04-01,8.6,1.1,0
PRD-25,2020-05-01,8.5,1.1,0
PRD-25,2020-06-01,9.4,1.3,0
PRD-25,2020-07-01,9.3,1.2,0
PRD-25,2020-08-01,8.9,1.2,0
PRD-25,2020-09-01,9.5,1.3,0
PRD-25,2020-10-01,8.8,1.2,0
PRD-25,2020-11-01,8.3,1.1,0
PRD-25,2020-12-01,8.1,1.1,0
PRD-25,2021-01-01,7.8,1.1,0
PRD-25,2021-02-01,7.8,1.1,0
PRD-25,2021-03-01,8.2,1.1,0
PRD-25,2021-04-01,8.5,1.2,0
PRD-25,2021-05-01,6.7,0.9,0
PRD-25,2021-06-01,2.5,0.3,0
PRD-25,2021-07-01,7.2,1,0
PRD-25,2021-08-01,7,1,0
PRD-25,2021-09-01,6.3,0.9,0
PRD-25,2021-10-01,6.2,0.9,0
PRD-25,2021-11-01,7,1,0
PRD-25,2021-12-01,6.4,0.9,0
PRD-25,2022-01-01,1,0.1,0
PRD-25,2022-02-01,6.4,0.9,0
PRD-25,2022-03-01,6.3,0.9,0
PRD-25,2022-04-01,6.5,0.9,0
PRD-25,2022-05-01,5.3,0.8,0
PRD-25,2022-06-01,5.1,0.8,0
PRD-25,2022-07-01,6.3,0.9,0
PRD-25,2022-08-01,6.1,0.9,0
PRD-25,2022-09-01,5.9,0.9,0
PRD-25,2022-10-01,5.6,0.8,0
PRD-25,2022-11-01,4.7,0.7,0
PRD-25,2022-12-01,5.3,0.8,0
PRD-25,2023-01-01,5.8,0.9,0
PRD-25,2023-02-01,5.7,0.9,0
PRD-25,2023-03-01,6.1,0.9,0
PRD-25,2023-04-01,5.2,0.8,0
PRD-25,2023-05-01,5.3,0.8,0
PRD-25,2023-06-01,5.5,0.8,0
PRD-25,2023-07-01,5.3,0.8,0
PRD-25,2023-08-01,4.9,0.7,0
PRD-25,2023-09-01,4.3,0.6,0
PRD-25,2023-10-01,5.4,0.8,0
PRD-25,2023-11-01,5.1,0.8,0
PRD-25,2023-12-01,5.1,0.8,0
PRD-25,2024-01-01,5,0.8,0
PRD-25,2024-02-01,4.9,0.7,0
PRD-25,2024-03-01,5.2,0.8,0
PRD-25,2024-04-01,4.5,0.7,0
PRD-25,2024-05-01,5.2,0.8,0
PRD-25,2024-06-01,4.5,0.7,0
PRD-25,2024-07-01,4.2,0.6,0
PRD-25,2024-08-01,3.9,0.6,0
PRD-25,2024-09-01,4.4,0.7,0
PRD-25,2024-10-01,4.2,0.6,0
PRD-25,2024-11-01,3.8,0.6,0
PRD-25,2024-12-01,4,0.6,0
PRD-25,2025-01-01,3.9,0.6,0
PRD-25,2025-02-01,0.7,0.1,0
PRD-25,2025-03-01,3.9,0.6,0
PRD-25,2025-04-01,3.8,0.6,0
PRD-25,2025-05-01,3.9,0.6,0
PRD-25,2025-06-01,0.1,0,0
PRD-25,2025-07-01,3.8,0.6,0
PRD-25,2025-08-01,3.9,0.6,0
PRD-25,2025-09-01,3.6,0.5,0
PRD-25,2025-10-01,4,0.6,0
PRD-25,2025-11-01,3.9,0.6,0
PRD-25,2025-12-01,2.9,0.4,0
PRD-25,2026-01-01,3.9,0.6,0
PRD-25,2026-02-01,3.7,0.5,0
PRD-25,2026-03-01,3.7,0.5,0
PRD-25,2026-04-01,3.5,0.5,0
PRD-25,2026-05-01,3.2,0.5,0
PRD-25,2026-06-01,3.4,0.5,0
PRD-25,2026-07-01,3,0.4,0
PRD-25,2026-08-01,3.7,0.5,0
