Well,Date,BOPD,BWPD,BWIPD
INJ-01,2011-01-01,0,0,390.2
INJ-01,2011-02-01,0,0,697.5
INJ-01,2011-03-01,0,0,1106.9
INJ-01,2011-04-01,0,0,1387.1
INJ-01,2011-05-01,0,0,2028.8
INJ-01,2011-06-01,0,0,2260
INJ-01,2011-07-01,0,0,2169.5
INJ-01,2011-08-01,0,0,2280
INJ-01,2011-09-01,0,0,2333
INJ-01,2011-10-01,0,0,2192.8
INJ-01,2011-11-01,0,0,2285.2
INJ-01,2011-12-01,0,0,2226.1
INJ-01,2012-01-01,0,0,2366.7
INJ-01,2012-02-01,0,0,2535.7
INJ-01,2012-03-01,0,0,2392.7
INJ-01,2012-04-01,0,0,2288.8
INJ-01,2012-05-01,0,0,2361.6
INJ-01,2012-06-01,0,0,2435.4
INJ-01,2012-07-01,0,0,2160.8
INJ-01,2012-08-01,0,0,2222.9
INJ-01,2012-09-01,0,0,2336.5
INJ-01,2012-10-01,0,0,2136.9
INJ-01,2012-11-01,0,0,2437.4
INJ-01,2012-12-01,0,0,2293.5
INJ-01,2013-01-01,0,0,2113.3
INJ-01,2013-02-01,0,0,2216.7
INJ-01,2013-03-01,0,0,2226.8
INJ-01,2013-04-01,0,0,2190.7
INJ-01,2013-05-01,0,0,2469.2
INJ-01,2013-06-01,0,0,2276
INJ-01,2013-07-01,0,0,2304.1
INJ-01,2013-08-01,0,0,2176.1
INJ-01,2013-09-01,0,0,2241.3
INJ-01,2013-10-01,0,0,2269.3
INJ-01,2013-11-01,0,0,2150.8
INJ-01,2013-12-01,0,0,2403.6
INJ-01,2014-01-01,0,0,2346.5
INJ-01,2014-02-01,0,0,2228.6
INJ-01,2014-03-01,0,0,2438.5
INJ-01,2014-04-01,0,0,2290
INJ-01,2014-05-01,0,0,2202.7
INJ-01,2014-06-01,0,0,2246.1
INJ-01,2014-07-01,0,0,2084.4
INJ-01,2014-08-01,0,0,2405.8
INJ-01,2014-09-01,0,0,2233.6
INJ-01,2014-10-01,0,0,2293.4
INJ-01,2014-11-01,0,0,2262
INJ-01,2014-12-01,0,0,2473
INJ-01,2015-01-01,0,0,2128.9
INJ-01,2015-02-01,0,0,2289.8
INJ-01,2015-03-01,0,0,2294.5
INJ-01,2015-04-01,0,0,2291.6
INJ-01,2015-05-01,0,0,2242.5
INJ-01,2015-06-01,0,0,2245.7
INJ-01,2015-07-01,0,0,2309.6
INJ-01,2015-08-01,0,0,2182.9
INJ-01,2015-09-01,0,0,2476.1
INJ-01,2015-10-01,0,0,2249.7
INJ-01,2015-11-01,0,0,2527.9
INJ-01,2015-12-01,0,0,2222.9
INJ-01,2016-01-01,0,0,2282.8
INJ-01,2016-02-01,0,0,2091.4
INJ-01,2016-03-01,0,0,2385.9
INJ-01,2016-04-01,0,0,2128.5
INJ-01,2016-05-01,0,0,1975.1
INJ-01,2016-06-01,0,0,2143.2
INJ-01,2016-07-01,0,0,2261.4
INJ-01,2016-08-01,0,0,2248.1
INJ-01,2016-09-01,0,0,2223.6
INJ-01,2016-10-01,0,0,2218.2
INJ-01,2016-11-01,0,0,2502.2
INJ-01,2016-12-01,0,0,2289.5
INJ-01,2017-01-01,0,0,2309.6
INJ-01,2017-02-01,0,0,2206.2
INJ-01,2017-03-01,0,0,2120.8
INJ-01,2017-04-01,0,0,2629.5
INJ-01,2017-05-01,0,0,2414.9
INJ-01,2017-06-01,0,0,2399.3
INJ-01,2017-07-01,0,0,2346.2
INJ-01,2017-08-01,0,0,2222
INJ-01,2017-09-01,0,0,2296.5
INJ-01,2017-10-01,0,0,2190.7
INJ-01,2017-11-01,0,0,2450.5
INJ-01,2017-12-01,0,0,2385.7
INJ-01,2018-01-01,0,0,2328.5
INJ-01,2018-02-01,0,0,2270
INJ-01,2018-03-01,0,0,2170.4
INJ-01,2018-04-01,0,0,2308.4
INJ-01,2018-05-01,0,0,2592
INJ-01,2018-06-01,0,0,2400
INJ-01,2018-07-01,0,0,2378.3
INJ-01,2018-08-01,0,0,2459.8
INJ-01,2018-09-01,0,0,2439.7
INJ-01,2018-10-01,0,0,2546.5
INJ-01,2018-11-01,0,0,2374.6
INJ-01,2018-12-01,0,0,2128.7
INJ-01,2019-01-01,0,0,2225.1
INJ-01,2019-02-01,0,0,2307.8
INJ-01,2019-03-01,0,0,2233.8
INJ-01,2019-04-01,0,0,2309.1
INJ-01,2019-05-01,0,0,2342.9
INJ-01,2019-06-01,0,0,2273.2
INJ-01,2019-07-01,0,0,2405.8
INJ-01,2019-08-01,0,0,2216.1
INJ-01,2019-09-01,0,0,2487.3
INJ-01,2019-10-01,0,0,2172.5
INJ-01,2019-11-01,0,0,2290.4
INJ-01,2019-12-01,0,0,2087.6
INJ-01,2020-01-01,0,0,2293.8
INJ-01,2020-02-01,0,0,2263.6
INJ-01,2020-03-01,0,0,2188.7
INJ-01,2020-04-01,0,0,2055.7
INJ-01,2020-05-01,0,0,2218.5
INJ-01,2020-06-01,0,0,2352.7
INJ-01,2020-07-01,0,0,2260.3
INJ-01,2020-08-01,0,0,2298
INJ-01,2020-09-01,0,0,2247.6
INJ-01,2020-10-01,0,0,2244.4
INJ-01,2020-11-01,0,0,2162.1
INJ-01,2020-12-01,0,0,2499.7
INJ-01,2021-01-01,0,0,2262.8
INJ-01,2021-02-01,0,0,2182.8
INJ-01,2021-03-01,0,0,2422.6
INJ-01,2021-04-01,0,0,2406
INJ-01,2021-05-01,0,0,2440.4
INJ-01,2021-06-01,0,0,2504.5
INJ-01,2021-07-01,0,0,2004
INJ-01,2021-08-01,0,0,2368.6
INJ-01,2021-09-01,0,0,2430.9
INJ-01,2021-10-01,0,0,2337.2
INJ-01,2021-11-01,0,0,2159.3
INJ-01,2021-12-01,0,0,2251.2
INJ-01,2022-01-01,0,0,2129.8
INJ-01,2022-02-01,0,0,2170.1
INJ-01,2022-03-01,0,0,2217.6
INJ-01,2022-04-01,0,0,2566.2
INJ-01,2022-05-01,0,0,2301.8
INJ-01,2022-06-01,0,0,2381.4
INJ-01,2022-07-01,0,0,2222.5
INJ-01,2022-08-01,0,0,2309.2
INJ-01,2022-09-01,0,0,2224.9
INJ-01,2022-10-01,0,0,2184.2
INJ-01,2022-11-01,0,0,2225.6
INJ-01,2022-12-01,0,0,2368.2
INJ-01,2023-01-01,0,0,2258.7
INJ-01,2023-02-01,0,0,2397.7
INJ-01,2023-03-01,0,0,2314.6
INJ-01,2023-04-01,0,0,2285.8
INJ-01,2023-05-01,0,0,2190
INJ-01,2023-06-01,0,0,2164.5
INJ-01,2023-07-01,0,0,2408
INJ-01,2023-08-01,0,0,2304.6
INJ-01,2023-09-01,0,0,2427.3
INJ-01,2023-10-01,0,0,2189.7
INJ-01,2023-11-01,0,0,2168.6
INJ-01,2023-12-01,0,0,2111.8
INJ-01,2024-01-01,0,0,2113.8
INJ-01,2024-02-01,0,0,2197.8
INJ-01,2024-03-01,0,0,2420.4
INJ-01,2024-04-01,0,0,2437.7
INJ-01,2024-05-01,0,0,2311.5
INJ-01,2024-06-01,0,0,2305.5
INJ-01,2024-07-01,0,0,2356.5
INJ-01,2024-08-01,0,0,2348.7
INJ-01,2024-09-01,0,0,2283.8
INJ-01,2024-10-01,0,0,2142
INJ-01,2024-11-01,0,0,2385.1
INJ-01,2024-12-01,0,0,2255.3
INJ-01,2025-01-01,0,0,2251.2
INJ-01,2025-02-01,0,0,2233.9
INJ-01,2025-03-01,0,0,2086.2
INJ-01,2025-04-01,0,0,2185.2
INJ-01,2025-05-01,0,0,2567.5
INJ-01,2025-06-01,0,0,2315
INJ-01,2025-07-01,0,0,2041.9
INJ-01,2025-08-01,0,0,2285.2
INJ-01,2025-09-01,0,0,2298.9
INJ-01,2025-10-01,0,0,2374.5
INJ-01,2025-11-01,0,0,2224.8
INJ-01,2025-12-01,0,0,2326.2
INJ-01,2026-01-01,0,0,2366.5
INJ-01,2026-02-01,0,0,2547
INJ-01,2026-03-01,0,0,2399.3
INJ-01,2026-04-01,0,0,2118.4
INJ-01,2026-05-01,0,0,2408.3
INJ-01,2026-06-01,0,0,2347.3
INJ-01,2026-07-01,0,0,2258
INJ-01,2026-08-01,0,0,2387.1
INJ-02,2011-01-01,0,0,424.7
INJ-02,2011-02-01,0,0,822.1
INJ-02,2011-03-01,0,0,1196.5
INJ-02,2011-04-01,0,0,1712.8
INJ-02,2011-05-01,0,0,2428.2
INJ-02,2011-06-01,0,0,2813.2
INJ-02,2011-07-01,0,0,2696.1
INJ-02,2011-08-01,0,0,2483.1
INJ-02,2011-09-01,0,0,2500.4
INJ-02,2011-10-01,0,0,2589.2
INJ-02,2011-11-01,0,0,2767.2
INJ-02,2011-12-01,0,0,2695.2
INJ-02,2012-01-01,0,0,2350.8
INJ-02,2012-02-01,0,0,2738.5
INJ-02,2012-03-01,0,0,2733.8
INJ-02,2012-04-01,0,0,2614.3
INJ-02,2012-05-01,0,0,2532.1
INJ-02,2012-06-01,0,0,2390.8
INJ-02,2012-07-01,0,0,2658.4
INJ-02,2012-08-01,0,0,2341.8
INJ-02,2012-09-01,0,0,2719
INJ-02,2012-10-01,0,0,2640.2
INJ-02,2012-11-01,0,0,2537.3
INJ-02,2012-12-01,0,0,2548.5
INJ-02,2013-01-01,0,0,2665.2
INJ-02,2013-02-01,0,0,2625.2
INJ-02,2013-03-01,0,0,2788.2
INJ-02,2013-04-01,0,0,2628.4
INJ-02,2013-05-01,0,0,2602
INJ-02,2013-06-01,0,0,2544.5
INJ-02,2013-07-01,0,0,2460.9
INJ-02,2013-08-01,0,0,2532.9
INJ-02,2013-09-01,0,0,2599.7
INJ-02,2013-10-01,0,0,2564.2
INJ-02,2013-11-01,0,0,2546.3
INJ-02,2013-12-01,0,0,2836.6
INJ-02,2014-01-01,0,0,2830.9
INJ-02,2014-02-01,0,0,2714.8
INJ-02,2014-03-01,0,0,2612.7
INJ-02,2014-04-01,0,0,2525.7
INJ-02,2014-05-01,0,0,2488.9
INJ-02,2014-06-01,0,0,2582.5
INJ-02,2014-07-01,0,0,2438.6
INJ-02,2014-08-01,0,0,2617.4
INJ-02,2014-09-01,0,0,2833.8
INJ-02,2014-10-01,0,0,2494.3
INJ-02,2014-11-01,0,0,2621.6
INJ-02,2014-12-01,0,0,2615.1
INJ-02,2015-01-01,0,0,2532.3
INJ-02,2015-02-01,0,0,2604
INJ-02,2015-03-01,0,0,2641.4
INJ-02,2015-04-01,0,0,2793.9
INJ-02,2015-05-01,0,0,2762.8
INJ-02,2015-06-01,0,0,2572.7
INJ-02,2015-07-01,0,0,2607.5
INJ-02,2015-08-01,0,0,2969.7
INJ-02,2015-09-01,0,0,2521.1
INJ-02,2015-10-01,0,0,2722.2
INJ-02,2015-11-01,0,0,2624
INJ-02,2015-12-01,0,0,2413.4
INJ-02,2016-01-01,0,0,2507
INJ-02,2016-02-01,0,0,2542.5
INJ-02,2016-03-01,0,0,2593.2
INJ-02,2016-04-01,0,0,2821.1
INJ-02,2016-05-01,0,0,2682.8
INJ-02,2016-06-01,0,0,2870.5
INJ-02,2016-07-01,0,0,2885.6
INJ-02,2016-08-01,0,0,2551.3
INJ-02,2016-09-01,0,0,2570.9
INJ-02,2016-10-01,0,0,2510.5
INJ-02,2016-11-01,0,0,2568.8
INJ-02,2016-12-01,0,0,2700.7
INJ-02,2017-01-01,0,0,2631.8
INJ-02,2017-02-01,0,0,2664.7
INJ-02,2017-03-01,0,0,2561.2
INJ-02,2017-04-01,0,0,2668.5
INJ-02,2017-05-01,0,0,2554.3
INJ-02,2017-06-01,0,0,2699.1
INJ-02,2017-07-01,0,0,2842.1
INJ-02,2017-08-01,0,0,2680
INJ-02,2017-09-01,0,0,2790.8
INJ-02,2017-10-01,0,0,2546.7
INJ-02,2017-11-01,0,0,2662.8
INJ-02,2017-12-01,0,0,2349.4
INJ-02,2018-01-01,0,0,2951.1
INJ-02,2018-02-01,0,0,2752.2
INJ-02,2018-03-01,0,0,2702.8
INJ-02,2018-04-01,0,0,2580
INJ-02,2018-05-01,0,0,2651.5
INJ-02,2018-06-01,0,0,2907.6
INJ-02,2018-07-01,0,0,2708
INJ-02,2018-08-01,0,0,2616.1
INJ-02,2018-09-01,0,0,2530
INJ-02,2018-10-01,0,0,2464.9
INJ-02,2018-11-01,0,0,2638.6
INJ-02,2018-12-01,0,0,2572.5
INJ-02,2019-01-01,0,0,2626.1
INJ-02,2019-02-01,0,0,2639.8
INJ-02,2019-03-01,0,0,2634.8
INJ-02,2019-04-01,0,0,2701.1
INJ-02,2019-05-01,0,0,2605.5
INJ-02,2019-06-01,0,0,2695.3
INJ-02,2019-07-01,0,0,2626.5
INJ-02,2019-08-01,0,0,2629.4
INJ-02,2019-09-01,0,0,2820.4
INJ-02,2019-10-01,0,0,2559.8
INJ-02,2019-11-01,0,0,2642.5
INJ-02,2019-12-01,0,0,2661.5
INJ-02,2020-01-01,0,0,2727
INJ-02,2020-02-01,0,0,2499.5
INJ-02,2020-03-01,0,0,2742.3
INJ-02,2020-04-01,0,0,2576.8
INJ-02,2020-05-01,0,0,2829.5
INJ-02,2020-06-01,0,0,2672.5
INJ-02,2020-07-01,0,0,2686.8
INJ-02,2020-08-01,0,0,2706.9
INJ-02,2020-09-01,0,0,2615.3
INJ-02,2020-10-01,0,0,2449.1
INJ-02,2020-11-01,0,0,2699.7
INJ-02,2020-12-01,0,0,2373
INJ-02,2021-01-01,0,0,2744.2
INJ-02,2021-02-01,0,0,2527.2
INJ-02,2021-03-01,0,0,2592.3
INJ-02,2021-04-01,0,0,2661.2
INJ-02,2021-05-01,0,0,2754.4
INJ-02,2021-06-01,0,0,2611.4
INJ-02,2021-07-01,0,0,2619.5
INJ-02,2021-08-01,0,0,2756.1
INJ-02,2021-09-01,0,0,2654.4
INJ-02,2021-10-01,0,0,2493.4
INJ-02,2021-11-01,0,0,2518.1
INJ-02,2021-12-01,0,0,2780.4
INJ-02,2022-01-01,0,0,2731.1
INJ-02,2022-02-01,0,0,2748.4
INJ-02,2022-03-01,0,0,2461.9
INJ-02,2022-04-01,0,0,2421.1
INJ-02,2022-05-01,0,0,2618.2
INJ-02,2022-06-01,0,0,2472.4
INJ-02,2022-07-01,0,0,2550.1
INJ-02,2022-08-01,0,0,2488.1
INJ-02,2022-09-01,0,0,2622.9
INJ-02,2022-10-01,0,0,2420.8
INJ-02,2022-11-01,0,0,2471.2
INJ-02,2022-12-01,0,0,2726.1
INJ-02,2023-01-01,0,0,2881.9
INJ-02,2023-02-01,0,0,2567.3
INJ-02,2023-03-01,0,0,2711.3
INJ-02,2023-04-01,0,0,2511
INJ-02,2023-05-01,0,0,2605.2
INJ-02,2023-06-01,0,0,2528.7
INJ-02,2023-07-01,0,0,2561.3
INJ-02,2023-08-01,0,0,2613.9
INJ-02,2023-09-01,0,0,2874.8
INJ-02,2023-10-01,0,0,2698.1
INJ-02,2023-11-01,0,0,2632.7
INJ-02,2023-12-01,0,0,2751.2
INJ-02,2024-01-01,0,0,2760.8
INJ-02,2024-02-01,0,0,2540.4
INJ-02,2024-03-01,0,0,2613.5
INJ-02,2024-04-01,0,0,2512.7
INJ-02,2024-05-01,0,0,2645.7
INJ-02,2024-06-01,0,0,2565
INJ-02,2024-07-01,0,0,2394.7
INJ-02,2024-08-01,0,0,2598.6
INJ-02,2024-09-01,0,0,2526.1
INJ-02,2024-10-01,0,0,2620.6
INJ-02,2024-11-01,0,0,2610.6
INJ-02,2024-12-01,0,0,2595.5
INJ-02,2025-01-01,0,0,2411
INJ-02,2025-02-01,0,0,2501.9
INJ-02,2025-03-01,0,0,2524.1
INJ-02,2025-04-01,0,0,2606.4
INJ-02,2025-05-01,0,0,2560
INJ-02,2025-06-01,0,0,2509.9
INJ-02,2025-07-01,0,0,2423
INJ-02,2025-08-01,0,0,2691.5
INJ-02,2025-09-01,0,0,2570.9
INJ-02,2025-10-01,0,0,2438.5
INJ-02,2025-11-01,0,0,2766.4
INJ-02,2025-12-01,0,0,2670.7
INJ-02,2026-01-01,0,0,2494.1
INJ-02,2026-02-01,0,0,2768.9
INJ-02,2026-03-01,0,0,2537.5
INJ-02,2026-04-01,0,0,2620.3
INJ-02,2026-05-01,0,0,2603.3
INJ-02,2026-06-01,0,0,2796.9
INJ-02,2026-07-01,0,0,2383.3
INJ-02,2026-08-01,0,0,2784.7
INJ-03,2011-06-01,0,0,365.3
INJ-03,2011-07-01,0,0,722.4
INJ-03,2011-08-01,0,0,1033.6
INJ-03,2011-09-01,0,0,1481.9
INJ-03,2011-10-01,0,0,1802.8
INJ-03,2011-11-01,0,0,2234.5
INJ-03,2011-12-01,0,0,2194.6
INJ-03,2012-01-01,0,0,2222.7
INJ-03,2012-02-01,0,0,2444.4
INJ-03,2012-03-01,0,0,2205.3
INJ-03,2012-04-01,0,0,2113.8
INJ-03,2012-05-01,0,0,2133.1
INJ-03,2012-06-01,0,0,2226.3
INJ-03,2012-07-01,0,0,2060.3
INJ-03,2012-08-01,0,0,2177.7
INJ-03,2012-09-01,0,0,2109.4
INJ-03,2012-10-01,0,0,2279.9
INJ-03,2012-11-01,0,0,2443.4
INJ-03,2012-12-01,0,0,2168.7
INJ-03,2013-01-01,0,0,2288.7
INJ-03,2013-02-01,0,0,1945.1
INJ-03,2013-03-01,0,0,2250
INJ-03,2013-04-01,0,0,2104
INJ-03,2013-05-01,0,0,2334.4
INJ-03,2013-06-01,0,0,2155.8
INJ-03,2013-07-01,0,0,2225.4
INJ-03,2013-08-01,0,0,2094.9
INJ-03,2013-09-01,0,0,2120.5
INJ-03,2013-10-01,0,0,2153.7
INJ-03,2013-11-01,0,0,2133.6
INJ-03,2013-12-01,0,0,2242.1
INJ-03,2014-01-01,0,0,2366.1
INJ-03,2014-02-01,0,0,2344.2
INJ-03,2014-03-01,0,0,2149.1
INJ-03,2014-04-01,0,0,2404.4
INJ-03,2014-05-01,0,0,2299.2
INJ-03,2014-06-01,0,0,2261.8
INJ-03,2014-07-01,0,0,2099.3
INJ-03,2014-08-01,0,0,2329.4
INJ-03,2014-09-01,0,0,2123.1
INJ-03,2014-10-01,0,0,1982.8
INJ-03,2014-11-01,0,0,2322.2
INJ-03,2014-12-01,0,0,2136
INJ-03,2015-01-01,0,0,2294.9
INJ-03,2015-02-01,0,0,2457.7
INJ-03,2015-03-01,0,0,2099.2
INJ-03,2015-04-01,0,0,2166.1
INJ-03,2015-05-01,0,0,2238.2
INJ-03,2015-06-01,0,0,2067.7
INJ-03,2015-07-01,0,0,2221.2
INJ-03,2015-08-01,0,0,2220.9
INJ-03,2015-09-01,0,0,2127.3
INJ-03,2015-10-01,0,0,2219.5
INJ-03,2015-11-01,0,0,2151.1
INJ-03,2015-12-01,0,0,2051.4
INJ-03,2016-01-01,0,0,2199.6
INJ-03,2016-02-01,0,0,2190.4
INJ-03,2016-03-01,0,0,2201.5
INJ-03,2016-04-01,0,0,2282.4
INJ-03,2016-05-01,0,0,1963.8
INJ-03,2016-06-01,0,0,2025.9
INJ-03,2016-07-01,0,0,2189.3
INJ-03,2016-08-01,0,0,2121.8
INJ-03,2016-09-01,0,0,2106.2
INJ-03,2016-10-01,0,0,2049.3
INJ-03,2016-11-01,0,0,2213
INJ-03,2016-12-01,0,0,2398.7
INJ-03,2017-01-01,0,0,2027.1
INJ-03,2017-02-01,0,0,2108.8
INJ-03,2017-03-01,0,0,2208.9
INJ-03,2017-04-01,0,0,2062.8
INJ-03,2017-05-01,0,0,2230.4
INJ-03,2017-06-01,0,0,2087.8
INJ-03,2017-07-01,0,0,2441.2
INJ-03,2017-08-01,0,0,2205.9
INJ-03,2017-09-01,0,0,2164.1
INJ-03,2017-10-01,0,0,2080.5
INJ-03,2017-11-01,0,0,2079.4
INJ-03,2017-12-01,0,0,2073.7
INJ-03,2018-01-01,0,0,2262
INJ-03,2018-02-01,0,0,2277.2
INJ-03,2018-03-01,0,0,2120.6
INJ-03,2018-04-01,0,0,2338.7
INJ-03,2018-05-01,0,0,2209.7
INJ-03,2018-06-01,0,0,2009.3
INJ-03,2018-07-01,0,0,2310.7
INJ-03,2018-08-01,0,0,2211.9
INJ-03,2018-09-01,0,0,2403.5
INJ-03,2018-10-01,0,0,2202
INJ-03,2018-11-01,0,0,2274
INJ-03,2018-12-01,0,0,2145.2
INJ-03,2019-01-01,0,0,2320.3
INJ-03,2019-02-01,0,0,2252.2
INJ-03,2019-03-01,0,0,2213.6
INJ-03,2019-04-01,0,0,2344
INJ-03,2019-05-01,0,0,2261.8
INJ-03,2019-06-01,0,0,2126.4
INJ-03,2019-07-01,0,0,2352.8
INJ-03,2019-08-01,0,0,2234.5
INJ-03,2019-09-01,0,0,2395
INJ-03,2019-10-01,0,0,2274.8
INJ-03,2019-11-01,0,0,2224.3
INJ-03,2019-12-01,0,0,2185.5
INJ-03,2020-01-01,0,0,2367.3
INJ-03,2020-02-01,0,0,2219.6
INJ-03,2020-03-01,0,0,2157.1
INJ-03,2020-04-01,0,0,2190.2
INJ-03,2020-05-01,0,0,2278.9
INJ-03,2020-06-01,0,0,2246.8
INJ-03,2020-07-01,0,0,2239.5
INJ-03,2020-08-01,0,0,2380.2
INJ-03,2020-09-01,0,0,2157.1
INJ-03,2020-10-01,0,0,2269.7
INJ-03,2020-11-01,0,0,2162.4
INJ-03,2020-12-01,0,0,2250.3
INJ-03,2021-01-01,0,0,2134.3
INJ-03,2021-02-01,0,0,2572.2
INJ-03,2021-03-01,0,0,2168.7
INJ-03,2021-04-01,0,0,2174.7
INJ-03,2021-05-01,0,0,2196.7
INJ-03,2021-06-01,0,0,2323.1
INJ-03,2021-07-01,0,0,2057.5
INJ-03,2021-08-01,0,0,2191.4
INJ-03,2021-09-01,0,0,2255.4
INJ-03,2021-10-01,0,0,2222.8
INJ-03,2021-11-01,0,0,2283.5
INJ-03,2021-12-01,0,0,2412.9
INJ-03,2022-01-01,0,0,2216.3
INJ-03,2022-02-01,0,0,2316.5
INJ-03,2022-03-01,0,0,2444.8
INJ-03,2022-04-01,0,0,2132.5
INJ-03,2022-05-01,0,0,2236
INJ-03,2022-06-01,0,0,2224.4
INJ-03,2022-07-01,0,0,2211.2
INJ-03,2022-08-01,0,0,2117.3
INJ-03,2022-09-01,0,0,2183.5
INJ-03,2022-10-01,0,0,2214.5
INJ-03,2022-11-01,0,0,2339.4
INJ-03,2022-12-01,0,0,2181.4
INJ-03,2023-01-01,0,0,2095.3
INJ-03,2023-02-01,0,0,2199.6
INJ-03,2023-03-01,0,0,2095.4
INJ-03,2023-04-01,0,0,2254.1
INJ-03,2023-05-01,0,0,2090.7
INJ-03,2023-06-01,0,0,2341.6
INJ-03,2023-07-01,0,0,2307.4
INJ-03,2023-08-01,0,0,2248.5
INJ-03,2023-09-01,0,0,2353.3
INJ-03,2023-10-01,0,0,2119.8
INJ-03,2023-11-01,0,0,2352
INJ-03,2023-12-01,0,0,2142.6
INJ-03,2024-01-01,0,0,2206.7
INJ-03,2024-02-01,0,0,1976.6
INJ-03,2024-03-01,0,0,2177
INJ-03,2024-04-01,0,0,2124.9
INJ-03,2024-05-01,0,0,2170.8
INJ-03,2024-06-01,0,0,2174.3
INJ-03,2024-07-01,0,0,2145.5
INJ-03,2024-08-01,0,0,2280.1
INJ-03,2024-09-01,0,0,2356.6
INJ-03,2024-10-01,0,0,2155.1
INJ-03,2024-11-01,0,0,2044.8
INJ-03,2024-12-01,0,0,2326.7
INJ-03,2025-01-01,0,0,2257.4
INJ-03,2025-02-01,0,0,2187.5
INJ-03,2025-03-01,0,0,2389.7
INJ-03,2025-04-01,0,0,2017.1
INJ-03,2025-05-01,0,0,2371.3
INJ-03,2025-06-01,0,0,2360.2
INJ-03,2025-07-01,0,0,2134.3
INJ-03,2025-08-01,0,0,2241.7
INJ-03,2025-09-01,0,0,2177.5
INJ-03,2025-10-01,0,0,2128.4
INJ-03,2025-11-01,0,0,2283.1
INJ-03,2025-12-01,0,0,2082.8
INJ-03,2026-01-01,0,0,2053.7
INJ-03,2026-02-01,0,0,2147.8
INJ-03,2026-03-01,0,0,2320
INJ-03,2026-04-01,0,0,2014.7
INJ-03,2026-05-01,0,0,2216.7
INJ-03,2026-06-01,0,0,2300.7
INJ-03,2026-07-01,0,0,2312.1
INJ-03,2026-08-01,0,0,2354.8
INJ-04,2021-06-01,0,0,170.3
INJ-04,2021-07-01,0,0,350.1
INJ-04,2021-08-01,0,0,476.5
INJ-04,2021-09-01,0,0,666.3
INJ-04,2021-10-01,0,0,942.3
INJ-04,2021-11-01,0,0,1019.7
INJ-04,2021-12-01,0,0,1015.8
INJ-04,2022-01-01,0,0,1097.6
INJ-04,2022-02-01,0,0,1012.4
INJ-04,2022-03-01,0,0,1031.3
INJ-04,2022-04-01,0,0,1082.4
INJ-04,2022-05-01,0,0,948.2
INJ-04,2022-06-01,0,0,987.8
INJ-04,2022-07-01,0,0,1083.2
INJ-04,2022-08-01,0,0,1060.3
INJ-04,2022-09-01,0,0,1006.3
INJ-04,2022-10-01,0,0,1168.6
INJ-04,2022-11-01,0,0,1035.8
INJ-04,2022-12-01,0,0,1035.1
INJ-04,2023-01-01,0,0,1049
INJ-04,2023-02-01,0,0,923.3
INJ-04,2023-03-01,0,0,1048
INJ-04,2023-04-01,0,0,1010.6
INJ-04,2023-05-01,0,0,1084.3
INJ-04,2023-06-01,0,0,1045.4
INJ-04,2023-07-01,0,0,1041.5
INJ-04,2023-08-01,0,0,1021.7
INJ-04,2023-09-01,0,0,985.5
INJ-04,2023-10-01,0,0,1088.2
INJ-04,2023-11-01,0,0,1108.5
INJ-04,2023-12-01,0,0,975.9
INJ-04,2024-01-01,0,0,1044.3
INJ-04,2024-02-01,0,0,973.2
INJ-04,2024-03-01,0,0,1028.5
INJ-04,2024-04-01,0,0,1090
INJ-04,2024-05-01,0,0,1005
INJ-04,2024-06-01,0,0,991.9
INJ-04,2024-07-01,0,0,1041.3
INJ-04,2024-08-01,0,0,959.1
INJ-04,2024-09-01,0,0,1008.7
INJ-04,2024-10-01,0,0,1011.6
INJ-04,2024-11-01,0,0,975.5
INJ-04,2024-12-01,0,0,1046.1
INJ-04,2025-01-01,0,0,1020.3
INJ-04,2025-02-01,0,0,1069.8
INJ-04,2025-03-01,0,0,968.8
INJ-04,2025-04-01,0,0,1113.8
INJ-04,2025-05-01,0,0,1002.7
INJ-04,2025-06-01,0,0,994.8
INJ-04,2025-07-01,0,0,999.8
INJ-04,2025-08-01,0,0,1034
INJ-04,2025-09-01,0,0,1097.5
INJ-04,2025-10-01,0,0,961.8
INJ-04,2025-11-01,0,0,1050.1
INJ-04,2025-12-01,0,0,959.9
INJ-04,2026-01-01,0,0,956.4
INJ-04,2026-02-01,0,0,1016.3
INJ-04,2026-03-01,0,0,975.2
INJ-04,2026-04-01,0,0,985.7
INJ-04,2026-05-01,0,0,962.9
INJ-04,2026-06-01,0,0,991.4
INJ-04,2026-07-01,0,0,1008.9
INJ-04,2026-08-01,0,0,930.9
INJ-05,2007-01-01,0,0,518.3
INJ-05,2007-02-01,0,0,1087
INJ-05,2007-03-01,0,0,1616.7
INJ-05,2007-04-01,0,0,2125.9
INJ-05,2007-05-01,0,0,2618.2
INJ-05,2007-06-01,0,0,3290.2
INJ-05,2007-07-01,0,0,3134
INJ-05,2007-08-01,0,0,3432
INJ-05,2007-09-01,0,0,3439.8
INJ-05,2007-10-01,0,0,3390.5
INJ-05,2007-11-01,0,0,3161.6
INJ-05,2007-12-01,0,0,3250.4
INJ-05,2008-01-01,0,0,3369.9
INJ-05,2008-02-01,0,0,3275.2
INJ-05,2008-03-01,0,0,3035.6
INJ-05,2008-04-01,0,0,3605.1
INJ-05,2008-05-01,0,0,3067.4
INJ-05,2008-06-01,0,0,3098.7
INJ-05,2008-07-01,0,0,3136.5
INJ-05,2008-08-01,0,0,3439.3
INJ-05,2008-09-01,0,0,3285.6
INJ-05,2008-10-01,0,0,3067
INJ-05,2008-11-01,0,0,3377.9
INJ-05,2008-12-01,0,0,3329.8
INJ-05,2009-01-01,0,0,3272.1
INJ-05,2009-02-01,0,0,3178.6
INJ-05,2009-03-01,0,0,3443.1
INJ-05,2009-04-01,0,0,3274.8
INJ-05,2009-05-01,0,0,2976
INJ-05,2009-06-01,0,0,3179.7
INJ-05,2009-07-01,0,0,3220.5
INJ-05,2009-08-01,0,0,3102.2
INJ-05,2009-09-01,0,0,3134.9
INJ-05,2009-10-01,0,0,3178.4
INJ-05,2009-11-01,0,0,2970.9
INJ-05,2009-12-01,0,0,3031.8
INJ-05,2010-01-01,0,0,3405.3
INJ-05,2010-02-01,0,0,3203.1
INJ-05,2010-03-01,0,0,3387.8
INJ-05,2010-04-01,0,0,3274.5
INJ-05,2010-05-01,0,0,3505
INJ-05,2010-06-01,0,0,3266.3
INJ-05,2010-07-01,0,0,3133.5
INJ-05,2010-08-01,0,0,3083.2
INJ-05,2010-09-01,0,0,3133.7
INJ-05,2010-10-01,0,0,3082.7
INJ-05,2010-11-01,0,0,3057.1
INJ-05,2010-12-01,0,0,3052.4
INJ-05,2011-01-01,0,0,3303
INJ-05,2011-02-01,0,0,3261.7
INJ-05,2011-03-01,0,0,3201.2
INJ-05,2011-04-01,0,0,3214.1
INJ-05,2011-05-01,0,0,3714.8
INJ-05,2011-06-01,0,0,3327.2
INJ-05,2011-07-01,0,0,2930.5
INJ-05,2011-08-01,0,0,3365.1
INJ-05,2011-09-01,0,0,3098.2
INJ-05,2011-10-01,0,0,3445.7
INJ-05,2011-11-01,0,0,3478.1
INJ-05,2011-12-01,0,0,3247.8
INJ-05,2012-01-01,0,0,2906.7
INJ-05,2012-02-01,0,0,3018.7
INJ-05,2012-03-01,0,0,3077
INJ-05,2012-04-01,0,0,3288.8
INJ-05,2012-05-01,0,0,3315.1
INJ-05,2012-06-01,0,0,2980.7
INJ-05,2012-07-01,0,0,3352
INJ-05,2012-08-01,0,0,3334.1
INJ-05,2012-09-01,0,0,3563.6
INJ-05,2012-10-01,0,0,3305.5
INJ-05,2012-11-01,0,0,3103.5
INJ-05,2012-12-01,0,0,3327.2
INJ-05,2013-01-01,0,0,3164.2
INJ-05,2013-02-01,0,0,3123.4
INJ-05,2013-03-01,0,0,3191.6
INJ-05,2013-04-01,0,0,3316.7
INJ-05,2013-05-01,0,0,3497.2
INJ-05,2013-06-01,0,0,3018.4
INJ-05,2013-07-01,0,0,3476.7
INJ-05,2013-08-01,0,0,3301.6
INJ-05,2013-09-01,0,0,3308.8
INJ-05,2013-10-01,0,0,3112.4
INJ-05,2013-11-01,0,0,3198.7
INJ-05,2013-12-01,0,0,3199
INJ-05,2014-01-01,0,0,3121.8
INJ-05,2014-02-01,0,0,3306.7
INJ-05,2014-03-01,0,0,2754.7
INJ-05,2014-04-01,0,0,3028.2
INJ-05,2014-05-01,0,0,3403.6
INJ-05,2014-06-01,0,0,3019.6
INJ-05,2014-07-01,0,0,3329.7
INJ-05,2014-08-01,0,0,3440.8
INJ-05,2014-09-01,0,0,3271.2
INJ-05,2014-10-01,0,0,3025.2
INJ-05,2014-11-01,0,0,3262.3
INJ-05,2014-12-01,0,0,3503.3
INJ-05,2015-01-01,0,0,3455.9
INJ-05,2015-02-01,0,0,3641.5
INJ-05,2015-03-01,0,0,3106.1
INJ-05,2015-04-01,0,0,3307
INJ-05,2015-05-01,0,0,3184.7
INJ-05,2015-06-01,0,0,2940.8
INJ-05,2015-07-01,0,0,3207.2
INJ-05,2015-08-01,0,0,3164.9
INJ-05,2015-09-01,0,0,3577.1
INJ-05,2015-10-01,0,0,3257.6
INJ-05,2015-11-01,0,0,3330.6
INJ-05,2015-12-01,0,0,3356.2
INJ-05,2016-01-01,0,0,3082.2
INJ-05,2016-02-01,0,0,3110.6
INJ-05,2016-03-01,0,0,3402.9
INJ-05,2016-04-01,0,0,3264.3
INJ-05,2016-05-01,0,0,3583
INJ-05,2016-06-01,0,0,3210.3
INJ-05,2016-07-01,0,0,3422.2
INJ-05,2016-08-01,0,0,3302.8
INJ-05,2016-09-01,0,0,3143.6
INJ-05,2016-10-01,0,0,3266.6
INJ-05,2016-11-01,0,0,3310.6
INJ-05,2016-12-01,0,0,3214.6
INJ-05,2017-01-01,0,0,3284.6
INJ-05,2017-02-01,0,0,3316.1
INJ-05,2017-03-01,0,0,3151.5
INJ-05,2017-04-01,0,0,3200
INJ-05,2017-05-01,0,0,3357.1
INJ-05,2017-06-01,0,0,3139.8
INJ-05,2017-07-01,0,0,3356.4
INJ-05,2017-08-01,0,0,3062.4
INJ-05,2017-09-01,0,0,3362
INJ-05,2017-10-01,0,0,3261.6
INJ-05,2017-11-01,0,0,3169.2
INJ-05,2017-12-01,0,0,3076.7
INJ-05,2018-01-01,0,0,3261.8
INJ-05,2018-02-01,0,0,3235.4
INJ-05,2018-03-01,0,0,2962.4
INJ-05,2018-04-01,0,0,3066.7
INJ-05,2018-05-01,0,0,3217.2
INJ-05,2018-06-01,0,0,3235.4
INJ-05,2018-07-01,0,0,3522.8
INJ-05,2018-08-01,0,0,2922.3
INJ-05,2018-09-01,0,0,3305.5
INJ-05,2018-10-01,0,0,3452.9
INJ-05,2018-11-01,0,0,3085.3
INJ-05,2018-12-01,0,0,3266.4
INJ-05,2019-01-01,0,0,3222.9
INJ-05,2019-02-01,0,0,3306.6
INJ-05,2019-03-01,0,0,3312
INJ-05,2019-04-01,0,0,3261.1
INJ-05,2019-05-01,0,0,3466.3
INJ-05,2019-06-01,0,0,3389.8
INJ-05,2019-07-01,0,0,3370.6
INJ-05,2019-08-01,0,0,3145.5
INJ-05,2019-09-01,0,0,3198.3
INJ-05,2019-10-01,0,0,3066.9
INJ-05,2019-11-01,0,0,3129.4
INJ-05,2019-12-01,0,0,2958.8
INJ-05,2020-01-01,0,0,3054.2
INJ-05,2020-02-01,0,0,2981.5
INJ-05,2020-03-01,0,0,3140.2
INJ-05,2020-04-01,0,0,3312.8
INJ-05,2020-05-01,0,0,3291.5
INJ-05,2020-06-01,0,0,3279.5
INJ-05,2020-07-01,0,0,2938.5
INJ-05,2020-08-01,0,0,3133.5
INJ-05,2020-09-01,0,0,3159.3
INJ-05,2020-10-01,0,0,3151.8
INJ-05,2020-11-01,0,0,3179.2
INJ-05,2020-12-01,0,0,3012.1
INJ-05,2021-01-01,0,0,3136.8
INJ-05,2021-02-01,0,0,3210.9
INJ-05,2021-03-01,0,0,3052.9
INJ-05,2021-04-01,0,0,3306.9
INJ-05,2021-05-01,0,0,3276.2
INJ-05,2021-06-01,0,0,3420.6
INJ-05,2021-07-01,0,0,3347.2
INJ-05,2021-08-01,0,0,3547.5
INJ-05,2021-09-01,0,0,3623.2
INJ-05,2021-10-01,0,0,3329.1
INJ-05,2021-11-01,0,0,2902.9
INJ-05,2021-12-01,0,0,3250.8
INJ-05,2022-01-01,0,0,3159.2
INJ-05,2022-02-01,0,0,3543
INJ-05,2022-03-01,0,0,3039
INJ-05,2022-04-01,0,0,2937.4
INJ-05,2022-05-01,0,0,3253.3
INJ-05,2022-06-01,0,0,3343.1
INJ-05,2022-07-01,0,0,3239
INJ-05,2022-08-01,0,0,3414.7
INJ-05,2022-09-01,0,0,3027.5
INJ-05,2022-10-01,0,0,3256
INJ-05,2022-11-01,0,0,3221.4
INJ-05,2022-12-01,0,0,3386.8
INJ-05,2023-01-01,0,0,3089.6
INJ-05,2023-02-01,0,0,3396.2
INJ-05,2023-03-01,0,0,3364.8
INJ-05,2023-04-01,0,0,3291.8
INJ-05,2023-05-01,0,0,3078.5
INJ-05,2023-06-01,0,0,3405.8
INJ-05,2023-07-01,0,0,3486.2
INJ-05,2023-08-01,0,0,3392.6
INJ-05,2023-09-01,0,0,3313.2
INJ-05,2023-10-01,0,0,3149.8
INJ-05,2023-11-01,0,0,3261.5
INJ-05,2023-12-01,0,0,3246.7
INJ-05,2024-01-01,0,0,3319.5
INJ-05,2024-02-01,0,0,2977.2
INJ-05,2024-03-01,0,0,3320.7
INJ-05,2024-04-01,0,0,3082
INJ-05,2024-05-01,0,0,3053.2
INJ-05,2024-06-01,0,0,3239.2
INJ-05,2024-07-01,0,0,3378.3
INJ-05,2024-08-01,0,0,3365.6
INJ-05,2024-09-01,0,0,3147.7
INJ-05,2024-10-01,0,0,3524.2
INJ-05,2024-11-01,0,0,3450.8
INJ-05,2024-12-01,0,0,3344
INJ-05,2025-01-01,0,0,3411.4
INJ-05,2025-02-01,0,0,3281.7
INJ-05,2025-03-01,0,0,3138.4
INJ-05,2025-04-01,0,0,2889.1
INJ-05,2025-05-01,0,0,3545.9
INJ-05,2025-06-01,0,0,3588.6
INJ-05,2025-07-01,0,0,3183.9
INJ-05,2025-08-01,0,0,3386.6
INJ-05,2025-09-01,0,0,3198.2
INJ-05,2025-10-01,0,0,3226.4
INJ-05,2025-11-01,0,0,3428.9
INJ-05,2025-12-01,0,0,3339.6
INJ-05,2026-01-01,0,0,3174.6
INJ-05,2026-02-01,0,0,3348.8
INJ-05,2026-03-01,0,0,3361.1
INJ-05,2026-04-01,0,0,2988.5
INJ-05,2026-05-01,0,0,3452.6
INJ-05,2026-06-01,0,0,3356.7
INJ-05,2026-07-01,0,0,3076.5
INJ-05,2026-08-01,0,0,3487.8
INJ-06,2007-01-01,0,0,527.7
INJ-06,2007-02-01,0,0,1115.4
INJ-06,2007-03-01,0,0,1531.9
INJ-06,2007-04-01,0,0,2123.5
INJ-06,2007-05-01,0,0,2935.9
INJ-06,2007-06-01,0,0,3355.1
INJ-06,2007-07-01,0,0,3220.8
INJ-06,2007-08-01,0,0,3635.6
INJ-06,2007-09-01,0,0,3207.3
INJ-06,2007-10-01,0,0,3191.3
INJ-06,2007-11-01,0,0,3157.8
INJ-06,2007-12-01,0,0,3271.9
INJ-06,2008-01-01,0,0,3366.3
INJ-06,2008-02-01,0,0,3110.8
INJ-06,2008-03-01,0,0,3061.2
INJ-06,2008-04-01,0,0,3121.6
INJ-06,2008-05-01,0,0,3491.8
INJ-06,2008-06-01,0,0,3119
INJ-06,2008-07-01,0,0,2914.7
INJ-06,2008-08-01,0,0,3606.1
INJ-06,2008-09-01,0,0,3363.5
INJ-06,2008-10-01,0,0,3180.5
INJ-06,2008-11-01,0,0,3479.1
INJ-06,2008-12-01,0,0,3771.8
INJ-06,2009-01-01,0,0,3274.1
INJ-06,2009-02-01,0,0,3328.3
INJ-06,2009-03-01,0,0,3278.7
INJ-06,2009-04-01,0,0,3197.8
INJ-06,2009-05-01,0,0,3579.9
INJ-06,2009-06-01,0,0,3412.8
INJ-06,2009-07-01,0,0,3103.8
INJ-06,2009-08-01,0,0,3713.2
INJ-06,2009-09-01,0,0,3084.9
INJ-06,2009-10-01,0,0,3128.3
INJ-06,2009-11-01,0,0,3289.6
INJ-06,2009-12-01,0,0,3141.5
INJ-06,2010-01-01,0,0,3567.5
INJ-06,2010-02-01,0,0,3212.8
INJ-06,2010-03-01,0,0,3505.5
INJ-06,2010-04-01,0,0,3353.2
INJ-06,2010-05-01,0,0,3344.1
INJ-06,2010-06-01,0,0,3261.5
INJ-06,2010-07-01,0,0,3358.4
INJ-06,2010-08-01,0,0,3454.9
INJ-06,2010-09-01,0,0,3389.2
INJ-06,2010-10-01,0,0,3353.5
INJ-06,2010-11-01,0,0,3241.4
INJ-06,2010-12-01,0,0,3396.2
INJ-06,2011-01-01,0,0,3115.4
INJ-06,2011-02-01,0,0,3370.3
INJ-06,2011-03-01,0,0,3558.2
INJ-06,2011-04-01,0,0,3447.4
INJ-06,2011-05-01,0,0,3149.7
INJ-06,2011-06-01,0,0,3506.3
INJ-06,2011-07-01,0,0,3266.1
INJ-06,2011-08-01,0,0,3106.9
INJ-06,2011-09-01,0,0,3023.6
INJ-06,2011-10-01,0,0,3889.4
INJ-06,2011-11-01,0,0,3072.5
INJ-06,2011-12-01,0,0,3527.4
INJ-06,2012-01-01,0,0,3373
INJ-06,2012-02-01,0,0,3264.9
INJ-06,2012-03-01,0,0,3206.7
INJ-06,2012-04-01,0,0,3630.4
INJ-06,2012-05-01,0,0,3464.1
INJ-06,2012-06-01,0,0,3039.4
INJ-06,2012-07-01,0,0,3051.2
INJ-06,2012-08-01,0,0,3354.1
INJ-06,2012-09-01,0,0,3301.2
INJ-06,2012-10-01,0,0,3180.2
INJ-06,2012-11-01,0,0,3336.6
INJ-06,2012-12-01,0,0,3039.2
INJ-06,2013-01-01,0,0,3343.9
INJ-06,2013-02-01,0,0,3233.8
INJ-06,2013-03-01,0,0,3354.6
INJ-06,2013-04-01,0,0,3226
INJ-06,2013-05-01,0,0,3260.4
INJ-06,2013-06-01,0,0,3326.9
INJ-06,2013-07-01,0,0,3307.4
INJ-06,2013-08-01,0,0,3358.6
INJ-06,2013-09-01,0,0,3313.6
INJ-06,2013-10-01,0,0,3293.8
INJ-06,2013-11-01,0,0,3108.9
INJ-06,2013-12-01,0,0,3247.4
INJ-06,2014-01-01,0,0,3458.2
INJ-06,2014-02-01,0,0,3086.1
INJ-06,2014-03-01,0,0,3243.4
INJ-06,2014-04-01,0,0,3069.8
INJ-06,2014-05-01,0,0,3104.9
INJ-06,2014-06-01,0,0,3024
INJ-06,2014-07-01,0,0,3136.3
INJ-06,2014-08-01,0,0,3251.9
INJ-06,2014-09-01,0,0,3386.8
INJ-06,2014-10-01,0,0,3329.9
INJ-06,2014-11-01,0,0,3431.3
INJ-06,2014-12-01,0,0,3276
INJ-06,2015-01-01,0,0,3301.4
INJ-06,2015-02-01,0,0,3257.7
INJ-06,2015-03-01,0,0,3249.5
INJ-06,2015-04-01,0,0,3643.8
INJ-06,2015-05-01,0,0,3199.2
INJ-06,2015-06-01,0,0,3468.5
INJ-06,2015-07-01,0,0,3348.1
INJ-06,2015-08-01,0,0,3401.8
INJ-06,2015-09-01,0,0,3461.9
INJ-06,2015-10-01,0,0,3290.9
INJ-06,2015-11-01,0,0,3371.3
INJ-06,2015-12-01,0,0,3208.9
INJ-06,2016-01-01,0,0,3173
INJ-06,2016-02-01,0,0,3336.7
INJ-06,2016-03-01,0,0,3387
INJ-06,2016-04-01,0,0,3116.7
INJ-06,2016-05-01,0,0,3035.3
INJ-06,2016-06-01,0,0,3356.3
INJ-06,2016-07-01,0,0,3385.4
INJ-06,2016-08-01,0,0,3204.1
INJ-06,2016-09-01,0,0,3092.5
INJ-06,2016-10-01,0,0,3213.4
INJ-06,2016-11-01,0,0,3317.2
INJ-06,2016-12-01,0,0,3085.9
INJ-06,2017-01-01,0,0,3107.1
INJ-06,2017-02-01,0,0,3096.9
INJ-06,2017-03-01,0,0,3170.8
INJ-06,2017-04-01,0,0,3369.8
INJ-06,2017-05-01,0,0,3262.2
INJ-06,2017-06-01,0,0,3239.2
INJ-06,2017-07-01,0,0,3384.7
INJ-06,2017-08-01,0,0,3139.3
INJ-06,2017-09-01,0,0,3256.4
INJ-06,2017-10-01,0,0,3220.8
INJ-06,2017-11-01,0,0,3394.4
INJ-06,2017-12-01,0,0,2975.9
INJ-06,2018-01-01,0,0,3335.9
INJ-06,2018-02-01,0,0,3358.7
INJ-06,2018-03-01,0,0,3146.8
INJ-06,2018-04-01,0,0,3217.6
INJ-06,2018-05-01,0,0,3262
INJ-06,2018-06-01,0,0,3350.3
INJ-06,2018-07-01,0,0,3316.8
INJ-06,2018-08-01,0,0,3732.4
INJ-06,2018-09-01,0,0,3233.2
INJ-06,2018-10-01,0,0,3389.9
INJ-06,2018-11-01,0,0,3377.3
INJ-06,2018-12-01,0,0,3495.9
INJ-06,2019-01-01,0,0,2940.3
INJ-06,2019-02-01,0,0,3335.3
INJ-06,2019-03-01,0,0,3309.9
INJ-06,2019-04-01,0,0,3224.2
INJ-06,2019-05-01,0,0,3497.2
INJ-06,2019-06-01,0,0,3250.7
INJ-06,2019-07-01,0,0,3479.9
INJ-06,2019-08-01,0,0,3104.1
INJ-06,2019-09-01,0,0,3667.6
INJ-06,2019-10-01,0,0,3377.9
INJ-06,2019-11-01,0,0,3089.9
INJ-06,2019-12-01,0,0,3694.8
INJ-06,2020-01-01,0,0,3445.3
INJ-06,2020-02-01,0,0,3330.2
INJ-06,2020-03-01,0,0,3363.6
INJ-06,2020-04-01,0,0,3029.4
INJ-06,2020-05-01,0,0,3178.3
INJ-06,2020-06-01,0,0,3095.5
INJ-06,2020-07-01,0,0,3168.8
INJ-06,2020-08-01,0,0,3265.5
INJ-06,2020-09-01,0,0,3215.5
INJ-06,2020-10-01,0,0,3428.3
INJ-06,2020-11-01,0,0,3116.4
INJ-06,2020-12-01,0,0,3246.8
INJ-06,2021-01-01,0,0,3123.1
INJ-06,2021-02-01,0,0,2959.5
INJ-06,2021-03-01,0,0,3147.7
INJ-06,2021-04-01,0,0,3280.8
INJ-06,2021-05-01,0,0,3315.5
INJ-06,2021-06-01,0,0,3358.9
INJ-06,2021-07-01,0,0,3384
INJ-06,2021-08-01,0,0,3377.2
INJ-06,2021-09-01,0,0,3297.6
INJ-06,2021-10-01,0,0,3371.7
INJ-06,2021-11-01,0,0,3536.9
INJ-06,2021-12-01,0,0,3346.4
INJ-06,2022-01-01,0,0,3064.6
INJ-06,2022-02-01,0,0,3381
INJ-06,2022-03-01,0,0,3051.9
INJ-06,2022-04-01,0,0,3608.1
INJ-06,2022-05-01,0,0,3344.3
INJ-06,2022-06-01,0,0,3423.6
INJ-06,2022-07-01,0,0,3429.4
INJ-06,2022-08-01,0,0,3146.5
INJ-06,2022-09-01,0,0,3212.3
INJ-06,2022-10-01,0,0,3306.1
INJ-06,2022-11-01,0,0,3440.8
INJ-06,2022-12-01,0,0,3378
INJ-06,2023-01-01,0,0,3187
INJ-06,2023-02-01,0,0,3141.2
INJ-06,2023-03-01,0,0,3377.2
INJ-06,2023-04-01,0,0,3424.9
INJ-06,2023-05-01,0,0,3273.3
INJ-06,2023-06-01,0,0,3149.2
INJ-06,2023-07-01,0,0,3109.7
INJ-06,2023-08-01,0,0,3313.2
INJ-06,2023-09-01,0,0,3015.2
INJ-06,2023-10-01,0,0,3292.4
INJ-06,2023-11-01,0,0,3404
INJ-06,2023-12-01,0,0,3185.4
INJ-06,2024-01-01,0,0,3218.1
INJ-06,2024-02-01,0,0,3398.1
INJ-06,2024-03-01,0,0,2989.4
INJ-06,2024-04-01,0,0,3529.9
INJ-06,2024-05-01,0,0,3522.3
INJ-06,2024-06-01,0,0,3587.8
INJ-06,2024-07-01,0,0,3409.7
INJ-06,2024-08-01,0,0,3455.9
INJ-06,2024-09-01,0,0,3152
INJ-06,2024-10-01,0,0,3913.3
INJ-06,2024-11-01,0,0,3305
INJ-06,2024-12-01,0,0,3420.4
INJ-06,2025-01-01,0,0,3353.9
INJ-06,2025-02-01,0,0,3519.2
INJ-06,2025-03-01,0,0,3465.6
INJ-06,2025-04-01,0,0,3154.7
INJ-06,2025-05-01,0,0,3364.8
INJ-06,2025-06-01,0,0,3212.5
INJ-06,2025-07-01,0,0,3221.5
INJ-06,2025-08-01,0,0,3110.2
INJ-06,2025-09-01,0,0,3501.7
INJ-06,2025-10-01,0,0,3331
INJ-06,2025-11-01,0,0,3433.9
INJ-06,2025-12-01,0,0,3559.2
INJ-06,2026-01-01,0,0,3333.6
INJ-06,2026-02-01,0,0,3041.6
INJ-06,2026-03-01,0,0,3437.7
INJ-06,2026-04-01,0,0,3196.3
INJ-06,2026-05-01,0,0,3303.8
INJ-06,2026-06-01,0,0,3273.8
INJ-06,2026-07-01,0,0,3273.5
INJ-06,2026-08-01,0,0,3467.6
INJ-07,2011-06-01,0,0,472.7
INJ-07,2011-07-01,0,0,933
INJ-07,2011-08-01,0,0,1340.5
INJ-07,2011-09-01,0,0,1773.7
INJ-07,2011-10-01,0,0,2256.6
INJ-07,2011-11-01,0,0,2504.4
INJ-07,2011-12-01,0,0,2635.5
INJ-07,2012-01-01,0,0,2631.8
INJ-07,2012-02-01,0,0,2883.2
INJ-07,2012-03-01,0,0,2744.4
INJ-07,2012-04-01,0,0,2709.5
INJ-07,2012-05-01,0,0,2589.2
INJ-07,2012-06-01,0,0,2938
INJ-07,2012-07-01,0,0,2831
INJ-07,2012-08-01,0,0,2968.4
INJ-07,2012-09-01,0,0,2584.6
INJ-07,2012-10-01,0,0,2641.3
INJ-07,2012-11-01,0,0,2415.3
INJ-07,2012-12-01,0,0,2744.5
INJ-07,2013-01-01,0,0,2761.6
INJ-07,2013-02-01,0,0,2643.3
INJ-07,2013-03-01,0,0,2711.6
INJ-07,2013-04-01,0,0,2803.8
INJ-07,2013-05-01,0,0,2663.1
INJ-07,2013-06-01,0,0,2742.2
INJ-07,2013-07-01,0,0,2938.5
INJ-07,2013-08-01,0,0,2901.3
INJ-07,2013-09-01,0,0,2579.4
INJ-07,2013-10-01,0,0,2752.1
INJ-07,2013-11-01,0,0,2613.6
INJ-07,2013-12-01,0,0,2682.7
INJ-07,2014-01-01,0,0,2777.6
INJ-07,2014-02-01,0,0,2942
INJ-07,2014-03-01,0,0,2686.7
INJ-07,2014-04-01,0,0,2748.9
INJ-07,2014-05-01,0,0,2692.5
INJ-07,2014-06-01,0,0,2741.3
INJ-07,2014-07-01,0,0,2793.9
INJ-07,2014-08-01,0,0,2593
INJ-07,2014-09-01,0,0,2806.3
INJ-07,2014-10-01,0,0,2591.5
INJ-07,2014-11-01,0,0,2831.7
INJ-07,2014-12-01,0,0,2941.5
INJ-07,2015-01-01,0,0,2913.3
INJ-07,2015-02-01,0,0,2881.4
INJ-07,2015-03-01,0,0,2712
INJ-07,2015-04-01,0,0,2717.5
INJ-07,2015-05-01,0,0,2696.4
INJ-07,2015-06-01,0,0,2777.8
INJ-07,2015-07-01,0,0,2753.4
INJ-07,2015-08-01,0,0,3021.5
INJ-07,2015-09-01,0,0,2761.2
INJ-07,2015-10-01,0,0,2589
INJ-07,2015-11-01,0,0,2874.5
INJ-07,2015-12-01,0,0,2487.4
INJ-07,2016-01-01,0,0,2848
INJ-07,2016-02-01,0,0,2729.2
INJ-07,2016-03-01,0,0,2994.2
INJ-07,2016-04-01,0,0,2809.9
INJ-07,2016-05-01,0,0,2611.4
INJ-07,2016-06-01,0,0,2946.3
INJ-07,2016-07-01,0,0,2651.8
INJ-07,2016-08-01,0,0,2833.3
INJ-07,2016-09-01,0,0,2688.9
INJ-07,2016-10-01,0,0,2829.9
INJ-07,2016-11-01,0,0,2616.2
INJ-07,2016-12-01,0,0,2581.1
INJ-07,2017-01-01,0,0,2744.1
INJ-07,2017-02-01,0,0,2522.1
INJ-07,2017-03-01,0,0,2964.9
INJ-07,2017-04-01,0,0,2722.3
INJ-07,2017-05-01,0,0,2820.5
INJ-07,2017-06-01,0,0,3085.5
INJ-07,2017-07-01,0,0,2838.3
INJ-07,2017-08-01,0,0,2616.3
INJ-07,2017-09-01,0,0,2782.8
INJ-07,2017-10-01,0,0,2607.7
INJ-07,2017-11-01,0,0,2723.1
INJ-07,2017-12-01,0,0,2822.3
INJ-07,2018-01-01,0,0,2534.2
INJ-07,2018-02-01,0,0,3070.4
INJ-07,2018-03-01,0,0,2750
INJ-07,2018-04-01,0,0,2878.8
INJ-07,2018-05-01,0,0,2775.9
INJ-07,2018-06-01,0,0,2599.1
INJ-07,2018-07-01,0,0,2903.2
INJ-07,2018-08-01,0,0,2592.9
INJ-07,2018-09-01,0,0,2859.4
INJ-07,2018-10-01,0,0,2695.3
INJ-07,2018-11-01,0,0,2936.4
INJ-07,2018-12-01,0,0,2860.2
INJ-07,2019-01-01,0,0,2944.4
INJ-07,2019-02-01,0,0,2748.9
INJ-07,2019-03-01,0,0,2951.6
INJ-07,2019-04-01,0,0,2906.3
INJ-07,2019-05-01,0,0,2543.9
INJ-07,2019-06-01,0,0,2884.2
INJ-07,2019-07-01,0,0,2597
INJ-07,2019-08-01,0,0,2803.6
INJ-07,2019-09-01,0,0,2739.7
INJ-07,2019-10-01,0,0,2699.7
INJ-07,2019-11-01,0,0,2784.4
INJ-07,2019-12-01,0,0,2885.5
INJ-07,2020-01-01,0,0,2623.2
INJ-07,2020-02-01,0,0,2606.8
INJ-07,2020-03-01,0,0,2659.1
INJ-07,2020-04-01,0,0,2807.6
INJ-07,2020-05-01,0,0,2686.2
INJ-07,2020-06-01,0,0,2820.8
INJ-07,2020-07-01,0,0,2695.4
INJ-07,2020-08-01,0,0,2877.1
INJ-07,2020-09-01,0,0,2697.8
INJ-07,2020-10-01,0,0,2750
INJ-07,2020-11-01,0,0,2693.1
INJ-07,2020-12-01,0,0,2732.9
INJ-07,2021-01-01,0,0,2574.5
INJ-07,2021-02-01,0,0,2380.1
INJ-07,2021-03-01,0,0,2732.1
INJ-07,2021-04-01,0,0,2703.1
INJ-07,2021-05-01,0,0,2657.8
INJ-07,2021-06-01,0,0,2595.8
INJ-07,2021-07-01,0,0,2431.2
INJ-07,2021-08-01,0,0,2692.9
INJ-07,2021-09-01,0,0,2986.6
INJ-07,2021-10-01,0,0,2682.5
INJ-07,2021-11-01,0,0,2546.2
INJ-07,2021-12-01,0,0,2639.8
INJ-07,2022-01-01,0,0,2574
INJ-07,2022-02-01,0,0,2589
INJ-07,2022-03-01,0,0,2389.7
INJ-07,2022-04-01,0,0,3014.9
INJ-07,2022-05-01,0,0,2785.1
INJ-07,2022-06-01,0,0,2641.7
INJ-07,2022-07-01,0,0,3050.5
INJ-07,2022-08-01,0,0,2799.1
INJ-07,2022-09-01,0,0,2958.7
INJ-07,2022-10-01,0,0,2795.7
INJ-07,2022-11-01,0,0,3044.1
INJ-07,2022-12-01,0,0,2830.3
INJ-07,2023-01-01,0,0,2845
INJ-07,2023-02-01,0,0,2863.2
INJ-07,2023-03-01,0,0,2863.4
INJ-07,2023-04-01,0,0,2603
INJ-07,2023-05-01,0,0,2767.4
INJ-07,2023-06-01,0,0,2850.8
INJ-07,2023-07-01,0,0,2801.2
INJ-07,2023-08-01,0,0,2702.3
INJ-07,2023-09-01,0,0,2459.8
INJ-07,2023-10-01,0,0,2772.7
INJ-07,2023-11-01,0,0,2766.9
INJ-07,2023-12-01,0,0,2837.5
INJ-07,2024-01-01,0,0,2753.1
INJ-07,2024-02-01,0,0,2597
INJ-07,2024-03-01,0,0,2697.6
INJ-07,2024-04-01,0,0,2556
INJ-07,2024-05-01,0,0,2826.9
INJ-07,2024-06-01,0,0,2693.2
INJ-07,2024-07-01,0,0,2618.2
INJ-07,2024-08-01,0,0,2749.7
INJ-07,2024-09-01,0,0,2676.4
INJ-07,2024-10-01,0,0,2877.7
INJ-07,2024-11-01,0,0,2790.5
INJ-07,2024-12-01,0,0,2605.5
INJ-07,2025-01-01,0,0,2974.4
INJ-07,2025-02-01,0,0,3110.1
INJ-07,2025-03-01,0,0,2698.3
INJ-07,2025-04-01,0,0,2784.5
INJ-07,2025-05-01,0,0,2999.2
INJ-07,2025-06-01,0,0,2769.8
INJ-07,2025-07-01,0,0,2712.8
INJ-07,2025-08-01,0,0,2684.7
INJ-07,2025-09-01,0,0,2917.3
INJ-07,2025-10-01,0,0,2772.8
INJ-07,2025-11-01,0,0,2635.6
INJ-07,2025-12-01,0,0,2708.4
INJ-07,2026-01-01,0,0,2896.7
INJ-07,2026-02-01,0,0,2897.7
INJ-07,2026-03-01,0,0,2373.2
INJ-07,2026-04-01,0,0,2893.8
INJ-07,2026-05-01,0,0,2704.3
INJ-07,2026-06-01,0,0,2694.4
INJ-07,2026-07-01,0,0,2884.4
INJ-07,2026-08-01,0,0,2690.7
INJ-08,2016-01-01,0,0,341.2
INJ-08,2016-02-01,0,0,641.9
INJ-08,2016-03-01,0,0,987.8
INJ-08,2016-04-01,0,0,1390.9
INJ-08,2016-05-01,0,0,1563
INJ-08,2016-06-01,0,0,1890.3
INJ-08,2016-07-01,0,0,2065.8
INJ-08,2016-08-01,0,0,1948.7
INJ-08,2016-09-01,0,0,1976.1
INJ-08,2016-10-01,0,0,1983.7
INJ-08,2016-11-01,0,0,1963.9
INJ-08,2016-12-01,0,0,1918.9
INJ-08,2017-01-01,0,0,1926
INJ-08,2017-02-01,0,0,2035.4
INJ-08,2017-03-01,0,0,1887.2
INJ-08,2017-04-01,0,0,1881.8
INJ-08,2017-05-01,0,0,2186.9
INJ-08,2017-06-01,0,0,1958.4
INJ-08,2017-07-01,0,0,1895.8
INJ-08,2017-08-01,0,0,1943.6
INJ-08,2017-09-01,0,0,1928.6
INJ-08,2017-10-01,0,0,2105.7
INJ-08,2017-11-01,0,0,1898.3
INJ-08,2017-12-01,0,0,1965.2
INJ-08,2018-01-01,0,0,2029.9
INJ-08,2018-02-01,0,0,2117
INJ-08,2018-03-01,0,0,1916.7
INJ-08,2018-04-01,0,0,1975.3
INJ-08,2018-05-01,0,0,2214.8
INJ-08,2018-06-01,0,0,1989.2
INJ-08,2018-07-01,0,0,2061
INJ-08,2018-08-01,0,0,2011.6
INJ-08,2018-09-01,0,0,1987.3
INJ-08,2018-10-01,0,0,2070.5
INJ-08,2018-11-01,0,0,1911.9
INJ-08,2018-12-01,0,0,2133.9
INJ-08,2019-01-01,0,0,2022.6
INJ-08,2019-02-01,0,0,2116.2
INJ-08,2019-03-01,0,0,2007
INJ-08,2019-04-01,0,0,2048.6
INJ-08,2019-05-01,0,0,2009.1
INJ-08,2019-06-01,0,0,1895.4
INJ-08,2019-07-01,0,0,1953.6
INJ-08,2019-08-01,0,0,1949.1
INJ-08,2019-09-01,0,0,1927.7
INJ-08,2019-10-01,0,0,1965.1
INJ-08,2019-11-01,0,0,1941.3
INJ-08,2019-12-01,0,0,2008
INJ-08,2020-01-01,0,0,2035.7
INJ-08,2020-02-01,0,0,2084.8
INJ-08,2020-03-01,0,0,1934.2
INJ-08,2020-04-01,0,0,2068.4
INJ-08,2020-05-01,0,0,2015.6
INJ-08,2020-06-01,0,0,2048.1
INJ-08,2020-07-01,0,0,2050.3
INJ-08,2020-08-01,0,0,2070.7
INJ-08,2020-09-01,0,0,1998.7
INJ-08,2020-10-01,0,0,2013.2
INJ-08,2020-11-01,0,0,2039.3
INJ-08,2020-12-01,0,0,1890.5
INJ-08,2021-01-01,0,0,2041.8
INJ-08,2021-02-01,0,0,2066.6
INJ-08,2021-03-01,0,0,2058.7
INJ-08,2021-04-01,0,0,1923.5
INJ-08,2021-05-01,0,0,2036.5
INJ-08,2021-06-01,0,0,2090.6
INJ-08,2021-07-01,0,0,2059.2
INJ-08,2021-08-01,0,0,2109.4
INJ-08,2021-09-01,0,0,1880.6
INJ-08,2021-10-01,0,0,1902.9
INJ-08,2021-11-01,0,0,1857.7
INJ-08,2021-12-01,0,0,2106.9
INJ-08,2022-01-01,0,0,1968.4
INJ-08,2022-02-01,0,0,2170.5
INJ-08,2022-03-01,0,0,2007.5
INJ-08,2022-04-01,0,0,1922
INJ-08,2022-05-01,0,0,1798.9
INJ-08,2022-06-01,0,0,1851.6
INJ-08,2022-07-01,0,0,1989.3
INJ-08,2022-08-01,0,0,2008.1
INJ-08,2022-09-01,0,0,2020
INJ-08,2022-10-01,0,0,2026.5
INJ-08,2022-11-01,0,0,2050.4
INJ-08,2022-12-01,0,0,1879.4
INJ-08,2023-01-01,0,0,2229.9
INJ-08,2023-02-01,0,0,2006.6
INJ-08,2023-03-01,0,0,2034.3
INJ-08,2023-04-01,0,0,1984.8
INJ-08,2023-05-01,0,0,2182.2
INJ-08,2023-06-01,0,0,2064.8
INJ-08,2023-07-01,0,0,1876
INJ-08,2023-08-01,0,0,2055.7
INJ-08,2023-09-01,0,0,2073.6
INJ-08,2023-10-01,0,0,1943.4
INJ-08,2023-11-01,0,0,1996.1
INJ-08,2023-12-01,0,0,1996.3
INJ-08,2024-01-01,0,0,1986.8
INJ-08,2024-02-01,0,0,1951.8
INJ-08,2024-03-01,0,0,771.1
INJ-08,2024-04-01,0,0,747
INJ-08,2024-05-01,0,0,792.6
INJ-08,2024-06-01,0,0,829.1
INJ-08,2024-07-01,0,0,803.4
INJ-08,2024-08-01,0,0,750.3
INJ-08,2024-09-01,0,0,821.8
INJ-08,2024-10-01,0,0,867.8
INJ-08,2024-11-01,0,0,861.4
INJ-08,2024-12-01,0,0,746.3
INJ-08,2025-01-01,0,0,763.6
INJ-08,2025-02-01,0,0,1833.6
INJ-08,2025-03-01,0,0,2023.9
INJ-08,2025-04-01,0,0,1977.7
INJ-08,2025-05-01,0,0,2054.7
INJ-08,2025-06-01,0,0,2169.8
INJ-08,2025-07-01,0,0,2172.2
INJ-08,2025-08-01,0,0,2101.2
INJ-08,2025-09-01,0,0,1940.9
INJ-08,2025-10-01,0,0,2016.8
INJ-08,2025-11-01,0,0,1885.9
INJ-08,2025-12-01,0,0,1961.6
INJ-08,2026-01-01,0,0,1947.9
INJ-08,2026-02-01,0,0,2012
INJ-08,2026-03-01,0,0,1989.3
INJ-08,2026-04-01,0,0,1996.5
INJ-08,2026-05-01,0,0,2038
INJ-08,2026-06-01,0,0,1847.5
INJ-08,2026-07-01,0,0,1853.2
INJ-08,2026-08-01,0,0,2041
INJ-09,2016-01-01,0,0,286.4
INJ-09,2016-02-01,0,0,614.2
INJ-09,2016-03-01,0,0,971.5
INJ-09,2016-04-01,0,0,1235.9
INJ-09,2016-05-01,0,0,1559.9
INJ-09,2016-06-01,0,0,1797.7
INJ-09,2016-07-01,0,0,1827.1
INJ-09,2016-08-01,0,0,1824
INJ-09,2016-09-01,0,0,1953.6
INJ-09,2016-10-01,0,0,1795.7
INJ-09,2016-11-01,0,0,1781.2
INJ-09,2016-12-01,0,0,1877.6
INJ-09,2017-01-01,0,0,1878.3
INJ-09,2017-02-01,0,0,1748.7
INJ-09,2017-03-01,0,0,1926
INJ-09,2017-04-01,0,0,1826.2
INJ-09,2017-05-01,0,0,1688.1
INJ-09,2017-06-01,0,0,1815.8
INJ-09,2017-07-01,0,0,1755.5
INJ-09,2017-08-01,0,0,1923.9
INJ-09,2017-09-01,0,0,1856.3
INJ-09,2017-10-01,0,0,1966
INJ-09,2017-11-01,0,0,2031.7
INJ-09,2017-12-01,0,0,1989.1
INJ-09,2018-01-01,0,0,2063.7
INJ-09,2018-02-01,0,0,1778.7
INJ-09,2018-03-01,0,0,1784
INJ-09,2018-04-01,0,0,1751.1
INJ-09,2018-05-01,0,0,1993.9
INJ-09,2018-06-01,0,0,1846.2
INJ-09,2018-07-01,0,0,1839.7
INJ-09,2018-08-01,0,0,1803
INJ-09,2018-09-01,0,0,1849.2
INJ-09,2018-10-01,0,0,1949.6
INJ-09,2018-11-01,0,0,1899.8
INJ-09,2018-12-01,0,0,1867.9
INJ-09,2019-01-01,0,0,1897
INJ-09,2019-02-01,0,0,2043.3
INJ-09,2019-03-01,0,0,1954.7
INJ-09,2019-04-01,0,0,1776.1
INJ-09,2019-05-01,0,0,1834
INJ-09,2019-06-01,0,0,1792
INJ-09,2019-07-01,0,0,1811.3
INJ-09,2019-08-01,0,0,1787
INJ-09,2019-09-01,0,0,1885
INJ-09,2019-10-01,0,0,1851.8
INJ-09,2019-11-01,0,0,1917.3
INJ-09,2019-12-01,0,0,1758.1
INJ-09,2020-01-01,0,0,1851.4
INJ-09,2020-02-01,0,0,1927.3
INJ-09,2020-03-01,0,0,1918.1
INJ-09,2020-04-01,0,0,1762.3
INJ-09,2020-05-01,0,0,2028.8
INJ-09,2020-06-01,0,0,1872.1
INJ-09,2020-07-01,0,0,1983.5
INJ-09,2020-08-01,0,0,1888.5
INJ-09,2020-09-01,0,0,1791.7
INJ-09,2020-10-01,0,0,1930.4
INJ-09,2020-11-01,0,0,1870.1
INJ-09,2020-12-01,0,0,1791
INJ-09,2021-01-01,0,0,1715.7
INJ-09,2021-02-01,0,0,1859.9
INJ-09,2021-03-01,0,0,1636.7
INJ-09,2021-04-01,0,0,1735.6
INJ-09,2021-05-01,0,0,1807
INJ-09,2021-06-01,0,0,1888.2
INJ-09,2021-07-01,0,0,1765.1
INJ-09,2021-08-01,0,0,1805.2
INJ-09,2021-09-01,0,0,1999.6
INJ-09,2021-10-01,0,0,1874
INJ-09,2021-11-01,0,0,1805.6
INJ-09,2021-12-01,0,0,1788.8
INJ-09,2022-01-01,0,0,1880.1
INJ-09,2022-02-01,0,0,1880
INJ-09,2022-03-01,0,0,1795.2
INJ-09,2022-04-01,0,0,1757.7
INJ-09,2022-05-01,0,0,1844.3
INJ-09,2022-06-01,0,0,1692
INJ-09,2022-07-01,0,0,1780.7
INJ-09,2022-08-01,0,0,1934.9
INJ-09,2022-09-01,0,0,1932.4
INJ-09,2022-10-01,0,0,2063.8
INJ-09,2022-11-01,0,0,1809.5
INJ-09,2022-12-01,0,0,1895.5
INJ-09,2023-01-01,0,0,1822.3
INJ-09,2023-02-01,0,0,1875.3
INJ-09,2023-03-01,0,0,1860.4
INJ-09,2023-04-01,0,0,1874.2
INJ-09,2023-05-01,0,0,1964.8
INJ-09,2023-06-01,0,0,1846.2
INJ-09,2023-07-01,0,0,1886.1
INJ-09,2023-08-01,0,0,1804.6
INJ-09,2023-09-01,0,0,1921.4
INJ-09,2023-10-01,0,0,2027.4
INJ-09,2023-11-01,0,0,2010.9
INJ-09,2023-12-01,0,0,1771.3
INJ-09,2024-01-01,0,0,1832.9
INJ-09,2024-02-01,0,0,1796.1
INJ-09,2024-03-01,0,0,1766.4
INJ-09,2024-04-01,0,0,1941.3
INJ-09,2024-05-01,0,0,1792.1
INJ-09,2024-06-01,0,0,1890.1
INJ-09,2024-07-01,0,0,1820.9
INJ-09,2024-08-01,0,0,1748.7
INJ-09,2024-09-01,0,0,1840.6
INJ-09,2024-10-01,0,0,1798.8
INJ-09,2024-11-01,0,0,1835.7
INJ-09,2024-12-01,0,0,1755.3
INJ-09,2025-01-01,0,0,1645.3
INJ-09,2025-02-01,0,0,1786.9
INJ-09,2025-03-01,0,0,1840.6
INJ-09,2025-04-01,0,0,1976.8
INJ-09,2025-05-01,0,0,1836.3
INJ-09,2025-06-01,0,0,1872.1
INJ-09,2025-07-01,0,0,2063.1
INJ-09,2025-08-01,0,0,1701.8
INJ-09,2025-09-01,0,0,1912.3
INJ-09,2025-10-01,0,0,1889.7
INJ-09,2025-11-01,0,0,1918
INJ-09,2025-12-01,0,0,1865.1
INJ-09,2026-01-01,0,0,1807.3
INJ-09,2026-02-01,0,0,1869
INJ-09,2026-03-01,0,0,1736.6
INJ-09,2026-04-01,0,0,1789.4
INJ-09,2026-05-01,0,0,1913.3
INJ-09,2026-06-01,0,0,2035
INJ-09,2026-07-01,0,0,1842.3
INJ-09,2026-08-01,0,0,1819.5
INJ-10,2011-01-01,0,0,262.6
INJ-10,2011-02-01,0,0,476.4
INJ-10,2011-03-01,0,0,807.3
INJ-10,2011-04-01,0,0,1017.5
INJ-10,2011-05-01,0,0,1373.3
INJ-10,2011-06-01,0,0,1657.1
INJ-10,2011-07-01,0,0,1568.4
INJ-10,2011-08-01,0,0,1563.8
INJ-10,2011-09-01,0,0,1614
INJ-10,2011-10-01,0,0,1529.6
INJ-10,2011-11-01,0,0,1603.5
INJ-10,2011-12-01,0,0,1509.1
INJ-10,2012-01-01,0,0,1679.9
INJ-10,2012-02-01,0,0,1540.6
INJ-10,2012-03-01,0,0,1624.7
INJ-10,2012-04-01,0,0,1640.9
INJ-10,2012-05-01,0,0,1521.9
INJ-10,2012-06-01,0,0,1585.9
INJ-10,2012-07-01,0,0,1427.1
INJ-10,2012-08-01,0,0,1525.6
INJ-10,2012-09-01,0,0,1567.8
INJ-10,2012-10-01,0,0,1423.4
INJ-10,2012-11-01,0,0,1537.1
INJ-10,2012-12-01,0,0,1564
INJ-10,2013-01-01,0,0,1412
INJ-10,2013-02-01,0,0,1510.3
INJ-10,2013-03-01,0,0,1536.9
INJ-10,2013-04-01,0,0,1640
INJ-10,2013-05-01,0,0,1504.8
INJ-10,2013-06-01,0,0,1551.7
INJ-10,2013-07-01,0,0,1666.4
INJ-10,2013-08-01,0,0,1562.8
INJ-10,2013-09-01,0,0,1541.8
INJ-10,2013-10-01,0,0,1632.4
INJ-10,2013-11-01,0,0,1430.4
INJ-10,2013-12-01,0,0,1546
INJ-10,2014-01-01,0,0,1534.5
INJ-10,2014-02-01,0,0,1589.4
INJ-10,2014-03-01,0,0,1635
INJ-10,2014-04-01,0,0,1529.6
INJ-10,2014-05-01,0,0,1564.2
INJ-10,2014-06-01,0,0,1547.8
INJ-10,2014-07-01,0,0,1487.7
INJ-10,2014-08-01,0,0,1590.5
INJ-10,2014-09-01,0,0,1517.9
INJ-10,2014-10-01,0,0,1581.8
INJ-10,2014-11-01,0,0,1599
INJ-10,2014-12-01,0,0,1501.2
INJ-10,2015-01-01,0,0,1560.8
INJ-10,2015-02-01,0,0,1576.3
INJ-10,2015-03-01,0,0,1680.1
INJ-10,2015-04-01,0,0,1588.9
INJ-10,2015-05-01,0,0,1417.9
INJ-10,2015-06-01,0,0,1615.9
INJ-10,2015-07-01,0,0,1675.4
INJ-10,2015-08-01,0,0,1652.1
INJ-10,2015-09-01,0,0,1497.7
INJ-10,2015-10-01,0,0,1439.8
INJ-10,2015-11-01,0,0,1563
INJ-10,2015-12-01,0,0,1568.1
INJ-10,2016-01-01,0,0,1675.2
INJ-10,2016-02-01,0,0,1488.9
INJ-10,2016-03-01,0,0,1600.7
INJ-10,2016-04-01,0,0,1580.9
INJ-10,2016-05-01,0,0,1565.4
INJ-10,2016-06-01,0,0,1420.1
INJ-10,2016-07-01,0,0,1516.8
INJ-10,2016-08-01,0,0,1630.9
INJ-10,2016-09-01,0,0,1471.1
INJ-10,2016-10-01,0,0,1563.6
INJ-10,2016-11-01,0,0,1542.1
INJ-10,2016-12-01,0,0,1684.8
INJ-10,2017-01-01,0,0,1508.6
INJ-10,2017-02-01,0,0,1417.5
INJ-10,2017-03-01,0,0,1489.5
INJ-10,2017-04-01,0,0,1563
INJ-10,2017-05-01,0,0,1480.5
INJ-10,2017-06-01,0,0,1564.4
INJ-10,2017-07-01,0,0,1553.8
INJ-10,2017-08-01,0,0,1494.1
INJ-10,2017-09-01,0,0,1713.6
INJ-10,2017-10-01,0,0,1466.2
INJ-10,2017-11-01,0,0,1736.9
INJ-10,2017-12-01,0,0,1604.7
INJ-10,2018-01-01,0,0,1566
INJ-10,2018-02-01,0,0,1517.9
INJ-10,2018-03-01,0,0,1533.3
INJ-10,2018-04-01,0,0,1535.8
INJ-10,2018-05-01,0,0,1471.2
INJ-10,2018-06-01,0,0,1527.5
INJ-10,2018-07-01,0,0,1539.6
INJ-10,2018-08-01,0,0,1526.1
INJ-10,2018-09-01,0,0,1555.1
INJ-10,2018-10-01,0,0,1611.7
INJ-10,2018-11-01,0,0,1523.8
INJ-10,2018-12-01,0,0,1527
INJ-10,2019-01-01,0,0,1517
INJ-10,2019-02-01,0,0,1604.2
INJ-10,2019-03-01,0,0,1438.8
INJ-10,2019-04-01,0,0,1521.5
INJ-10,2019-05-01,0,0,1471.9
INJ-10,2019-06-01,0,0,1489.1
INJ-10,2019-07-01,0,0,1458.5
INJ-10,2019-08-01,0,0,1398.2
INJ-10,2019-09-01,0,0,1597.1
INJ-10,2019-10-01,0,0,1678.5
INJ-10,2019-11-01,0,0,1689.9
INJ-10,2019-12-01,0,0,1520.2
INJ-10,2020-01-01,0,0,1466.6
INJ-10,2020-02-01,0,0,1458.4
INJ-10,2020-03-01,0,0,1591.7
INJ-10,2020-04-01,0,0,1601
INJ-10,2020-05-01,0,0,1512.8
INJ-10,2020-06-01,0,0,1528.9
INJ-10,2020-07-01,0,0,1563.6
INJ-10,2020-08-01,0,0,1540
INJ-10,2020-09-01,0,0,1427.4
INJ-10,2020-10-01,0,0,1623.9
INJ-10,2020-11-01,0,0,1470.3
INJ-10,2020-12-01,0,0,1648
INJ-10,2021-01-01,0,0,1615
INJ-10,2021-02-01,0,0,1442.3
INJ-10,2021-03-01,0,0,1523.3
INJ-10,2021-04-01,0,0,1527.6
INJ-10,2021-05-01,0,0,1620.1
INJ-10,2021-06-01,0,0,1521.3
INJ-10,2021-07-01,0,0,1669.4
INJ-10,2021-08-01,0,0,1539.2
INJ-10,2021-09-01,0,0,1482.1
INJ-10,2021-10-01,0,0,1601.3
INJ-10,2021-11-01,0,0,1511.9
INJ-10,2021-12-01,0,0,1653.5
INJ-10,2022-01-01,0,0,1584.7
INJ-10,2022-02-01,0,0,1515.8
INJ-10,2022-03-01,0,0,1503.5
INJ-10,2022-04-01,0,0,1539.9
INJ-10,2022-05-01,0,0,1518.5
INJ-10,2022-06-01,0,0,1579.8
INJ-10,2022-07-01,0,0,1522.9
INJ-10,2022-08-01,0,0,1666.3
INJ-10,2022-09-01,0,0,1500.1
INJ-10,2022-10-01,0,0,1600.4
INJ-10,2022-11-01,0,0,1579.5
INJ-10,2022-12-01,0,0,1677.7
INJ-10,2023-01-01,0,0,1495.9
INJ-10,2023-02-01,0,0,1422.1
INJ-10,2023-03-01,0,0,1434.7
INJ-10,2023-04-01,0,0,1444
INJ-10,2023-05-01,0,0,1610.8
INJ-10,2023-06-01,0,0,1431.5
INJ-10,2023-07-01,0,0,1489.3
INJ-10,2023-08-01,0,0,1464.7
INJ-10,2023-09-01,0,0,1446
INJ-10,2023-10-01,0,0,1480
INJ-10,2023-11-01,0,0,1617.9
INJ-10,2023-12-01,0,0,1576.3
INJ-10,2024-01-01,0,0,1550.7
INJ-10,2024-02-01,0,0,1571.6
INJ-10,2024-03-01,0,0,1601.2
INJ-10,2024-04-01,0,0,1374.1
INJ-10,2024-05-01,0,0,1642.3
INJ-10,2024-06-01,0,0,1610.1
INJ-10,2024-07-01,0,0,1636.9
INJ-10,2024-08-01,0,0,1575.1
INJ-10,2024-09-01,0,0,1518.8
INJ-10,2024-10-01,0,0,1512.8
INJ-10,2024-11-01,0,0,1481.7
INJ-10,2024-12-01,0,0,1559.6
INJ-10,2025-01-01,0,0,1579.6
INJ-10,2025-02-01,0,0,1627.3
INJ-10,2025-03-01,0,0,1466.7
INJ-10,2025-04-01,0,0,1579.5
INJ-10,2025-05-01,0,0,1558.7
INJ-10,2025-06-01,0,0,1524.5
INJ-10,2025-07-01,0,0,1395.3
INJ-10,2025-08-01,0,0,1563
INJ-10,2025-09-01,0,0,1470.7
INJ-10,2025-10-01,0,0,1591.4
INJ-10,2025-11-01,0,0,1547.2
INJ-10,2025-12-01,0,0,1699.4
INJ-10,2026-01-01,0,0,1532.8
INJ-10,2026-02-01,0,0,1563.5
INJ-10,2026-03-01,0,0,1590.8
INJ-10,2026-04-01,0,0,1590.5
INJ-10,2026-05-01,0,0,1566.2
INJ-10,2026-06-01,0,0,1521.2
INJ-10,2026-07-01,0,0,1630.4
INJ-10,2026-08-01,0,0,1501.5
INJ-11,2011-06-01,0,0,501.1
INJ-11,2011-07-01,0,0,1017.2
INJ-11,2011-08-01,0,0,1397.4
INJ-11,2011-09-01,0,0,1899.6
INJ-11,2011-10-01,0,0,2476.5
INJ-11,2011-11-01,0,0,2878.7
INJ-11,2011-12-01,0,0,2898.6
INJ-11,2012-01-01,0,0,2873.3
INJ-11,2012-02-01,0,0,2721.8
INJ-11,2012-03-01,0,0,2861.7
INJ-11,2012-04-01,0,0,3007.5
INJ-11,2012-05-01,0,0,3044.3
INJ-11,2012-06-01,0,0,3053.5
INJ-11,2012-07-01,0,0,3057.3
INJ-11,2012-08-01,0,0,2967.5
INJ-11,2012-09-01,0,0,2964.5
INJ-11,2012-10-01,0,0,2674.2
INJ-11,2012-11-01,0,0,2889.6
INJ-11,2012-12-01,0,0,2899.1
INJ-11,2013-01-01,0,0,2825.2
INJ-11,2013-02-01,0,0,2965.3
INJ-11,2013-03-01,0,0,2645.4
INJ-11,2013-04-01,0,0,3051.2
INJ-11,2013-05-01,0,0,2929.4
INJ-11,2013-06-01,0,0,3072.5
INJ-11,2013-07-01,0,0,2861.5
INJ-11,2013-08-01,0,0,3149
INJ-11,2013-09-01,0,0,3047.2
INJ-11,2013-10-01,0,0,2916
INJ-11,2013-11-01,0,0,2796.9
INJ-11,2013-12-01,0,0,2972.6
INJ-11,2014-01-01,0,0,2790.2
INJ-11,2014-02-01,0,0,2880.9
INJ-11,2014-03-01,0,0,2612.4
INJ-11,2014-04-01,0,0,3013.5
INJ-11,2014-05-01,0,0,2723.7
INJ-11,2014-06-01,0,0,2805.6
INJ-11,2014-07-01,0,0,2903.8
INJ-11,2014-08-01,0,0,2836.4
INJ-11,2014-09-01,0,0,2856
INJ-11,2014-10-01,0,0,2913.6
INJ-11,2014-11-01,0,0,2868.5
INJ-11,2014-12-01,0,0,2842.2
INJ-11,2015-01-01,0,0,2815.7
INJ-11,2015-02-01,0,0,2957.8
INJ-11,2015-03-01,0,0,2863.5
INJ-11,2015-04-01,0,0,2834.2
INJ-11,2015-05-01,0,0,2786.9
INJ-11,2015-06-01,0,0,2775.8
INJ-11,2015-07-01,0,0,2963.2
INJ-11,2015-08-01,0,0,2910.3
INJ-11,2015-09-01,0,0,2517.9
INJ-11,2015-10-01,0,0,2829.2
INJ-11,2015-11-01,0,0,2921.6
INJ-11,2015-12-01,0,0,2884.4
INJ-11,2016-01-01,0,0,3018.1
INJ-11,2016-02-01,0,0,2617.1
INJ-11,2016-03-01,0,0,3184.7
INJ-11,2016-04-01,0,0,2903.4
INJ-11,2016-05-01,0,0,2620.3
INJ-11,2016-06-01,0,0,2784.4
INJ-11,2016-07-01,0,0,2656
INJ-11,2016-08-01,0,0,2889.4
INJ-11,2016-09-01,0,0,2948.8
INJ-11,2016-10-01,0,0,2870.8
INJ-11,2016-11-01,0,0,2683.6
INJ-11,2016-12-01,0,0,2970.3
INJ-11,2017-01-01,0,0,3090.1
INJ-11,2017-02-01,0,0,2605
INJ-11,2017-03-01,0,0,3014.8
INJ-11,2017-04-01,0,0,2881.2
INJ-11,2017-05-01,0,0,2778.4
INJ-11,2017-06-01,0,0,3334.7
INJ-11,2017-07-01,0,0,2908.6
INJ-11,2017-08-01,0,0,2911.4
INJ-11,2017-09-01,0,0,2963.8
INJ-11,2017-10-01,0,0,2756.1
INJ-11,2017-11-01,0,0,2958.6
INJ-11,2017-12-01,0,0,2901.2
INJ-11,2018-01-01,0,0,3070.9
INJ-11,2018-02-01,0,0,2694.5
INJ-11,2018-03-01,0,0,2848.6
INJ-11,2018-04-01,0,0,3006.1
INJ-11,2018-05-01,0,0,3019.5
INJ-11,2018-06-01,0,0,3085
INJ-11,2018-07-01,0,0,2807
INJ-11,2018-08-01,0,0,3048.2
INJ-11,2018-09-01,0,0,2933.1
INJ-11,2018-10-01,0,0,2895.2
INJ-11,2018-11-01,0,0,3202.3
INJ-11,2018-12-01,0,0,3051
INJ-11,2019-01-01,0,0,2862.1
INJ-11,2019-02-01,0,0,2872
INJ-11,2019-03-01,0,0,2750.9
INJ-11,2019-04-01,0,0,2985
INJ-11,2019-05-01,0,0,2685.6
INJ-11,2019-06-01,0,0,2778.3
INJ-11,2019-07-01,0,0,2632.2
INJ-11,2019-08-01,0,0,2745.3
INJ-11,2019-09-01,0,0,2613.3
INJ-11,2019-10-01,0,0,2888.2
INJ-11,2019-11-01,0,0,2880.3
INJ-11,2019-12-01,0,0,3143.7
INJ-11,2020-01-01,0,0,2847.3
INJ-11,2020-02-01,0,0,3049.6
INJ-11,2020-03-01,0,0,3149.5
INJ-11,2020-04-01,0,0,2870
INJ-11,2020-05-01,0,0,2961.9
INJ-11,2020-06-01,0,0,2721.2
INJ-11,2020-07-01,0,0,3271.6
INJ-11,2020-08-01,0,0,2865.8
INJ-11,2020-09-01,0,0,3139.3
INJ-11,2020-10-01,0,0,2757.2
INJ-11,2020-11-01,0,0,2749.1
INJ-11,2020-12-01,0,0,2507.3
INJ-11,2021-01-01,0,0,3014.3
INJ-11,2021-02-01,0,0,2816.8
INJ-11,2021-03-01,0,0,2836.5
INJ-11,2021-04-01,0,0,2704.7
INJ-11,2021-05-01,0,0,2730
INJ-11,2021-06-01,0,0,3046.6
INJ-11,2021-07-01,0,0,2980.6
INJ-11,2021-08-01,0,0,2852.5
INJ-11,2021-09-01,0,0,2993.2
INJ-11,2021-10-01,0,0,2965.3
INJ-11,2021-11-01,0,0,2988.8
INJ-11,2021-12-01,0,0,3021.2
INJ-11,2022-01-01,0,0,3012.1
INJ-11,2022-02-01,0,0,3015.7
INJ-11,2022-03-01,0,0,2624.4
INJ-11,2022-04-01,0,0,3027
INJ-11,2022-05-01,0,0,2890.4
INJ-11,2022-06-01,0,0,3054
INJ-11,2022-07-01,0,0,2849.2
INJ-11,2022-08-01,0,0,3096.2
INJ-11,2022-09-01,0,0,3053.9
INJ-11,2022-10-01,0,0,2584.2
INJ-11,2022-11-01,0,0,2594.8
INJ-11,2022-12-01,0,0,2787.5
INJ-11,2023-01-01,0,0,3037.2
INJ-11,2023-02-01,0,0,2772.8
INJ-11,2023-03-01,0,0,2990
INJ-11,2023-04-01,0,0,2800.9
INJ-11,2023-05-01,0,0,2886.1
INJ-11,2023-06-01,0,0,2858.4
INJ-11,2023-07-01,0,0,2756.9
INJ-11,2023-08-01,0,0,3007.4
INJ-11,2023-09-01,0,0,2764.8
INJ-11,2023-10-01,0,0,2735.4
INJ-11,2023-11-01,0,0,3203.5
INJ-11,2023-12-01,0,0,2792.4
INJ-11,2024-01-01,0,0,2909.1
INJ-11,2024-02-01,0,0,3138.8
INJ-11,2024-03-01,0,0,2924
INJ-11,2024-04-01,0,0,2944.3
INJ-11,2024-05-01,0,0,2652.5
INJ-11,2024-06-01,0,0,2876.4
INJ-11,2024-07-01,0,0,3179.6
INJ-11,2024-08-01,0,0,2910.1
INJ-11,2024-09-01,0,0,2824.5
INJ-11,2024-10-01,0,0,2866.1
INJ-11,2024-11-01,0,0,3211.3
INJ-11,2024-12-01,0,0,2992
INJ-11,2025-01-01,0,0,3084.7
INJ-11,2025-02-01,0,0,2698.1
INJ-11,2025-03-01,0,0,2982.4
INJ-11,2025-04-01,0,0,3026.6
INJ-11,2025-05-01,0,0,2701.3
INJ-11,2025-06-01,0,0,3002.3
INJ-11,2025-07-01,0,0,3266.8
INJ-11,2025-08-01,0,0,2964.5
INJ-11,2025-09-01,0,0,3006.4
INJ-11,2025-10-01,0,0,2770.4
INJ-11,2025-11-01,0,0,3125.6
INJ-11,2025-12-01,0,0,3010.6
INJ-11,2026-01-01,0,0,2827.1
INJ-11,2026-02-01,0,0,2801.9
INJ-11,2026-03-01,0,0,2797.2
INJ-11,2026-04-01,0,0,3061.8
INJ-11,2026-05-01,0,0,3016.1
INJ-11,2026-06-01,0,0,3052.2
INJ-11,2026-07-01,0,0,2866.2
INJ-11,2026-08-01,0,0,2959.5
INJ-12,2007-06-01,0,0,712.6
INJ-12,2007-07-01,0,0,1481.1
INJ-12,2007-08-01,0,0,2413.8
INJ-12,2007-09-01,0,0,2863.8
INJ-12,2007-10-01,0,0,3595.3
INJ-12,2007-11-01,0,0,4793.1
INJ-12,2007-12-01,0,0,4311
INJ-12,2008-01-01,0,0,5056.2
INJ-12,2008-02-01,0,0,4472
INJ-12,2008-03-01,0,0,4734.8
INJ-12,2008-04-01,0,0,4741.9
INJ-12,2008-05-01,0,0,4592.2
INJ-12,2008-06-01,0,0,4194.8
INJ-12,2008-07-01,0,0,4767.5
INJ-12,2008-08-01,0,0,4422.7
INJ-12,2008-09-01,0,0,5004.8
INJ-12,2008-10-01,0,0,4587.6
INJ-12,2008-11-01,0,0,4665.4
INJ-12,2008-12-01,0,0,4257.2
INJ-12,2009-01-01,0,0,5019.4
INJ-12,2009-02-01,0,0,4619.5
INJ-12,2009-03-01,0,0,4441.9
INJ-12,2009-04-01,0,0,4627.4
INJ-12,2009-05-01,0,0,4286
INJ-12,2009-06-01,0,0,4562.5
INJ-12,2009-07-01,0,0,4406.5
INJ-12,2009-08-01,0,0,4222.6
INJ-12,2009-09-01,0,0,4865.4
INJ-12,2009-10-01,0,0,4365.6
INJ-12,2009-11-01,0,0,4499.9
INJ-12,2009-12-01,0,0,4890.8
INJ-12,2010-01-01,0,0,4589.1
INJ-12,2010-02-01,0,0,4368.8
INJ-12,2010-03-01,0,0,4722.3
INJ-12,2010-04-01,0,0,4384.7
INJ-12,2010-05-01,0,0,4751.1
INJ-12,2010-06-01,0,0,4640.5
INJ-12,2010-07-01,0,0,5195.3
INJ-12,2010-08-01,0,0,4518.8
INJ-12,2010-09-01,0,0,4728.6
INJ-12,2010-10-01,0,0,4481.8
INJ-12,2010-11-01,0,0,4478.6
INJ-12,2010-12-01,0,0,4153.9
INJ-12,2011-01-01,0,0,4468.7
INJ-12,2011-02-01,0,0,4627.8
INJ-12,2011-03-01,0,0,4466.2
INJ-12,2011-04-01,0,0,4564.2
INJ-12,2011-05-01,0,0,4412.7
INJ-12,2011-06-01,0,0,4492
INJ-12,2011-07-01,0,0,4639.3
INJ-12,2011-08-01,0,0,4634.5
INJ-12,2011-09-01,0,0,4390.5
INJ-12,2011-10-01,0,0,4489.1
INJ-12,2011-11-01,0,0,4664.6
INJ-12,2011-12-01,0,0,4878.7
INJ-12,2012-01-01,0,0,4519.8
INJ-12,2012-02-01,0,0,4546.9
INJ-12,2012-03-01,0,0,4522.4
INJ-12,2012-04-01,0,0,4518.8
INJ-12,2012-05-01,0,0,4712.9
INJ-12,2012-06-01,0,0,4659.2
INJ-12,2012-07-01,0,0,4662.9
INJ-12,2012-08-01,0,0,4631.5
INJ-12,2012-09-01,0,0,4358
INJ-12,2012-10-01,0,0,4553.6
INJ-12,2012-11-01,0,0,4535.7
INJ-12,2012-12-01,0,0,4483.1
INJ-12,2013-01-01,0,0,4859.6
INJ-12,2013-02-01,0,0,4265.9
INJ-12,2013-03-01,0,0,4525.3
INJ-12,2013-04-01,0,0,4777.2
INJ-12,2013-05-01,0,0,5120.4
INJ-12,2013-06-01,0,0,4920.7
INJ-12,2013-07-01,0,0,4534.5
INJ-12,2013-08-01,0,0,4413.4
INJ-12,2013-09-01,0,0,4336.7
INJ-12,2013-10-01,0,0,4340.3
INJ-12,2013-11-01,0,0,4547.3
INJ-12,2013-12-01,0,0,4514.9
INJ-12,2014-01-01,0,0,4681.7
INJ-12,2014-02-01,0,0,4633.5
INJ-12,2014-03-01,0,0,4855.8
INJ-12,2014-04-01,0,0,4389.6
INJ-12,2014-05-01,0,0,4559
INJ-12,2014-06-01,0,0,4529.1
INJ-12,2014-07-01,0,0,4603.9
INJ-12,2014-08-01,0,0,4878.3
INJ-12,2014-09-01,0,0,4181.9
INJ-12,2014-10-01,0,0,4636.7
INJ-12,2014-11-01,0,0,4614.3
INJ-12,2014-12-01,0,0,4525.1
INJ-12,2015-01-01,0,0,4255.4
INJ-12,2015-02-01,0,0,4510.5
INJ-12,2015-03-01,0,0,4724.5
INJ-12,2015-04-01,0,0,4276.4
INJ-12,2015-05-01,0,0,4453.8
INJ-12,2015-06-01,0,0,4870.8
INJ-12,2015-07-01,0,0,4714.3
INJ-12,2015-08-01,0,0,4591.7
INJ-12,2015-09-01,0,0,4242.5
INJ-12,2015-10-01,0,0,4811.9
INJ-12,2015-11-01,0,0,4479
INJ-12,2015-12-01,0,0,4117.3
INJ-12,2016-01-01,0,0,4508.2
INJ-12,2016-02-01,0,0,4465.5
INJ-12,2016-03-01,0,0,4643
INJ-12,2016-04-01,0,0,4654.8
INJ-12,2016-05-01,0,0,4767.9
INJ-12,2016-06-01,0,0,4674
INJ-12,2016-07-01,0,0,4525.3
INJ-12,2016-08-01,0,0,4803
INJ-12,2016-09-01,0,0,4489
INJ-12,2016-10-01,0,0,4355
INJ-12,2016-11-01,0,0,4823.9
INJ-12,2016-12-01,0,0,4575.5
INJ-12,2017-01-01,0,0,4432.6
INJ-12,2017-02-01,0,0,4652.3
INJ-12,2017-03-01,0,0,4580.9
INJ-12,2017-04-01,0,0,4871.1
INJ-12,2017-05-01,0,0,3882.8
INJ-12,2017-06-01,0,0,4576.7
INJ-12,2017-07-01,0,0,4443.6
INJ-12,2017-08-01,0,0,4401
INJ-12,2017-09-01,0,0,4559.9
INJ-12,2017-10-01,0,0,4762.2
INJ-12,2017-11-01,0,0,4389.7
INJ-12,2017-12-01,0,0,4818.5
INJ-12,2018-01-01,0,0,5118
INJ-12,2018-02-01,0,0,4478
INJ-12,2018-03-01,0,0,4566.6
INJ-12,2018-04-01,0,0,4643.5
INJ-12,2018-05-01,0,0,4506
INJ-12,2018-06-01,0,0,4592.4
INJ-12,2018-07-01,0,0,4351.3
INJ-12,2018-08-01,0,0,4656.2
INJ-12,2018-09-01,0,0,4603
INJ-12,2018-10-01,0,0,5066.8
INJ-12,2018-11-01,0,0,4529.3
INJ-12,2018-12-01,0,0,4311.8
INJ-12,2019-01-01,0,0,4574.5
INJ-12,2019-02-01,0,0,4411.9
INJ-12,2019-03-01,0,0,4718.1
INJ-12,2019-04-01,0,0,4293.6
INJ-12,2019-05-01,0,0,4861
INJ-12,2019-06-01,0,0,4276.2
INJ-12,2019-07-01,0,0,4365.2
INJ-12,2019-08-01,0,0,4523
INJ-12,2019-09-01,0,0,4597.4
INJ-12,2019-10-01,0,0,4707
INJ-12,2019-11-01,0,0,4434.4
INJ-12,2019-12-01,0,0,4544.1
INJ-12,2020-01-01,0,0,4624.2
INJ-12,2020-02-01,0,0,3987.6
INJ-12,2020-03-01,0,0,4800.6
INJ-12,2020-04-01,0,0,4812.2
INJ-12,2020-05-01,0,0,4780.6
INJ-12,2020-06-01,0,0,4444.7
INJ-12,2020-07-01,0,0,4437.6
INJ-12,2020-08-01,0,0,4829.8
INJ-12,2020-09-01,0,0,4723.5
INJ-12,2020-10-01,0,0,4412
INJ-12,2020-11-01,0,0,4597
INJ-12,2020-12-01,0,0,4423.6
INJ-12,2021-01-01,0,0,4862.7
INJ-12,2021-02-01,0,0,4439.8
INJ-12,2021-03-01,0,0,4925.9
INJ-12,2021-04-01,0,0,4427.2
INJ-12,2021-05-01,0,0,4272.6
INJ-12,2021-06-01,0,0,4353.5
INJ-12,2021-07-01,0,0,4759.7
INJ-12,2021-08-01,0,0,4569.8
INJ-12,2021-09-01,0,0,4409
INJ-12,2021-10-01,0,0,4426.2
INJ-12,2021-11-01,0,0,4655.6
INJ-12,2021-12-01,0,0,4509.5
INJ-12,2022-01-01,0,0,4214.1
INJ-12,2022-02-01,0,0,4656
INJ-12,2022-03-01,0,0,4702.4
INJ-12,2022-04-01,0,0,4949.3
INJ-12,2022-05-01,0,0,4417.4
INJ-12,2022-06-01,0,0,4515.6
INJ-12,2022-07-01,0,0,4777.4
INJ-12,2022-08-01,0,0,4308.3
INJ-12,2022-09-01,0,0,4360.8
INJ-12,2022-10-01,0,0,4327.3
INJ-12,2022-11-01,0,0,4343.5
INJ-12,2022-12-01,0,0,4511.2
INJ-12,2023-01-01,0,0,4984.6
INJ-12,2023-02-01,0,0,4574
INJ-12,2023-03-01,0,0,4265.3
INJ-12,2023-04-01,0,0,4713.1
INJ-12,2023-05-01,0,0,4150.2
INJ-12,2023-06-01,0,0,4658.1
INJ-12,2023-07-01,0,0,4302
INJ-12,2023-08-01,0,0,4815.8
INJ-12,2023-09-01,0,0,4461.7
INJ-12,2023-10-01,0,0,4972.9
INJ-12,2023-11-01,0,0,4630.5
INJ-12,2023-12-01,0,0,4582.1
INJ-12,2024-01-01,0,0,4902.2
INJ-12,2024-02-01,0,0,4628.2
INJ-12,2024-03-01,0,0,4724.1
INJ-12,2024-04-01,0,0,4595.1
INJ-12,2024-05-01,0,0,4605.7
INJ-12,2024-06-01,0,0,4557.5
INJ-12,2024-07-01,0,0,4745.1
INJ-12,2024-08-01,0,0,4388.4
INJ-12,2024-09-01,0,0,4564.1
INJ-12,2024-10-01,0,0,4258.8
INJ-12,2024-11-01,0,0,4329.3
INJ-12,2024-12-01,0,0,4156.1
INJ-12,2025-01-01,0,0,4730.9
INJ-12,2025-02-01,0,0,4765.2
INJ-12,2025-03-01,0,0,4696.1
INJ-12,2025-04-01,0,0,5260.4
INJ-12,2025-05-01,0,0,4709.5
INJ-12,2025-06-01,0,0,4334.8
INJ-12,2025-07-01,0,0,4555
INJ-12,2025-08-01,0,0,4565.8
INJ-12,2025-09-01,0,0,4944.8
INJ-12,2025-10-01,0,0,4888.4
INJ-12,2025-11-01,0,0,4377.1
INJ-12,2025-12-01,0,0,4568.3
INJ-12,2026-01-01,0,0,4601.8
INJ-12,2026-02-01,0,0,4259.3
INJ-12,2026-03-01,0,0,4521.3
INJ-12,2026-04-01,0,0,4746.6
INJ-12,2026-05-01,0,0,4673.8
INJ-12,2026-06-01,0,0,4257.9
INJ-12,2026-07-01,0,0,4532.9
INJ-12,2026-08-01,0,0,4495.3
INJ-13,2016-06-01,0,0,343.5
INJ-13,2016-07-01,0,0,680.4
INJ-13,2016-08-01,0,0,1005
INJ-13,2016-09-01,0,0,1245.6
INJ-13,2016-10-01,0,0,1664.5
INJ-13,2016-11-01,0,0,1909.8
INJ-13,2016-12-01,0,0,1906.2
INJ-13,2017-01-01,0,0,1830.3
INJ-13,2017-02-01,0,0,1982.4
INJ-13,2017-03-01,0,0,2019.9
INJ-13,2017-04-01,0,0,2010.4
INJ-13,2017-05-01,0,0,1990.9
INJ-13,2017-06-01,0,0,2052.6
INJ-13,2017-07-01,0,0,2020.8
INJ-13,2017-08-01,0,0,1875.4
INJ-13,2017-09-01,0,0,2051.4
INJ-13,2017-10-01,0,0,1971.5
INJ-13,2017-11-01,0,0,2081.8
INJ-13,2017-12-01,0,0,2065.5
INJ-13,2018-01-01,0,0,2104.7
INJ-13,2018-02-01,0,0,1878.5
INJ-13,2018-03-01,0,0,2133.8
INJ-13,2018-04-01,0,0,2051.3
INJ-13,2018-05-01,0,0,1997.9
INJ-13,2018-06-01,0,0,2265.8
INJ-13,2018-07-01,0,0,2137.2
INJ-13,2018-08-01,0,0,1921.1
INJ-13,2018-09-01,0,0,2096.8
INJ-13,2018-10-01,0,0,2069.8
INJ-13,2018-11-01,0,0,2096.8
INJ-13,2018-12-01,0,0,1972.6
INJ-13,2019-01-01,0,0,2067.2
INJ-13,2019-02-01,0,0,1926.1
INJ-13,2019-03-01,0,0,2089.5
INJ-13,2019-04-01,0,0,2030
INJ-13,2019-05-01,0,0,2052.7
INJ-13,2019-06-01,0,0,1918.8
INJ-13,2019-07-01,0,0,2022.8
INJ-13,2019-08-01,0,0,2028.2
INJ-13,2019-09-01,0,0,1921.9
INJ-13,2019-10-01,0,0,1945
INJ-13,2019-11-01,0,0,2047.7
INJ-13,2019-12-01,0,0,2045
INJ-13,2020-01-01,0,0,2080.5
INJ-13,2020-02-01,0,0,1927.8
INJ-13,2020-03-01,0,0,2141.9
INJ-13,2020-04-01,0,0,2022.8
INJ-13,2020-05-01,0,0,1808.8
INJ-13,2020-06-01,0,0,2063.9
INJ-13,2020-07-01,0,0,2022
INJ-13,2020-08-01,0,0,1936.9
INJ-13,2020-09-01,0,0,1980.6
INJ-13,2020-10-01,0,0,2046.5
INJ-13,2020-11-01,0,0,2159.8
INJ-13,2020-12-01,0,0,2140.1
INJ-13,2021-01-01,0,0,2037.3
INJ-13,2021-02-01,0,0,1953.7
INJ-13,2021-03-01,0,0,2089.3
INJ-13,2021-04-01,0,0,2047.2
INJ-13,2021-05-01,0,0,1947.8
INJ-13,2021-06-01,0,0,1871.1
INJ-13,2021-07-01,0,0,2178.2
INJ-13,2021-08-01,0,0,2068.5
INJ-13,2021-09-01,0,0,1900.1
INJ-13,2021-10-01,0,0,2028.1
INJ-13,2021-11-01,0,0,2058.5
INJ-13,2021-12-01,0,0,1912
INJ-13,2022-01-01,0,0,2129.9
INJ-13,2022-02-01,0,0,2166.3
INJ-13,2022-03-01,0,0,2012.4
INJ-13,2022-04-01,0,0,2208.4
INJ-13,2022-05-01,0,0,1806.3
INJ-13,2022-06-01,0,0,2162.7
INJ-13,2022-07-01,0,0,2071.6
INJ-13,2022-08-01,0,0,2063.8
INJ-13,2022-09-01,0,0,2081.4
INJ-13,2022-10-01,0,0,2017.4
INJ-13,2022-11-01,0,0,2027.9
INJ-13,2022-12-01,0,0,2067.2
INJ-13,2023-01-01,0,0,2067.7
INJ-13,2023-02-01,0,0,2097.2
INJ-13,2023-03-01,0,0,2063.7
INJ-13,2023-04-01,0,0,2027.6
INJ-13,2023-05-01,0,0,2069.4
INJ-13,2023-06-01,0,0,1957.7
INJ-13,2023-07-01,0,0,2051.9
INJ-13,2023-08-01,0,0,1945.8
INJ-13,2023-09-01,0,0,2026.2
INJ-13,2023-10-01,0,0,2008.8
INJ-13,2023-11-01,0,0,2034.2
INJ-13,2023-12-01,0,0,2033.1
INJ-13,2024-01-01,0,0,1978
INJ-13,2024-02-01,0,0,2209.7
INJ-13,2024-03-01,0,0,1974.1
INJ-13,2024-04-01,0,0,1879.5
INJ-13,2024-05-01,0,0,2020.3
INJ-13,2024-06-01,0,0,2224.8
INJ-13,2024-07-01,0,0,1849.4
INJ-13,2024-08-01,0,0,2017.4
INJ-13,2024-09-01,0,0,1897.9
INJ-13,2024-10-01,0,0,2108.6
INJ-13,2024-11-01,0,0,2221.3
INJ-13,2024-12-01,0,0,1976.2
INJ-13,2025-01-01,0,0,1971.1
INJ-13,2025-02-01,0,0,2038.5
INJ-13,2025-03-01,0,0,2027.8
INJ-13,2025-04-01,0,0,2051.7
INJ-13,2025-05-01,0,0,2015.4
INJ-13,2025-06-01,0,0,2125.8
INJ-13,2025-07-01,0,0,2008.9
INJ-13,2025-08-01,0,0,2037.7
INJ-13,2025-09-01,0,0,2005.1
INJ-13,2025-10-01,0,0,734.1
INJ-13,2025-11-01,0,0,746.5
INJ-13,2025-12-01,0,0,730.3
INJ-13,2026-01-01,0,0,712.7
INJ-13,2026-02-01,0,0,726.3
INJ-13,2026-03-01,0,0,732.5
INJ-13,2026-04-01,0,0,715.6
INJ-13,2026-05-01,0,0,740.5
INJ-13,2026-06-01,0,0,651.2
INJ-13,2026-07-01,0,0,741.1
INJ-13,2026-08-01,0,0,741.5
INJ-14,2016-06-01,0,0,289.5
INJ-14,2016-07-01,0,0,562.6
INJ-14,2016-08-01,0,0,947.8
INJ-14,2016-09-01,0,0,1203.8
INJ-14,2016-10-01,0,0,1353.9
INJ-14,2016-11-01,0,0,1636.5
INJ-14,2016-12-01,0,0,1747
INJ-14,2017-01-01,0,0,1829.2
INJ-14,2017-02-01,0,0,1901.1
INJ-14,2017-03-01,0,0,1855.8
INJ-14,2017-04-01,0,0,1798.9
INJ-14,2017-05-01,0,0,1837.5
INJ-14,2017-06-01,0,0,1742.3
INJ-14,2017-07-01,0,0,1814.5
INJ-14,2017-08-01,0,0,1893.1
INJ-14,2017-09-01,0,0,1754.5
INJ-14,2017-10-01,0,0,1895.9
INJ-14,2017-11-01,0,0,1715.5
INJ-14,2017-12-01,0,0,1706
INJ-14,2018-01-01,0,0,1713.9
INJ-14,2018-02-01,0,0,1695.9
INJ-14,2018-03-01,0,0,1685.9
INJ-14,2018-04-01,0,0,1795.6
INJ-14,2018-05-01,0,0,1713.6
INJ-14,2018-06-01,0,0,1769
INJ-14,2018-07-01,0,0,1863.1
INJ-14,2018-08-01,0,0,1984.9
INJ-14,2018-09-01,0,0,1872.6
INJ-14,2018-10-01,0,0,1795.2
INJ-14,2018-11-01,0,0,1844.3
INJ-14,2018-12-01,0,0,1807.7
INJ-14,2019-01-01,0,0,1657.8
INJ-14,2019-02-01,0,0,1734
INJ-14,2019-03-01,0,0,1845.7
INJ-14,2019-04-01,0,0,1846.8
INJ-14,2019-05-01,0,0,1847.7
INJ-14,2019-06-01,0,0,1730.6
INJ-14,2019-07-01,0,0,1598.4
INJ-14,2019-08-01,0,0,1621
INJ-14,2019-09-01,0,0,1709.8
INJ-14,2019-10-01,0,0,1779.1
INJ-14,2019-11-01,0,0,1780.7
INJ-14,2019-12-01,0,0,1653.3
INJ-14,2020-01-01,0,0,1807.5
INJ-14,2020-02-01,0,0,1708.9
INJ-14,2020-03-01,0,0,1667.7
INJ-14,2020-04-01,0,0,1772.7
INJ-14,2020-05-01,0,0,1665
INJ-14,2020-06-01,0,0,1580.8
INJ-14,2020-07-01,0,0,1760.7
INJ-14,2020-08-01,0,0,1742.2
INJ-14,2020-09-01,0,0,1835.1
INJ-14,2020-10-01,0,0,1563.6
INJ-14,2020-11-01,0,0,1796.4
INJ-14,2020-12-01,0,0,1744.5
INJ-14,2021-01-01,0,0,1740.4
INJ-14,2021-02-01,0,0,1709
INJ-14,2021-03-01,0,0,1779
INJ-14,2021-04-01,0,0,1750.3
INJ-14,2021-05-01,0,0,1808.9
INJ-14,2021-06-01,0,0,1770.1
INJ-14,2021-07-01,0,0,1866.6
INJ-14,2021-08-01,0,0,1816.6
INJ-14,2021-09-01,0,0,1763
INJ-14,2021-10-01,0,0,1661.9
INJ-14,2021-11-01,0,0,1733.4
INJ-14,2021-12-01,0,0,1777.9
INJ-14,2022-01-01,0,0,1746.6
INJ-14,2022-02-01,0,0,1846.3
INJ-14,2022-03-01,0,0,1747.6
INJ-14,2022-04-01,0,0,1865
INJ-14,2022-05-01,0,0,1759.3
INJ-14,2022-06-01,0,0,1998.7
INJ-14,2022-07-01,0,0,1858
INJ-14,2022-08-01,0,0,1661.6
INJ-14,2022-09-01,0,0,1662.3
INJ-14,2022-10-01,0,0,1855.6
INJ-14,2022-11-01,0,0,1778.1
INJ-14,2022-12-01,0,0,1856.2
INJ-14,2023-01-01,0,0,1721.3
INJ-14,2023-02-01,0,0,1807.6
INJ-14,2023-03-01,0,0,1968.6
INJ-14,2023-04-01,0,0,1770.3
INJ-14,2023-05-01,0,0,1655.8
INJ-14,2023-06-01,0,0,1650.5
INJ-14,2023-07-01,0,0,1726.2
INJ-14,2023-08-01,0,0,1685.5
INJ-14,2023-09-01,0,0,1865.5
INJ-14,2023-10-01,0,0,1841.8
INJ-14,2023-11-01,0,0,1778.5
INJ-14,2023-12-01,0,0,1805.3
INJ-14,2024-01-01,0,0,1882.6
INJ-14,2024-02-01,0,0,1692
INJ-14,2024-03-01,0,0,1641.1
INJ-14,2024-04-01,0,0,1699.3
INJ-14,2024-05-01,0,0,1903
INJ-14,2024-06-01,0,0,1996.2
INJ-14,2024-07-01,0,0,1752.8
INJ-14,2024-08-01,0,0,1730.4
INJ-14,2024-09-01,0,0,1942.9
INJ-14,2024-10-01,0,0,1822.3
INJ-14,2024-11-01,0,0,1787.9
INJ-14,2024-12-01,0,0,1676.3
INJ-14,2025-01-01,0,0,1820.6
INJ-14,2025-02-01,0,0,1655
INJ-14,2025-03-01,0,0,1779.1
INJ-14,2025-04-01,0,0,1754.5
INJ-14,2025-05-01,0,0,1721.2
INJ-14,2025-06-01,0,0,1720.1
INJ-14,2025-07-01,0,0,1802.4
INJ-14,2025-08-01,0,0,1877.6
INJ-14,2025-09-01,0,0,1791.1
INJ-14,2025-10-01,0,0,1709.2
INJ-14,2025-11-01,0,0,1987.2
INJ-14,2025-12-01,0,0,1717.8
INJ-14,2026-01-01,0,0,1895.9
INJ-14,2026-02-01,0,0,1833.3
INJ-14,2026-03-01,0,0,1624.2
INJ-14,2026-04-01,0,0,1787.1
INJ-14,2026-05-01,0,0,1715.7
INJ-14,2026-06-01,0,0,1713.5
INJ-14,2026-07-01,0,0,1864.9
INJ-14,2026-08-01,0,0,1844.9
INJ-15,2016-01-01,0,0,372.8
INJ-15,2016-02-01,0,0,792.3
INJ-15,2016-03-01,0,0,1165.1
INJ-15,2016-04-01,0,0,1638.2
INJ-15,2016-05-01,0,0,1843
INJ-15,2016-06-01,0,0,2098.4
INJ-15,2016-07-01,0,0,2269.7
INJ-15,2016-08-01,0,0,2470.2
INJ-15,2016-09-01,0,0,2230.7
INJ-15,2016-10-01,0,0,2285.5
INJ-15,2016-11-01,0,0,2301.4
INJ-15,2016-12-01,0,0,2246.2
INJ-15,2017-01-01,0,0,2178.3
INJ-15,2017-02-01,0,0,2368.9
INJ-15,2017-03-01,0,0,2170.4
INJ-15,2017-04-01,0,0,2344.7
INJ-15,2017-05-01,0,0,2061.6
INJ-15,2017-06-01,0,0,2164.7
INJ-15,2017-07-01,0,0,2290.2
INJ-15,2017-08-01,0,0,2494.3
INJ-15,2017-09-01,0,0,2032.6
INJ-15,2017-10-01,0,0,2249.1
INJ-15,2017-11-01,0,0,2202.6
INJ-15,2017-12-01,0,0,2247.2
INJ-15,2018-01-01,0,0,2219.4
INJ-15,2018-02-01,0,0,2335
INJ-15,2018-03-01,0,0,2194.7
INJ-15,2018-04-01,0,0,2083.8
INJ-15,2018-05-01,0,0,2393.7
INJ-15,2018-06-01,0,0,2144.9
INJ-15,2018-07-01,0,0,2140.2
INJ-15,2018-08-01,0,0,2425.1
INJ-15,2018-09-01,0,0,2168.9
INJ-15,2018-10-01,0,0,2370.5
INJ-15,2018-11-01,0,0,2233.1
INJ-15,2018-12-01,0,0,2229.2
INJ-15,2019-01-01,0,0,2184.8
INJ-15,2019-02-01,0,0,2379.7
INJ-15,2019-03-01,0,0,2308.3
INJ-15,2019-04-01,0,0,2266.2
INJ-15,2019-05-01,0,0,2293.4
INJ-15,2019-06-01,0,0,2424.2
INJ-15,2019-07-01,0,0,2278.9
INJ-15,2019-08-01,0,0,2239.9
INJ-15,2019-09-01,0,0,2249.7
INJ-15,2019-10-01,0,0,2230
INJ-15,2019-11-01,0,0,2362.1
INJ-15,2019-12-01,0,0,2373.4
INJ-15,2020-01-01,0,0,2131.3
INJ-15,2020-02-01,0,0,2099.1
INJ-15,2020-03-01,0,0,2123.5
INJ-15,2020-04-01,0,0,2402
INJ-15,2020-05-01,0,0,2397.9
INJ-15,2020-06-01,0,0,2290.2
INJ-15,2020-07-01,0,0,2408.7
INJ-15,2020-08-01,0,0,1973.9
INJ-15,2020-09-01,0,0,2211.8
INJ-15,2020-10-01,0,0,2242
INJ-15,2020-11-01,0,0,2137.9
INJ-15,2020-12-01,0,0,2234
INJ-15,2021-01-01,0,0,2354.7
INJ-15,2021-02-01,0,0,2055.5
INJ-15,2021-03-01,0,0,2261.4
INJ-15,2021-04-01,0,0,2284.5
INJ-15,2021-05-01,0,0,2393.9
INJ-15,2021-06-01,0,0,2276
INJ-15,2021-07-01,0,0,2288.4
INJ-15,2021-08-01,0,0,2134.8
INJ-15,2021-09-01,0,0,2274.3
INJ-15,2021-10-01,0,0,1942
INJ-15,2021-11-01,0,0,2097.4
INJ-15,2021-12-01,0,0,2066.7
INJ-15,2022-01-01,0,0,2180.9
INJ-15,2022-02-01,0,0,2250.3
INJ-15,2022-03-01,0,0,2258.4
INJ-15,2022-04-01,0,0,2049.8
INJ-15,2022-05-01,0,0,2375.7
INJ-15,2022-06-01,0,0,2457.3
INJ-15,2022-07-01,0,0,2137.9
INJ-15,2022-08-01,0,0,2560.9
INJ-15,2022-09-01,0,0,2164.2
INJ-15,2022-10-01,0,0,2253.3
INJ-15,2022-11-01,0,0,1985.1
INJ-15,2022-12-01,0,0,2289
INJ-15,2023-01-01,0,0,2171.1
INJ-15,2023-02-01,0,0,2523.3
INJ-15,2023-03-01,0,0,2077.1
INJ-15,2023-04-01,0,0,2156
INJ-15,2023-05-01,0,0,2111.3
INJ-15,2023-06-01,0,0,2315.7
INJ-15,2023-07-01,0,0,2249.7
INJ-15,2023-08-01,0,0,2041.6
INJ-15,2023-09-01,0,0,2371.3
INJ-15,2023-10-01,0,0,2375.9
INJ-15,2023-11-01,0,0,2350.2
INJ-15,2023-12-01,0,0,2074
INJ-15,2024-01-01,0,0,2178.9
INJ-15,2024-02-01,0,0,2090.4
INJ-15,2024-03-01,0,0,2158.2
INJ-15,2024-04-01,0,0,2504.8
INJ-15,2024-05-01,0,0,2208.5
INJ-15,2024-06-01,0,0,2303.8
INJ-15,2024-07-01,0,0,2246.1
INJ-15,2024-08-01,0,0,2116.3
INJ-15,2024-09-01,0,0,2208.4
INJ-15,2024-10-01,0,0,2495.8
INJ-15,2024-11-01,0,0,2236.1
INJ-15,2024-12-01,0,0,2024.4
INJ-15,2025-01-01,0,0,2371.9
INJ-15,2025-02-01,0,0,2204.2
INJ-15,2025-03-01,0,0,2104.5
INJ-15,2025-04-01,0,0,2094.5
INJ-15,2025-05-01,0,0,2147.7
INJ-15,2025-06-01,0,0,2289.9
INJ-15,2025-07-01,0,0,2246
INJ-15,2025-08-01,0,0,2230.7
INJ-15,2025-09-01,0,0,2143.1
INJ-15,2025-10-01,0,0,2248
INJ-15,2025-11-01,0,0,2551.6
INJ-15,2025-12-01,0,0,2273.8
INJ-15,2026-01-01,0,0,2101.4
INJ-15,2026-02-01,0,0,2284.6
INJ-15,2026-03-01,0,0,2271.6
INJ-15,2026-04-01,0,0,2337.4
INJ-15,2026-05-01,0,0,2111.6
INJ-15,2026-06-01,0,0,2144.9
INJ-15,2026-07-01,0,0,2431.8
INJ-15,2026-08-01,0,0,2185.3
PRD-01,2001-07-01,43.3,2.5,0
PRD-01,2001-08-01,46.5,2.7,0
PRD-01,2001-09-01,44.5,2.6,0
PRD-01,2001-10-01,38.9,2.3,0
PRD-01,2001-11-01,42,2.5,0
PRD-01,2001-12-01,41.7,2.5,0
PRD-01,2002-01-01,44,2.6,0
PRD-01,2002-02-01,40.2,2.4,0
PRD-01,2002-03-01,40.8,2.5,0
PRD-01,2002-04-01,38.2,2.3,0
PRD-01,2002-05-01,43.3,2.7,0
PRD-01,2002-06-01,41.1,2.6,0
PRD-01,2002-07-01,39.3,2.5,0
PRD-01,2002-08-01,37.6,2.4,0
PRD-01,2002-09-01,41.3,2.6,0
PRD-01,2002-10-01,42.6,2.7,0
PRD-01,2002-11-01,35,2.2,0
PRD-01,2002-12-01,38,2.5,0
PRD-01,2003-01-01,36.9,2.4,0
PRD-01,2003-02-01,33.5,2.2,0
PRD-01,2003-03-01,35.8,2.4,0
PRD-01,2003-04-01,34.1,2.3,0
PRD-01,2003-05-01,35.4,2.4,0
PRD-01,2003-06-01,42.5,2.9,0
PRD-01,2003-07-01,33.1,2.2,0
PRD-01,2003-08-01,32.9,2.2,0
PRD-01,2003-09-01,35.1,2.4,0
PRD-01,2003-10-01,33.2,2.3,0
PRD-01,2003-11-01,34.5,2.4,0
PRD-01,2003-12-01,31.4,2.2,0
PRD-01,2004-01-01,33.6,2.4,0
PRD-01,2004-02-01,35.3,2.5,0
PRD-01,2004-03-01,30.4,2.2,0
PRD-01,2004-04-01,29.2,2.1,0
PRD-01,2004-05-01,35.1,2.5,0
PRD-01,2004-06-01,29.3,2.1,0
PRD-01,2004-07-01,30.8,2.2,0
PRD-01,2004-08-01,30.8,2.2,0
PRD-01,2004-09-01,30.3,2.2,0
PRD-01,2004-10-01,28,2.1,0
PRD-01,2004-11-01,30.3,2.2,0
PRD-01,2004-12-01,28.5,2.1,0
PRD-01,2005-01-01,27.5,2.1,0
PRD-01,2005-02-01,13.6,1,0
PRD-01,2005-03-01,27.9,2.1,0
PRD-01,2005-04-01,24,1.8,0
PRD-01,2005-05-01,25.7,2,0
PRD-01,2005-06-01,29,2.2,0
PRD-01,2005-07-01,28.9,2.2,0
PRD-01,2005-08-01,28.9,2.3,0
PRD-01,2005-09-01,29.6,2.3,0
PRD-01,2005-10-01,27.9,2.2,0
PRD-01,2005-11-01,26.6,2.1,0
PRD-01,2005-12-01,24.7,2,0
PRD-01,2006-01-01,25.7,2.1,0
PRD-01,2006-02-01,23.3,1.9,0
PRD-01,2006-03-01,25.1,2,0
PRD-01,2006-04-01,25.9,2.1,0
PRD-01,2006-05-01,24.4,2,0
PRD-01,2006-06-01,27.4,2.2,0
PRD-01,2006-07-01,27.9,2.3,0
PRD-01,2006-08-01,25.3,2.1,0
PRD-01,2006-09-01,24.8,2.1,0
PRD-01,2006-10-01,24.7,2.1,0
PRD-01,2006-11-01,23.1,1.9,0
PRD-01,2006-12-01,23.4,2,0
PRD-01,2007-01-01,20.4,1.7,0
PRD-01,2007-02-01,23.7,2,0
PRD-01,2007-03-01,11.7,1,0
PRD-01,2007-04-01,21.2,1.8,0
PRD-01,2007-05-01,22.8,2,0
PRD-01,2007-06-01,20.8,1.8,0
PRD-01,2007-07-01,20,1.7,0
PRD-01,2007-08-01,21.4,1.9,0
PRD-01,2007-09-01,20.3,1.8,0
PRD-01,2007-10-01,21.2,1.9,0
PRD-01,2007-11-01,19.6,1.7,0
PRD-01,2007-12-01,19.6,1.8,0
PRD-01,2008-01-01,19.4,1.7,0
PRD-01,2008-02-01,18.4,1.7,0
PRD-01,2008-03-01,18.5,1.7,0
PRD-01,2008-04-01,21.5,2,0
PRD-01,2008-05-01,20.2,1.8,0
PRD-01,2008-06-01,18,1.7,0
PRD-01,2008-07-01,20.2,1.9,0
PRD-01,2008-08-01,17.1,1.6,0
PRD-01,2008-09-01,17.8,1.7,0
PRD-01,2008-10-01,18.9,1.8,0
PRD-01,2008-11-01,17,1.6,0
PRD-01,2008-12-01,17.4,1.7,0
PRD-01,2009-01-01,19.1,1.8,0
PRD-01,2009-02-01,16.7,1.6,0
PRD-01,2009-03-01,16.6,1.6,0
PRD-01,2009-04-01,17.6,1.7,0
PRD-01,2009-05-01,18.1,1.8,0
PRD-01,2009-06-01,16.6,1.6,0
PRD-01,2009-07-01,16.9,1.6,0
PRD-01,2009-08-01,16,1.6,0
PRD-01,2009-09-01,16.8,1.6,0
PRD-01,2009-10-01,16.3,1.6,0
PRD-01,2009-11-01,17.4,1.7,0
PRD-01,2009-12-01,15.9,1.6,0
PRD-01,2010-01-01,16.1,1.6,0
PRD-01,2010-02-01,15.9,1.6,0
PRD-01,2010-03-01,16.2,1.6,0
PRD-01,2010-04-01,15.2,1.5,0
PRD-01,2010-05-01,15.1,1.5,0
PRD-01,2010-06-01,13.1,1.3,0
PRD-01,2010-07-01,15,1.5,0
PRD-01,2010-08-01,16.2,1.7,0
PRD-01,2010-09-01,14.3,1.5,0
PRD-01,2010-10-01,14.7,1.5,0
PRD-01,2010-11-01,13.5,1.4,0
PRD-01,2010-12-01,13.9,1.5,0
PRD-01,2011-01-01,13.6,1.4,0
PRD-01,2011-02-01,13.8,1.5,0
PRD-01,2011-03-01,12.7,1.3,0
PRD-01,2011-04-01,13.9,2.5,0
PRD-01,2011-05-01,15.5,11,0
PRD-01,2011-06-01,14.4,25.5,0
PRD-01,2011-07-01,34.2,44.7,0
PRD-01,2011-08-01,70.5,73.8,0
PRD-01,2011-09-01,115.5,114.2,0
PRD-01,2011-10-01,140.6,140.1,0
PRD-01,2011-11-01,158.2,149,0
PRD-01,2011-12-01,195.5,172.7,0
PRD-01,2012-01-01,229.3,178.5,0
PRD-01,2012-02-01,285.6,211.5,0
PRD-01,2012-03-01,250,173.1,0
PRD-01,2012-04-01,266.5,204.9,0
PRD-01,2012-05-01,268.1,174.6,0
PRD-01,2012-06-01,308.7,196,0
PRD-01,2012-07-01,296.8,211.6,0
PRD-01,2012-08-01,299.8,186.7,0
PRD-01,2012-09-01,295.7,164.8,0
PRD-01,2012-10-01,337.9,206.7,0
PRD-01,2012-11-01,348.6,154,0
PRD-01,2012-12-01,350.4,194.4,0
PRD-01,2013-01-01,266.2,245.4,0
PRD-01,2013-02-01,277.9,286,0
PRD-01,2013-03-01,134.8,112.4,0
PRD-01,2013-04-01,274.2,260.4,0
PRD-01,2013-05-01,249.1,217.7,0
PRD-01,2013-06-01,235.6,317.2,0
PRD-01,2013-07-01,212.4,285.9,0
PRD-01,2013-08-01,177.9,283.1,0
PRD-01,2013-09-01,200.5,333.6,0
PRD-01,2013-10-01,195.9,321.8,0
PRD-01,2013-11-01,186.2,347.7,0
PRD-01,2013-12-01,183.4,291.2,0
PRD-01,2014-01-01,169.2,292.3,0
PRD-01,2014-02-01,171.6,402.9,0
PRD-01,2014-03-01,169.8,349.1,0
PRD-01,2014-04-01,156.5,387.6,0
PRD-01,2014-05-01,143.6,379.7,0
PRD-01,2014-06-01,141,388.6,0
PRD-01,2014-07-01,120.5,354.3,0
PRD-01,2014-08-01,130.4,346.1,0
PRD-01,2014-09-01,124.7,386.1,0
PRD-01,2014-10-01,137.4,412.4,0
PRD-01,2014-11-01,124.2,411.1,0
PRD-01,2014-12-01,63.1,191.1,0
PRD-01,2015-01-01,107.3,406.9,0
PRD-01,2015-02-01,126.7,501.8,0
PRD-01,2015-03-01,111.1,402.3,0
PRD-01,2015-04-01,123.6,479.1,0
PRD-01,2015-05-01,108.7,429.5,0
PRD-01,2015-06-01,110.7,455.2,0
PRD-01,2015-07-01,106.8,426.9,0
PRD-01,2015-08-01,105.8,469.4,0
PRD-01,2015-09-01,95.8,397,0
PRD-01,2015-10-01,87.6,400.8,0
PRD-01,2015-11-01,50.9,221.7,0
PRD-01,2015-12-01,87.4,435.8,0
PRD-01,2016-01-01,90.4,446.8,0
PRD-01,2016-02-01,83.1,490.6,0
PRD-01,2016-03-01,90.2,433.5,0
PRD-01,2016-04-01,83.8,477,0
PRD-01,2016-05-01,74.6,432,0
PRD-01,2016-06-01,84.6,468.2,0
PRD-01,2016-07-01,83.9,427.7,0
PRD-01,2016-08-01,79.1,425,0
PRD-01,2016-09-01,82.3,463.4,0
PRD-01,2016-10-01,78.5,440,0
PRD-01,2016-11-01,73.9,400.6,0
PRD-01,2016-12-01,78.5,466.9,0
PRD-01,2017-01-01,71.6,430.7,0
PRD-01,2017-02-01,75.5,533.3,0
PRD-01,2017-03-01,70.7,467.1,0
PRD-01,2017-04-01,82.6,470,0
PRD-01,2017-05-01,72.6,442.4,0
PRD-01,2017-06-01,80.7,524,0
PRD-01,2017-07-01,80.6,524.3,0
PRD-01,2017-08-01,67.2,478.1,0
PRD-01,2017-09-01,65.1,474.1,0
PRD-01,2017-10-01,70.9,513,0
PRD-01,2017-11-01,69,464.2,0
PRD-01,2017-12-01,65.2,441.7,0
PRD-01,2018-01-01,59.5,469.8,0
PRD-01,2018-02-01,58.1,536.9,0
PRD-01,2018-03-01,54.3,472.8,0
PRD-01,2018-04-01,56.8,491.3,0
PRD-01,2018-05-01,31.3,240.1,0
PRD-01,2018-06-01,57.5,500,0
PRD-01,2018-07-01,53.9,464.2,0
PRD-01,2018-08-01,62.2,543.7,0
PRD-01,2018-09-01,53.1,499.7,0
PRD-01,2018-10-01,58.1,524.8,0
PRD-01,2018-11-01,53.1,528.9,0
PRD-01,2018-12-01,48.2,514.3,0
PRD-01,2019-01-01,50.8,518.3,0
PRD-01,2019-02-01,48.7,527,0
PRD-01,2019-03-01,50.6,506.2,0
PRD-01,2019-04-01,42.4,418.8,0
PRD-01,2019-05-01,52.2,498.3,0
PRD-01,2019-06-01,47.5,492.6,0
PRD-01,2019-07-01,50.7,492.5,0
PRD-01,2019-08-01,45.8,493,0
PRD-01,2019-09-01,49.3,503.2,0
PRD-01,2019-10-01,41.4,468.2,0
PRD-01,2019-11-01,47.4,527.8,0
PRD-01,2019-12-01,42.4,498.5,0
PRD-01,2020-01-01,44.4,476.4,0
PRD-01,2020-02-01,45.2,529.7,0
PRD-01,2020-03-01,42.6,475.1,0
PRD-01,2020-04-01,37.1,453.5,0
PRD-01,2020-05-01,45,496.3,0
PRD-01,2020-06-01,43.4,481.1,0
PRD-01,2020-07-01,40.4,452.4,0
PRD-01,2020-08-01,41.5,468.1,0
PRD-01,2020-09-01,43.8,526.9,0
PRD-01,2020-10-01,41.5,497.7,0
PRD-01,2020-11-01,46.1,592.9,0
PRD-01,2020-12-01,47.5,525.5,0
PRD-01,2021-01-01,39.1,481.7,0
PRD-01,2021-02-01,38.9,543.7,0
PRD-01,2021-03-01,38.8,450.7,0
PRD-01,2021-04-01,41.8,514.8,0
PRD-01,2021-05-01,46.7,568.1,0
PRD-01,2021-06-01,38.9,479.4,0
PRD-01,2021-07-01,33.4,487.3,0
PRD-01,2021-08-01,45.5,586.4,0
PRD-01,2021-09-01,44.5,581.4,0
PRD-01,2021-10-01,39.9,528,0
PRD-01,2021-11-01,32.6,472.7,0
PRD-01,2021-12-01,38.9,519.6,0
PRD-01,2022-01-01,38,544.9,0
PRD-01,2022-02-01,35.6,545.1,0
PRD-01,2022-03-01,37.7,504.9,0
PRD-01,2022-04-01,44.6,547,0
PRD-01,2022-05-01,34.6,467.7,0
PRD-01,2022-06-01,38.7,531.2,0
PRD-01,2022-07-01,35.9,516.1,0
PRD-01,2022-08-01,34.1,500.5,0
PRD-01,2022-09-01,31.4,533.8,0
PRD-01,2022-10-01,28.3,467.4,0
PRD-01,2022-11-01,35.8,599.9,0
PRD-01,2022-12-01,35.9,557.7,0
PRD-01,2023-01-01,29,477.7,0
PRD-01,2023-02-01,32.7,565.6,0
PRD-01,2023-03-01,14.8,244.1,0
PRD-01,2023-04-01,29,506.2,0
PRD-01,2023-05-01,27.2,484.6,0
PRD-01,2023-06-01,26.4,486.5,0
PRD-01,2023-07-01,29.8,489.3,0
PRD-01,2023-08-01,31.3,547.7,0
PRD-01,2023-09-01,15.3,267.8,0
PRD-01,2023-10-01,26.7,501.3,0
PRD-01,2023-11-01,25.6,505,0
PRD-01,2023-12-01,26.4,519.9,0
PRD-01,2024-01-01,24.3,472.5,0
PRD-01,2024-02-01,25.7,511.5,0
PRD-01,2024-03-01,27.1,464.9,0
PRD-01,2024-04-01,26.5,480.8,0
PRD-01,2024-05-01,27.2,513.8,0
PRD-01,2024-06-01,26.4,529.3,0
PRD-01,2024-07-01,26.1,508.3,0
PRD-01,2024-08-01,27.8,562.5,0
PRD-01,2024-09-01,25.7,548.8,0
PRD-01,2024-10-01,24.3,527.1,0
PRD-01,2024-11-01,27.3,559.6,0
PRD-01,2024-12-01,24.8,523.3,0
PRD-01,2025-01-01,23.6,500.6,0
PRD-01,2025-02-01,23.8,556.8,0
PRD-01,2025-03-01,22.8,511.1,0
PRD-01,2025-04-01,22.1,493.6,0
PRD-01,2025-05-01,26.6,508.3,0
PRD-01,2025-06-01,23.5,516.2,0
PRD-01,2025-07-01,19.9,472.8,0
PRD-01,2025-08-01,21.5,473.1,0
PRD-01,2025-09-01,22.1,511,0
PRD-01,2025-10-01,21.7,484.4,0
PRD-01,2025-11-01,22,527.4,0
PRD-01,2025-12-01,24.2,547.5,0
PRD-01,2026-01-01,11.2,257,0
PRD-01,2026-02-01,25.3,611.7,0
PRD-01,2026-03-01,22.3,524,0
PRD-01,2026-04-01,19,511.2,0
PRD-01,2026-05-01,22.3,528.9,0
PRD-01,2026-06-01,20.6,521.4,0
PRD-01,2026-07-01,22.8,577.1,0
PRD-01,2026-08-01,20.6,503.3,0
PRD-02,2001-07-01,93.9,5.7,0
PRD-02,2001-08-01,103.2,6.3,0
PRD-02,2001-09-01,43.7,2.7,0
PRD-02,2001-10-01,79.7,5,0
PRD-02,2001-11-01,87.4,5.5,0
PRD-02,2001-12-01,87.1,5.5,0
PRD-02,2002-01-01,87.5,5.6,0
PRD-02,2002-02-01,79.5,5.1,0
PRD-02,2002-03-01,88.1,5.7,0
PRD-02,2002-04-01,84.1,5.5,0
PRD-02,2002-05-01,76.1,5,0
PRD-02,2002-06-01,83.3,5.5,0
PRD-02,2002-07-01,89.2,5.9,0
PRD-02,2002-08-01,78.6,5.3,0
PRD-02,2002-09-01,84,5.6,0
PRD-02,2002-10-01,76.5,5.2,0
PRD-02,2002-11-01,86.5,5.9,0
PRD-02,2002-12-01,75.9,5.2,0
PRD-02,2003-01-01,77.5,5.3,0
PRD-02,2003-02-01,72.5,5,0
PRD-02,2003-03-01,68.3,4.8,0
PRD-02,2003-04-01,70.1,4.9,0
PRD-02,2003-05-01,71.2,5,0
PRD-02,2003-06-01,72.8,5.2,0
PRD-02,2003-07-01,64,4.6,0
PRD-02,2003-08-01,67.6,4.9,0
PRD-02,2003-09-01,76,5.5,0
PRD-02,2003-10-01,67.1,4.9,0
PRD-02,2003-11-01,71.9,5.3,0
PRD-02,2003-12-01,68.5,5.1,0
PRD-02,2004-01-01,67.3,5,0
PRD-02,2004-02-01,32.9,2.5,0
PRD-02,2004-03-01,69.2,5.2,0
PRD-02,2004-04-01,60.4,4.6,0
PRD-02,2004-05-01,72.2,5.5,0
PRD-02,2004-06-01,57.2,4.4,0
PRD-02,2004-07-01,66.4,5.1,0
PRD-02,2004-08-01,68.1,5.3,0
PRD-02,2004-09-01,60.4,4.7,0
PRD-02,2004-10-01,61.5,4.8,0
PRD-02,2004-11-01,61.7,4.9,0
PRD-02,2004-12-01,59,4.7,0
PRD-02,2005-01-01,61.6,4.9,0
PRD-02,2005-02-01,64.8,5.2,0
PRD-02,2005-03-01,61,4.9,0
PRD-02,2005-04-01,56.1,4.5,0
PRD-02,2005-05-01,60,4.9,0
PRD-02,2005-06-01,51.4,4.2,0
PRD-02,2005-07-01,58.5,4.8,0
PRD-02,2005-08-01,59.3,4.9,0
PRD-02,2005-09-01,54.2,4.5,0
PRD-02,2005-10-01,51.7,4.3,0
PRD-02,2005-11-01,51.3,4.3,0
PRD-02,2005-12-01,52,4.4,0
PRD-02,2006-01-01,52.1,4.4,0
PRD-02,2006-02-01,39.8,3.4,0
PRD-02,2006-03-01,55.7,4.8,0
PRD-02,2006-04-01,53.1,4.6,0
PRD-02,2006-05-01,53.4,4.6,0
PRD-02,2006-06-01,51.7,4.5,0
PRD-02,2006-07-01,54.4,4.8,0
PRD-02,2006-08-01,50.3,4.4,0
PRD-02,2006-09-01,44,3.9,0
PRD-02,2006-10-01,49.2,4.4,0
PRD-02,2006-11-01,49.4,4.4,0
PRD-02,2006-12-01,49.7,4.5,0
PRD-02,2007-01-01,51.2,4.6,0
PRD-02,2007-02-01,43.4,3.9,0
PRD-02,2007-03-01,45.6,4.2,0
PRD-02,2007-04-01,47.7,4.4,0
PRD-02,2007-05-01,43.2,4,0
PRD-02,2007-06-01,46.9,4.3,0
PRD-02,2007-07-01,44.1,4.1,0
PRD-02,2007-08-01,43.5,4.1,0
PRD-02,2007-09-01,39.1,3.7,0
PRD-02,2007-10-01,41.8,3.9,0
PRD-02,2007-11-01,43.4,4.1,0
PRD-02,2007-12-01,43.1,4.1,0
PRD-02,2008-01-01,44,4.2,0
PRD-02,2008-02-01,41.8,4,0
PRD-02,2008-03-01,39.4,3.8,0
PRD-02,2008-04-01,41.7,4,0
PRD-02,2008-05-01,44.7,4.4,0
PRD-02,2008-06-01,38.4,3.8,0
PRD-02,2008-07-01,34.6,3.4,0
PRD-02,2008-08-01,35.6,3.5,0
PRD-02,2008-09-01,37.7,3.7,0
PRD-02,2008-10-01,35.2,3.5,0
PRD-02,2008-11-01,37,3.7,0
PRD-02,2008-12-01,38,3.8,0
PRD-02,2009-01-01,35.4,3.6,0
PRD-02,2009-02-01,35.7,3.6,0
PRD-02,2009-03-01,39.5,4,0
PRD-02,2009-04-01,34.8,3.6,0
PRD-02,2009-05-01,32.8,3.4,0
PRD-02,2009-06-01,18.8,1.9,0
PRD-02,2009-07-01,34,3.5,0
PRD-02,2009-08-01,30.9,3.2,0
PRD-02,2009-09-01,34.6,3.6,0
PRD-02,2009-10-01,33.4,3.5,0
PRD-02,2009-11-01,34.5,3.6,0
PRD-02,2009-12-01,32.9,3.5,0
PRD-02,2010-01-01,32,3.4,0
PRD-02,2010-02-01,33.8,3.6,0
PRD-02,2010-03-01,30.3,3.2,0
PRD-02,2010-04-01,31.6,3.4,0
PRD-02,2010-05-01,31.5,3.4,0
PRD-02,2010-06-01,29.7,3.2,0
PRD-02,2010-07-01,32.8,3.6,0
PRD-02,2010-08-01,28.9,3.2,0
PRD-02,2010-09-01,27.8,3,0
PRD-02,2010-10-01,28.3,3.1,0
PRD-02,2010-11-01,25.8,2.9,0
PRD-02,2010-12-01,29.2,3.2,0
PRD-02,2011-01-01,27.9,3.1,0
PRD-02,2011-02-01,26.4,3,0
PRD-02,2011-03-01,26.3,3,0
PRD-02,2011-04-01,31.7,7.4,0
PRD-02,2011-05-01,35.8,29.1,0
PRD-02,2011-06-01,52.4,73.6,0
PRD-02,2011-07-01,93.6,146.8,0
PRD-02,2011-08-01,120.2,202,0
PRD-02,2011-09-01,173.7,306.3,0
PRD-02,2011-10-01,202.5,362.8,0
PRD-02,2011-11-01,268.7,472.6,0
PRD-02,2011-12-01,301.4,516.2,0
PRD-02,2012-01-01,340,570.2,0
PRD-02,2012-02-01,358.4,573.9,0
PRD-02,2012-03-01,394.7,605.3,0
PRD-02,2012-04-01,371.1,685.4,0
PRD-02,2012-05-01,387.3,677.2,0
PRD-02,2012-06-01,436.6,771,0
PRD-02,2012-07-01,389,711.9,0
PRD-02,2012-08-01,395.8,713.6,0
PRD-02,2012-09-01,437.5,722,0
PRD-02,2012-10-01,413.7,716.1,0
PRD-02,2012-11-01,434.2,676.5,0
PRD-02,2012-12-01,433.1,738,0
PRD-02,2013-01-01,359.2,753.1,0
PRD-02,2013-02-01,373.5,878.3,0
PRD-02,2013-03-01,363.7,722.1,0
PRD-02,2013-04-01,390.1,852.6,0
PRD-02,2013-05-01,376.1,783.5,0
PRD-02,2013-06-01,350.6,922,0
PRD-02,2013-07-01,335.8,866.6,0
PRD-02,2013-08-01,373.4,1038.7,0
PRD-02,2013-09-01,352.7,993.9,0
PRD-02,2013-10-01,334.7,923.5,0
PRD-02,2013-11-01,343.6,1033.9,0
PRD-02,2013-12-01,345.8,901.5,0
PRD-02,2014-01-01,331.1,917.6,0
PRD-02,2014-02-01,317.2,1114.5,0
PRD-02,2014-03-01,269.4,895.3,0
PRD-02,2014-04-01,261.7,994.9,0
PRD-02,2014-05-01,240.3,940.4,0
PRD-02,2014-06-01,245.2,973,0
PRD-02,2014-07-01,236.8,972.3,0
PRD-02,2014-08-01,232.1,879,0
PRD-02,2014-09-01,240.3,977.2,0
PRD-02,2014-10-01,219.8,1044.5,0
PRD-02,2014-11-01,207.7,1051.8,0
PRD-02,2014-12-01,220.6,1061.5,0
PRD-02,2015-01-01,184.1,1033,0
PRD-02,2015-02-01,190.1,1138.8,0
PRD-02,2015-03-01,188.6,1021.2,0
PRD-02,2015-04-01,177.7,1012.8,0
PRD-02,2015-05-01,175.3,1019.1,0
PRD-02,2015-06-01,173,1087.7,0
PRD-02,2015-07-01,162.7,996.3,0
PRD-02,2015-08-01,189.3,1200,0
PRD-02,2015-09-01,172.6,1147.8,0
PRD-02,2015-10-01,162.5,1101.3,0
PRD-02,2015-11-01,158.4,1073.1,0
PRD-02,2015-12-01,145.6,1089.2,0
PRD-02,2016-01-01,158.1,1164.2,0
PRD-02,2016-02-01,136,1119.8,0
PRD-02,2016-03-01,156.2,1116.9,0
PRD-02,2016-04-01,142.7,1112.4,0
PRD-02,2016-05-01,66.7,538.8,0
PRD-02,2016-06-01,131.3,1048.9,0
PRD-02,2016-07-01,142.8,1098.3,0
PRD-02,2016-08-01,134,1128.3,0
PRD-02,2016-09-01,130.9,1152.6,0
PRD-02,2016-10-01,119.9,1041.6,0
PRD-02,2016-11-01,131.4,1115.2,0
PRD-02,2016-12-01,121.8,1054.5,0
PRD-02,2017-01-01,124.1,1087.4,0
PRD-02,2017-02-01,118.3,1187.2,0
PRD-02,2017-03-01,116.2,1099.5,0
PRD-02,2017-04-01,131.8,1147.3,0
PRD-02,2017-05-01,114.4,1048.2,0
PRD-02,2017-06-01,136.4,1288.8,0
PRD-02,2017-07-01,125.2,1159.5,0
PRD-02,2017-08-01,116.3,1176.4,0
PRD-02,2017-09-01,114.5,1183.4,0
PRD-02,2017-10-01,113.1,1199.4,0
PRD-02,2017-11-01,117.2,1197.5,0
PRD-02,2017-12-01,58.9,618.2,0
PRD-02,2018-01-01,110.4,1168.8,0
PRD-02,2018-02-01,113.9,1419.9,0
PRD-02,2018-03-01,100.8,1172.8,0
PRD-02,2018-04-01,100.5,1209.3,0
PRD-02,2018-05-01,112.4,1235.9,0
PRD-02,2018-06-01,101,1193.6,0
PRD-02,2018-07-01,87,1031.4,0
PRD-02,2018-08-01,99.9,1216.5,0
PRD-02,2018-09-01,95.2,1232,0
PRD-02,2018-10-01,105.1,1320,0
PRD-02,2018-11-01,98.2,1293.2,0
PRD-02,2018-12-01,85.9,1163,0
PRD-02,2019-01-01,85.9,1128.1,0
PRD-02,2019-02-01,87.2,1236.5,0
PRD-02,2019-03-01,87.6,1146.5,0
PRD-02,2019-04-01,100.2,1328.4,0
PRD-02,2019-05-01,89.3,1165.1,0
PRD-02,2019-06-01,91.6,1257.7,0
PRD-02,2019-07-01,89.5,1180.8,0
PRD-02,2019-08-01,96.3,1357.9,0
PRD-02,2019-09-01,99.6,1352.6,0
PRD-02,2019-10-01,76.1,1121.1,0
PRD-02,2019-11-01,79.9,1172.5,0
PRD-02,2019-12-01,75.9,1132,0
PRD-02,2020-01-01,79.9,1132.3,0
PRD-02,2020-02-01,80.2,1266.5,0
PRD-02,2020-03-01,79.1,1137.7,0
PRD-02,2020-04-01,74.3,1171.4,0
PRD-02,2020-05-01,78.6,1125,0
PRD-02,2020-06-01,85.8,1278.6,0
PRD-02,2020-07-01,75.4,1109.3,0
PRD-02,2020-08-01,81.1,1213.4,0
PRD-02,2020-09-01,76.7,1218.2,0
PRD-02,2020-10-01,76.5,1223.1,0
PRD-02,2020-11-01,85.2,1368.8,0
PRD-02,2020-12-01,69.3,1056.4,0
PRD-02,2021-01-01,73.4,1121.1,0
PRD-02,2021-02-01,69.6,1224.9,0
PRD-02,2021-03-01,73,1097.5,0
PRD-02,2021-04-01,73.1,1146.3,0
PRD-02,2021-05-01,75.7,1147,0
PRD-02,2021-06-01,69.4,1110.3,0
PRD-02,2021-07-01,68.6,1175,0
PRD-02,2021-08-01,65,1041.3,0
PRD-02,2021-09-01,80.4,1342.3,0
PRD-02,2021-10-01,68.2,1163.1,0
PRD-02,2021-11-01,64.7,1230.3,0
PRD-02,2021-12-01,65.7,1150.8,0
PRD-02,2022-01-01,57.7,1104.6,0
PRD-02,2022-02-01,63.9,1323.8,0
PRD-02,2022-03-01,65.6,1258.2,0
PRD-02,2022-04-01,68.4,1264.6,0
PRD-02,2022-05-01,64.5,1220.6,0
PRD-02,2022-06-01,57.6,1127.1,0
PRD-02,2022-07-01,56.8,1108.5,0
PRD-02,2022-08-01,60.6,1206.9,0
PRD-02,2022-09-01,60.4,1309.9,0
PRD-02,2022-10-01,52.2,1144.8,0
PRD-02,2022-11-01,59.2,1313.7,0
PRD-02,2022-12-01,51.9,1064.8,0
PRD-02,2023-01-01,54.5,1147.6,0
PRD-02,2023-02-01,62.8,1492.6,0
PRD-02,2023-03-01,52.2,1137.8,0
PRD-02,2023-04-01,27.9,661,0
PRD-02,2023-05-01,51.4,1207.3,0
PRD-02,2023-06-01,51.1,1254.5,0
PRD-02,2023-07-01,52.8,1177.9,0
PRD-02,2023-08-01,50.1,1166.3,0
PRD-02,2023-09-01,56.1,1286.7,0
PRD-02,2023-10-01,50.9,1244.3,0
PRD-02,2023-11-01,50.7,1308.9,0
PRD-02,2023-12-01,48.4,1227.2,0
PRD-02,2024-01-01,46.4,1185,0
PRD-02,2024-02-01,42.4,1167.3,0
PRD-02,2024-03-01,47.4,1149.7,0
PRD-02,2024-04-01,25.6,654,0
PRD-02,2024-05-01,43.5,1106,0
PRD-02,2024-06-01,42.1,1125.4,0
PRD-02,2024-07-01,49.1,1291.4,0
PRD-02,2024-08-01,45.6,1199.8,0
PRD-02,2024-09-01,46.8,1302.9,0
PRD-02,2024-10-01,46.7,1289.9,0
PRD-02,2024-11-01,43.9,1194.3,0
PRD-02,2024-12-01,44.9,1238.8,0
PRD-02,2025-01-01,41.8,1194.5,0
PRD-02,2025-02-01,39.2,1213.4,0
PRD-02,2025-03-01,37.6,1090.9,0
PRD-02,2025-04-01,43.6,1267.5,0
PRD-02,2025-05-01,43.2,1142.7,0
PRD-02,2025-06-01,38.9,1137.6,0
PRD-02,2025-07-01,34.8,1067,0
PRD-02,2025-08-01,42,1210.2,0
PRD-02,2025-09-01,36.4,1114.5,0
PRD-02,2025-10-01,36,1084.4,0
PRD-02,2025-11-01,38.4,1178.5,0
PRD-02,2025-12-01,38.5,1158,0
PRD-02,2026-01-01,37.2,1165.4,0
PRD-02,2026-02-01,45.3,1458.7,0
PRD-02,2026-03-01,40.5,1274,0
PRD-02,2026-04-01,36.7,1264.2,0
PRD-02,2026-05-01,38,1204,0
PRD-02,2026-06-01,36.1,1175.8,0
PRD-02,2026-07-01,36.8,1259.7,0
PRD-02,2026-08-01,39.1,1253.2,0
PRD-03,2000-06-01,116.9,6.4,0
PRD-03,2000-07-01,97.8,5.4,0
PRD-03,2000-08-01,110.9,6.2,0
PRD-03,2000-09-01,113,6.4,0
PRD-03,2000-10-01,106.4,6.1,0
PRD-03,2000-11-01,105.7,6.1,0
PRD-03,2000-12-01,111.2,6.4,0
PRD-03,2001-01-01,100.6,5.9,0
PRD-03,2001-02-01,112.6,6.6,0
PRD-03,2001-03-01,97.3,5.8,0
PRD-03,2001-04-01,85.1,5.1,0
PRD-03,2001-05-01,105.4,6.3,0
PRD-03,2001-06-01,101,6.1,0
PRD-03,2001-07-01,100.1,6.1,0
PRD-03,2001-08-01,95.4,5.8,0
PRD-03,2001-09-01,94.6,5.8,0
PRD-03,2001-10-01,101.2,6.3,0
PRD-03,2001-11-01,93.9,5.9,0
PRD-03,2001-12-01,87.5,5.5,0
PRD-03,2002-01-01,87.9,5.6,0
PRD-03,2002-02-01,96,6.1,0
PRD-03,2002-03-01,85.8,5.5,0
PRD-03,2002-04-01,85.7,5.6,0
PRD-03,2002-05-01,90.1,5.9,0
PRD-03,2002-06-01,84.5,5.6,0
PRD-03,2002-07-01,80.5,5.3,0
PRD-03,2002-08-01,86.1,5.7,0
PRD-03,2002-09-01,78.2,5.2,0
PRD-03,2002-10-01,85.9,5.8,0
PRD-03,2002-11-01,77.1,5.2,0
PRD-03,2002-12-01,77.8,5.3,0
PRD-03,2003-01-01,72.9,5,0
PRD-03,2003-02-01,73.6,5.1,0
PRD-03,2003-03-01,82.8,5.8,0
PRD-03,2003-04-01,79.8,5.6,0
PRD-03,2003-05-01,78.6,5.5,0
PRD-03,2003-06-01,70.8,5,0
PRD-03,2003-07-01,74.1,5.3,0
PRD-03,2003-08-01,70.7,5.1,0
PRD-03,2003-09-01,69.6,5,0
PRD-03,2003-10-01,74.8,5.4,0
PRD-03,2003-11-01,78.1,5.7,0
PRD-03,2003-12-01,66.1,4.9,0
PRD-03,2004-01-01,74.2,5.5,0
PRD-03,2004-02-01,68,5.1,0
PRD-03,2004-03-01,69.7,5.2,0
PRD-03,2004-04-01,76.2,5.7,0
PRD-03,2004-05-01,30.3,2.3,0
PRD-03,2004-06-01,72.7,5.5,0
PRD-03,2004-07-01,67.2,5.2,0
PRD-03,2004-08-01,65.3,5,0
PRD-03,2004-09-01,66.4,5.1,0
PRD-03,2004-10-01,58.6,4.6,0
PRD-03,2004-11-01,59.8,4.7,0
PRD-03,2004-12-01,63.6,5,0
PRD-03,2005-01-01,63.3,5,0
PRD-03,2005-02-01,67.5,5.4,0
PRD-03,2005-03-01,63.6,5.1,0
PRD-03,2005-04-01,61.4,5,0
PRD-03,2005-05-01,59.5,4.8,0
PRD-03,2005-06-01,66.3,5.4,0
PRD-03,2005-07-01,53.1,4.4,0
PRD-03,2005-08-01,64.4,5.3,0
PRD-03,2005-09-01,59.5,4.9,0
PRD-03,2005-10-01,61.3,5.1,0
PRD-03,2005-11-01,52.7,4.4,0
PRD-03,2005-12-01,60.4,5.1,0
PRD-03,2006-01-01,56.4,4.8,0
PRD-03,2006-02-01,57.5,4.9,0
PRD-03,2006-03-01,54.5,4.7,0
PRD-03,2006-04-01,56.5,4.9,0
PRD-03,2006-05-01,54.7,4.7,0
PRD-03,2006-06-01,51.9,4.5,0
PRD-03,2006-07-01,48,4.2,0
PRD-03,2006-08-01,52.4,4.6,0
PRD-03,2006-09-01,51.5,4.5,0
PRD-03,2006-10-01,50,4.4,0
PRD-03,2006-11-01,46.4,4.1,0
PRD-03,2006-12-01,49.3,4.4,0
PRD-03,2007-01-01,49,4.4,0
PRD-03,2007-02-01,49.6,4.5,0
PRD-03,2007-03-01,52.3,4.8,0
PRD-03,2007-04-01,47.9,4.4,0
PRD-03,2007-05-01,50.7,4.6,0
PRD-03,2007-06-01,46.3,4.3,0
PRD-03,2007-07-01,47.9,4.4,0
PRD-03,2007-08-01,46.8,4.4,0
PRD-03,2007-09-01,42,3.9,0
PRD-03,2007-10-01,43.7,4.1,0
PRD-03,2007-11-01,44.3,4.2,0
PRD-03,2007-12-01,43.3,4.1,0
PRD-03,2008-01-01,45.5,4.3,0
PRD-03,2008-02-01,44.2,4.2,0
PRD-03,2008-03-01,41.4,4,0
PRD-03,2008-04-01,38.2,3.7,0
PRD-03,2008-05-01,43.2,4.2,0
PRD-03,2008-06-01,43.8,4.3,0
PRD-03,2008-07-01,44.2,4.3,0
PRD-03,2008-08-01,42.1,4.1,0
PRD-03,2008-09-01,41.9,4.1,0
PRD-03,2008-10-01,41.2,4.1,0
PRD-03,2008-11-01,38.1,3.8,0
PRD-03,2008-12-01,37.7,3.8,0
PRD-03,2009-01-01,39.1,3.9,0
PRD-03,2009-02-01,35.3,3.6,0
PRD-03,2009-03-01,40.7,4.1,0
PRD-03,2009-04-01,43.8,4.5,0
PRD-03,2009-05-01,35.6,3.6,0
PRD-03,2009-06-01,36.4,3.7,0
PRD-03,2009-07-01,37.8,3.9,0
PRD-03,2009-08-01,34.5,3.6,0
PRD-03,2009-09-01,36.3,3.8,0
PRD-03,2009-10-01,34.7,3.6,0
PRD-03,2009-11-01,33.4,3.5,0
PRD-03,2009-12-01,32.3,3.4,0
PRD-03,2010-01-01,32.2,3.4,0
PRD-03,2010-02-01,31.5,3.3,0
PRD-03,2010-03-01,34.8,3.7,0
PRD-03,2010-04-01,31.2,3.3,0
PRD-03,2010-05-01,30.1,3.2,0
PRD-03,2010-06-01,33.3,3.6,0
PRD-03,2010-07-01,35.7,3.9,0
PRD-03,2010-08-01,33.9,3.7,0
PRD-03,2010-09-01,31.2,3.4,0
PRD-03,2010-10-01,28.8,3.2,0
PRD-03,2010-11-01,32.3,3.6,0
PRD-03,2010-12-01,31.1,3.4,0
PRD-03,2011-01-01,31,3.4,0
PRD-03,2011-02-01,35.6,4,0
PRD-03,2011-03-01,32.2,3.6,0
PRD-03,2011-04-01,29.2,5.7,0
PRD-03,2011-05-01,30.5,16.3,0
PRD-03,2011-06-01,50,46.2,0
PRD-03,2011-07-01,63.1,87.3,0
PRD-03,2011-08-01,77,153.5,0
PRD-03,2011-09-01,94.4,234.8,0
PRD-03,2011-10-01,110.3,294.9,0
PRD-03,2011-11-01,123.7,355.9,0
PRD-03,2011-12-01,139.2,383.8,0
PRD-03,2012-01-01,150.3,418.9,0
PRD-03,2012-02-01,210.9,515.4,0
PRD-03,2012-03-01,223.3,504.6,0
PRD-03,2012-04-01,258,690.9,0
PRD-03,2012-05-01,264.7,680.5,0
PRD-03,2012-06-01,274.2,693.9,0
PRD-03,2012-07-01,314.5,752.9,0
PRD-03,2012-08-01,338.9,784.1,0
PRD-03,2012-09-01,336.4,747.5,0
PRD-03,2012-10-01,360.8,713.5,0
PRD-03,2012-11-01,392.1,751.1,0
PRD-03,2012-12-01,416.3,836.8,0
PRD-03,2013-01-01,433.9,796.1,0
PRD-03,2013-02-01,378.6,914.3,0
PRD-03,2013-03-01,373.1,650.7,0
PRD-03,2013-04-01,404.7,785.9,0
PRD-03,2013-05-01,442.2,719.8,0
PRD-03,2013-06-01,475.4,874.5,0
PRD-03,2013-07-01,434.6,801.6,0
PRD-03,2013-08-01,348.4,775.3,0
PRD-03,2013-09-01,403.5,906.3,0
PRD-03,2013-10-01,412.9,888.2,0
PRD-03,2013-11-01,357.3,806,0
PRD-03,2013-12-01,452.3,911.4,0
PRD-03,2014-01-01,419.5,831.6,0
PRD-03,2014-02-01,210.8,504.9,0
PRD-03,2014-03-01,381,920.9,0
PRD-03,2014-04-01,371,868.1,0
PRD-03,2014-05-01,389.1,935.8,0
PRD-03,2014-06-01,344.9,990.1,0
PRD-03,2014-07-01,307.8,951.5,0
PRD-03,2014-08-01,328.8,941.8,0
PRD-03,2014-09-01,309.2,991,0
PRD-03,2014-10-01,251.6,963.5,0
PRD-03,2014-11-01,290.4,1025.4,0
PRD-03,2014-12-01,266.8,1001.1,0
PRD-03,2015-01-01,296.6,1102,0
PRD-03,2015-02-01,272.8,1088.6,0
PRD-03,2015-03-01,239.3,973.9,0
PRD-03,2015-04-01,243.1,1100.7,0
PRD-03,2015-05-01,208,927,0
PRD-03,2015-06-01,194,1002.7,0
PRD-03,2015-07-01,222.2,1071.1,0
PRD-03,2015-08-01,226,1100.8,0
PRD-03,2015-09-01,200.9,1137,0
PRD-03,2015-10-01,205.9,1091.1,0
PRD-03,2015-11-01,193.4,1118.4,0
PRD-03,2015-12-01,184.2,1117.6,0
PRD-03,2016-01-01,159.1,922.3,0
PRD-03,2016-02-01,186.3,1156.9,0
PRD-03,2016-03-01,194.6,1145.2,0
PRD-03,2016-04-01,185.4,1098.7,0
PRD-03,2016-05-01,174,1151,0
PRD-03,2016-06-01,138.4,938.5,0
PRD-03,2016-07-01,164.5,1054.3,0
PRD-03,2016-08-01,171.1,1208.1,0
PRD-03,2016-09-01,156.9,1164.4,0
PRD-03,2016-10-01,156.5,1152.9,0
PRD-03,2016-11-01,152.6,1117.4,0
PRD-03,2016-12-01,162.6,1099.4,0
PRD-03,2017-01-01,133.7,1028.6,0
PRD-03,2017-02-01,151.3,1269.8,0
PRD-03,2017-03-01,156,1175,0
PRD-03,2017-04-01,134.8,1108.9,0
PRD-03,2017-05-01,138.5,1079.2,0
PRD-03,2017-06-01,142.4,1180.9,0
PRD-03,2017-07-01,131.9,968.5,0
PRD-03,2017-08-01,142,1186.3,0
PRD-03,2017-09-01,134.1,1180.6,0
PRD-03,2017-10-01,138.9,1269,0
PRD-03,2017-11-01,126,1183.3,0
PRD-03,2017-12-01,123.7,1175,0
PRD-03,2018-01-01,133.6,1120.1,0
PRD-03,2018-02-01,126.2,1210.4,0
PRD-03,2018-03-01,115.6,1057.3,0
PRD-03,2018-04-01,136.2,1249.9,0
PRD-03,2018-05-01,124.9,1164.9,0
PRD-03,2018-06-01,125.8,1283.4,0
PRD-03,2018-07-01,124.1,1147.6,0
PRD-03,2018-08-01,118.1,1163.6,0
PRD-03,2018-09-01,130.7,1286.1,0
PRD-03,2018-10-01,109.4,1122.1,0
PRD-03,2018-11-01,109.3,1202,0
PRD-03,2018-12-01,110.8,1242.4,0
PRD-03,2019-01-01,117.9,1261.3,0
PRD-03,2019-02-01,103,1249.7,0
PRD-03,2019-03-01,99.1,1103.3,0
PRD-03,2019-04-01,109.4,1233.7,0
PRD-03,2019-05-01,99.8,1142.6,0
PRD-03,2019-06-01,96.1,1180.1,0
PRD-03,2019-07-01,107.1,1218,0
PRD-03,2019-08-01,51.9,626.8,0
PRD-03,2019-09-01,105.1,1251.7,0
PRD-03,2019-10-01,97.1,1203.2,0
PRD-03,2019-11-01,95.8,1237.8,0
PRD-03,2019-12-01,100.2,1280.2,0
PRD-03,2020-01-01,101.7,1245.2,0
PRD-03,2020-02-01,88.2,1236.8,0
PRD-03,2020-03-01,90.2,1159.7,0
PRD-03,2020-04-01,86.4,1169.5,0
PRD-03,2020-05-01,83.5,1053.4,0
PRD-03,2020-06-01,88.4,1197.3,0
PRD-03,2020-07-01,90.2,1181.3,0
PRD-03,2020-08-01,92.1,1200.8,0
PRD-03,2020-09-01,93.7,1355.9,0
PRD-03,2020-10-01,80.8,1135.9,0
PRD-03,2020-11-01,95.7,1372,0
PRD-03,2020-12-01,86.7,1232.5,0
PRD-03,2021-01-01,88.8,1238.2,0
PRD-03,2021-02-01,101.2,1440.3,0
PRD-03,2021-03-01,75,1062.9,0
PRD-03,2021-04-01,81.9,1194.2,0
PRD-03,2021-05-01,89.7,1259,0
PRD-03,2021-06-01,75,1094.4,0
PRD-03,2021-07-01,84.3,1268.3,0
PRD-03,2021-08-01,87.8,1275.4,0
PRD-03,2021-09-01,76.5,1158.5,0
PRD-03,2021-10-01,79.5,1216.8,0
PRD-03,2021-11-01,81.8,1328.6,0
PRD-03,2021-12-01,76,1144.2,0
PRD-03,2022-01-01,76.2,1276.3,0
PRD-03,2022-02-01,78.4,1416.1,0
PRD-03,2022-03-01,67.6,1114.2,0
PRD-03,2022-04-01,64.5,1203.3,0
PRD-03,2022-05-01,64,1109.5,0
PRD-03,2022-06-01,68.9,1246,0
PRD-03,2022-07-01,61.7,1072.7,0
PRD-03,2022-08-01,70.3,1279.1,0
PRD-03,2022-09-01,63.7,1156.6,0
PRD-03,2022-10-01,64.7,1176,0
PRD-03,2022-11-01,64.4,1163.6,0
PRD-03,2022-12-01,61.2,1104.6,0
PRD-03,2023-01-01,70,1291.4,0
PRD-03,2023-02-01,64.7,1342.8,0
PRD-03,2023-03-01,56.3,1075,0
PRD-03,2023-04-01,58.6,1146.1,0
PRD-03,2023-05-01,58,1147.1,0
PRD-03,2023-06-01,58.9,1136.4,0
PRD-03,2023-07-01,64.7,1217.2,0
PRD-03,2023-08-01,61.1,1195.4,0
PRD-03,2023-09-01,62.4,1212.3,0
PRD-03,2023-10-01,59,1226.3,0
PRD-03,2023-11-01,62.6,1323.2,0
PRD-03,2023-12-01,56,1245.2,0
PRD-03,2024-01-01,52,1154.3,0
PRD-03,2024-02-01,56.3,1450.9,0
PRD-03,2024-03-01,57.9,1302.9,0
PRD-03,2024-04-01,46.4,1109.7,0
PRD-03,2024-05-01,52.2,1179.3,0
PRD-03,2024-06-01,59.3,1398.7,0
PRD-03,2024-07-01,50,1169.3,0
PRD-03,2024-08-01,54.5,1236.1,0
PRD-03,2024-09-01,57.4,1344.2,0
PRD-03,2024-10-01,45.5,1093.8,0
PRD-03,2024-11-01,48.3,1239.2,0
PRD-03,2024-12-01,55.1,1297.5,0
PRD-03,2025-01-01,46.5,1158.8,0
PRD-03,2025-02-01,48.7,1340.1,0
PRD-03,2025-03-01,51.8,1231.8,0
PRD-03,2025-04-01,48.1,1290.8,0
PRD-03,2025-05-01,48.4,1179,0
PRD-03,2025-06-01,47.3,1206.4,0
PRD-03,2025-07-01,44.9,1194.3,0
PRD-03,2025-08-01,45.2,1168,0
PRD-03,2025-09-01,49.4,1362.9,0
PRD-03,2025-10-01,37.3,1039.3,0
PRD-03,2025-11-01,45.5,1215.6,0
PRD-03,2025-12-01,22.4,625.7,0
PRD-03,2026-01-01,41.7,1211.6,0
PRD-03,2026-02-01,43.9,1318.9,0
PRD-03,2026-03-01,47.3,1286.2,0
PRD-03,2026-04-01,40.3,1223.7,0
PRD-03,2026-05-01,43.4,1215.3,0
PRD-03,2026-06-01,47.6,1339.5,0
PRD-03,2026-07-01,39.7,1151,0
PRD-03,2026-08-01,40.6,1147.2,0
PRD-04,2001-09-01,78,4.5,0
PRD-04,2001-10-01,79.1,4.6,0
PRD-04,2001-11-01,79.9,4.7,0
PRD-04,2001-12-01,77.7,4.6,0
PRD-04,2002-01-01,86.5,5.2,0
PRD-04,2002-02-01,75.5,4.6,0
PRD-04,2002-03-01,73.5,4.5,0
PRD-04,2002-04-01,77.7,4.8,0
PRD-04,2002-05-01,84,5.2,0
PRD-04,2002-06-01,71.2,4.4,0
PRD-04,2002-07-01,73.3,4.6,0
PRD-04,2002-08-01,71.1,4.5,0
PRD-04,2002-09-01,74,4.7,0
PRD-04,2002-10-01,80.3,5.1,0
PRD-04,2002-11-01,74.7,4.8,0
PRD-04,2002-12-01,69,4.5,0
PRD-04,2003-01-01,72.5,4.7,0
PRD-04,2003-02-01,63.4,4.1,0
PRD-04,2003-03-01,67,4.4,0
PRD-04,2003-04-01,70.6,4.7,0
PRD-04,2003-05-01,66.6,4.4,0
PRD-04,2003-06-01,68.4,4.6,0
PRD-04,2003-07-01,66.5,4.5,0
PRD-04,2003-08-01,58.4,4,0
PRD-04,2003-09-01,60.5,4.1,0
PRD-04,2003-10-01,69.8,4.8,0
PRD-04,2003-11-01,66,4.6,0
PRD-04,2003-12-01,32.9,2.3,0
PRD-04,2004-01-01,61.5,4.3,0
PRD-04,2004-02-01,60.2,4.2,0
PRD-04,2004-03-01,64.3,4.6,0
PRD-04,2004-04-01,58.2,4.1,0
PRD-04,2004-05-01,55.4,4,0
PRD-04,2004-06-01,60.3,4.3,0
PRD-04,2004-07-01,63.8,4.6,0
PRD-04,2004-08-01,59.2,4.3,0
PRD-04,2004-09-01,61.8,4.5,0
PRD-04,2004-10-01,49.6,3.7,0
PRD-04,2004-11-01,50.7,3.8,0
PRD-04,2004-12-01,49.2,3.7,0
PRD-04,2005-01-01,57.8,4.3,0
PRD-04,2005-02-01,57,4.3,0
PRD-04,2005-03-01,55.3,4.2,0
PRD-04,2005-04-01,53.8,4.1,0
PRD-04,2005-05-01,53.7,4.1,0
PRD-04,2005-06-01,54.4,4.2,0
PRD-04,2005-07-01,47.5,3.7,0
PRD-04,2005-08-01,51.6,4,0
PRD-04,2005-09-01,51.3,4,0
PRD-04,2005-10-01,47.5,3.7,0
PRD-04,2005-11-01,48.1,3.8,0
PRD-04,2005-12-01,51.7,4.1,0
PRD-04,2006-01-01,45.9,3.7,0
PRD-04,2006-02-01,53.4,4.3,0
PRD-04,2006-03-01,51.3,4.1,0
PRD-04,2006-04-01,49.2,4,0
PRD-04,2006-05-01,47.3,3.9,0
PRD-04,2006-06-01,46.3,3.8,0
PRD-04,2006-07-01,47.3,3.9,0
PRD-04,2006-08-01,45.6,3.8,0
PRD-04,2006-09-01,42,3.5,0
PRD-04,2006-10-01,49.7,4.2,0
PRD-04,2006-11-01,48.4,4.1,0
PRD-04,2006-12-01,42,3.6,0
PRD-04,2007-01-01,41.7,3.5,0
PRD-04,2007-02-01,42.5,3.6,0
PRD-04,2007-03-01,43.2,3.7,0
PRD-04,2007-04-01,40.7,3.5,0
PRD-04,2007-05-01,38.9,3.4,0
PRD-04,2007-06-01,41.3,3.6,0
PRD-04,2007-07-01,37.9,3.3,0
PRD-04,2007-08-01,41,3.6,0
PRD-04,2007-09-01,42.6,3.8,0
PRD-04,2007-10-01,41.8,3.7,0
PRD-04,2007-11-01,39.5,3.5,0
PRD-04,2007-12-01,43.3,3.9,0
PRD-04,2008-01-01,38.5,3.5,0
PRD-04,2008-02-01,38.1,3.4,0
PRD-04,2008-03-01,38.2,3.5,0
PRD-04,2008-04-01,34.6,3.2,0
PRD-04,2008-05-01,35.3,3.2,0
PRD-04,2008-06-01,18,1.7,0
PRD-04,2008-07-01,34.9,3.2,0
PRD-04,2008-08-01,36.9,3.4,0
PRD-04,2008-09-01,34.6,3.2,0
PRD-04,2008-10-01,34,3.2,0
PRD-04,2008-11-01,38.3,3.6,0
PRD-04,2008-12-01,34.8,3.3,0
PRD-04,2009-01-01,32.1,3,0
PRD-04,2009-02-01,33.2,3.2,0
PRD-04,2009-03-01,37.5,3.6,0
PRD-04,2009-04-01,29.5,2.8,0
PRD-04,2009-05-01,32.3,3.1,0
PRD-04,2009-06-01,29.8,2.9,0
PRD-04,2009-07-01,30.4,3,0
PRD-04,2009-08-01,31.5,3.1,0
PRD-04,2009-09-01,32,3.1,0
PRD-04,2009-10-01,31.3,3.1,0
PRD-04,2009-11-01,30.2,3,0
PRD-04,2009-12-01,28.2,2.8,0
PRD-04,2010-01-01,30.7,3.1,0
PRD-04,2010-02-01,27,2.7,0
PRD-04,2010-03-01,28.8,2.9,0
PRD-04,2010-04-01,30.1,3,0
PRD-04,2010-05-01,30.8,3.1,0
PRD-04,2010-06-01,28.7,2.9,0
PRD-04,2010-07-01,30.6,3.1,0
PRD-04,2010-08-01,29.2,3,0
PRD-04,2010-09-01,25,2.6,0
PRD-04,2010-10-01,29,3,0
PRD-04,2010-11-01,22.6,2.4,0
PRD-04,2010-12-01,27.6,2.9,0
PRD-04,2011-01-01,26.7,2.8,0
PRD-04,2011-02-01,28.1,3,0
PRD-04,2011-03-01,27.7,2.9,0
PRD-04,2011-04-01,23.1,2.5,0
PRD-04,2011-05-01,24.2,2.6,0
PRD-04,2011-06-01,25.1,2.7,0
PRD-04,2011-07-01,23.7,2.5,0
PRD-04,2011-08-01,24.9,2.7,0
PRD-04,2011-09-01,24.9,3.5,0
PRD-04,2011-10-01,23.5,8.8,0
PRD-04,2011-11-01,24,23.7,0
PRD-04,2011-12-01,37.1,43.1,0
PRD-04,2012-01-01,58.4,66.5,0
PRD-04,2012-02-01,97.4,107,0
PRD-04,2012-03-01,135,146.6,0
PRD-04,2012-04-01,148.5,168.4,0
PRD-04,2012-05-01,164.3,169.1,0
PRD-04,2012-06-01,190.1,186.2,0
PRD-04,2012-07-01,203.6,199.3,0
PRD-04,2012-08-01,241.3,206.4,0
PRD-04,2012-09-01,228.1,204.3,0
PRD-04,2012-10-01,256.6,187.3,0
PRD-04,2012-11-01,300.2,201.7,0
PRD-04,2012-12-01,305,233,0
PRD-04,2013-01-01,293.4,199.4,0
PRD-04,2013-02-01,306.6,321.5,0
PRD-04,2013-03-01,304.6,191.5,0
PRD-04,2013-04-01,307.4,225.3,0
PRD-04,2013-05-01,349.4,172.7,0
PRD-04,2013-06-01,330.3,209.6,0
PRD-04,2013-07-01,294.6,194.3,0
PRD-04,2013-08-01,269.2,272.6,0
PRD-04,2013-09-01,314.9,330.2,0
PRD-04,2013-10-01,249.7,247.1,0
PRD-04,2013-11-01,253.4,266.4,0
PRD-04,2013-12-01,312,290.5,0
PRD-04,2014-01-01,287.6,249.9,0
PRD-04,2014-02-01,293.8,327.8,0
PRD-04,2014-03-01,248.7,274.9,0
PRD-04,2014-04-01,287.8,286.1,0
PRD-04,2014-05-01,268.5,286.5,0
PRD-04,2014-06-01,225,340.4,0
PRD-04,2014-07-01,206,355.4,0
PRD-04,2014-08-01,203.2,318.7,0
PRD-04,2014-09-01,185.6,360.9,0
PRD-04,2014-10-01,187.5,377.8,0
PRD-04,2014-11-01,203.2,351.1,0
PRD-04,2014-12-01,172.8,328.5,0
PRD-04,2015-01-01,196.3,354.6,0
PRD-04,2015-02-01,212.8,414.7,0
PRD-04,2015-03-01,183.9,395.5,0
PRD-04,2015-04-01,148.2,375.4,0
PRD-04,2015-05-01,158.4,383.6,0
PRD-04,2015-06-01,137.5,394.4,0
PRD-04,2015-07-01,168.7,434.6,0
PRD-04,2015-08-01,155.4,415.4,0
PRD-04,2015-09-01,136,412.7,0
PRD-04,2015-10-01,137.4,396.3,0
PRD-04,2015-11-01,123,390.7,0
PRD-04,2015-12-01,132,439.6,0
PRD-04,2016-01-01,119.4,376,0
PRD-04,2016-02-01,114.5,399.5,0
PRD-04,2016-03-01,132.3,438.7,0
PRD-04,2016-04-01,129.1,439.6,0
PRD-04,2016-05-01,115.3,453.1,0
PRD-04,2016-06-01,116.2,465.7,0
PRD-04,2016-07-01,129.5,466.4,0
PRD-04,2016-08-01,104,400.7,0
PRD-04,2016-09-01,105.7,430.2,0
PRD-04,2016-10-01,107.6,435.7,0
PRD-04,2016-11-01,118.5,477.4,0
PRD-04,2016-12-01,124.8,470.4,0
PRD-04,2017-01-01,99.9,456.6,0
PRD-04,2017-02-01,99.4,491.8,0
PRD-04,2017-03-01,103.4,444.6,0
PRD-04,2017-04-01,85.9,419.7,0
PRD-04,2017-05-01,94,416.4,0
PRD-04,2017-06-01,86.6,421.2,0
PRD-04,2017-07-01,115.4,481.8,0
PRD-04,2017-08-01,92.5,452.2,0
PRD-04,2017-09-01,91.5,478.2,0
PRD-04,2017-10-01,87.3,467.6,0
PRD-04,2017-11-01,83,460,0
PRD-04,2017-12-01,85.6,466.7,0
PRD-04,2018-01-01,86.3,428.7,0
PRD-04,2018-02-01,83.4,465,0
PRD-04,2018-03-01,78.4,423.9,0
PRD-04,2018-04-01,83.9,439,0
PRD-04,2018-05-01,88.9,490.3,0
PRD-04,2018-06-01,89.7,567.4,0
PRD-04,2018-07-01,86.3,462.7,0
PRD-04,2018-08-01,74.8,431.1,0
PRD-04,2018-09-01,82.1,465.4,0
PRD-04,2018-10-01,80,483.2,0
PRD-04,2018-11-01,73.5,503.9,0
PRD-04,2018-12-01,64.8,468.5,0
PRD-04,2019-01-01,71.8,488.1,0
PRD-04,2019-02-01,67.5,531.1,0
PRD-04,2019-03-01,65.7,470.1,0
PRD-04,2019-04-01,65.9,472.9,0
PRD-04,2019-05-01,66.3,484.6,0
PRD-04,2019-06-01,60.7,491.9,0
PRD-04,2019-07-01,73.6,529.3,0
PRD-04,2019-08-01,29.8,232.9,0
PRD-04,2019-09-01,66.6,516.1,0
PRD-04,2019-10-01,65.7,523,0
PRD-04,2019-11-01,61.2,518.5,0
PRD-04,2019-12-01,60.3,513.1,0
PRD-04,2020-01-01,57.2,456.6,0
PRD-04,2020-02-01,59.4,543.5,0
PRD-04,2020-03-01,59,514.1,0
PRD-04,2020-04-01,56.9,506.1,0
PRD-04,2020-05-01,60.7,512.9,0
PRD-04,2020-06-01,29.7,266.7,0
PRD-04,2020-07-01,57.2,496.8,0
PRD-04,2020-08-01,57.6,489.8,0
PRD-04,2020-09-01,55.8,543.5,0
PRD-04,2020-10-01,54.8,501.7,0
PRD-04,2020-11-01,57.6,570.1,0
PRD-04,2020-12-01,57.8,540.4,0
PRD-04,2021-01-01,45.1,444.1,0
PRD-04,2021-02-01,31,288,0
PRD-04,2021-03-01,53.4,530.3,0
PRD-04,2021-04-01,56,572.4,0
PRD-04,2021-05-01,52.2,519.7,0
PRD-04,2021-06-01,47.2,466.5,0
PRD-04,2021-07-01,44.2,474.3,0
PRD-04,2021-08-01,49.9,503.8,0
PRD-04,2021-09-01,50.1,516.1,0
PRD-04,2021-10-01,55.4,570.7,0
PRD-04,2021-11-01,51.6,545.6,0
PRD-04,2021-12-01,52.1,521.7,0
PRD-04,2022-01-01,51.9,547.1,0
PRD-04,2022-02-01,57.4,594.6,0
PRD-04,2022-03-01,63.8,538.2,0
PRD-04,2022-04-01,68.3,579.2,0
PRD-04,2022-05-01,65.3,502.7,0
PRD-04,2022-06-01,80.4,583.3,0
PRD-04,2022-07-01,87.7,551.6,0
PRD-04,2022-08-01,83.5,512.1,0
PRD-04,2022-09-01,100.2,600.7,0
PRD-04,2022-10-01,122.7,621.7,0
PRD-04,2022-11-01,112.5,604.5,0
PRD-04,2022-12-01,114.8,595.1,0
PRD-04,2023-01-01,128.7,644.4,0
PRD-04,2023-02-01,129.4,751.8,0
PRD-04,2023-03-01,123.2,578,0
PRD-04,2023-04-01,133.7,633.3,0
PRD-04,2023-05-01,154,659.7,0
PRD-04,2023-06-01,135.3,590.8,0
PRD-04,2023-07-01,145.4,613.6,0
PRD-04,2023-08-01,144.5,632.5,0
PRD-04,2023-09-01,132.6,610.5,0
PRD-04,2023-10-01,168.2,694.9,0
PRD-04,2023-11-01,166,688.1,0
PRD-04,2023-12-01,140.1,637.5,0
PRD-04,2024-01-01,164.5,686.4,0
PRD-04,2024-02-01,144.9,690.6,0
PRD-04,2024-03-01,155.1,624.7,0
PRD-04,2024-04-01,169.5,666.1,0
PRD-04,2024-05-01,149.1,607.3,0
PRD-04,2024-06-01,131,659.6,0
PRD-04,2024-07-01,150,699.5,0
PRD-04,2024-08-01,134.6,691.8,0
PRD-04,2024-09-01,134.7,689.8,0
PRD-04,2024-10-01,135.3,686.9,0
PRD-04,2024-11-01,122.5,670.7,0
PRD-04,2024-12-01,141.9,695.1,0
PRD-04,2025-01-01,132.9,679.4,0
PRD-04,2025-02-01,136.6,752,0
PRD-04,2025-03-01,133.9,705,0
PRD-04,2025-04-01,129,646.1,0
PRD-04,2025-05-01,121,638.7,0
PRD-04,2025-06-01,110,607.4,0
PRD-04,2025-07-01,122.6,662,0
PRD-04,2025-08-01,120,745.4,0
PRD-04,2025-09-01,109,688.5,0
PRD-04,2025-10-01,102.3,715,0
PRD-04,2025-11-01,114,758.3,0
PRD-04,2025-12-01,104,738.5,0
PRD-04,2026-01-01,90.4,650.7,0
PRD-04,2026-02-01,99.3,745.3,0
PRD-04,2026-03-01,87.1,601.6,0
PRD-04,2026-04-01,88.8,657.4,0
PRD-04,2026-05-01,46.4,331.6,0
PRD-04,2026-06-01,94.3,692,0
PRD-04,2026-07-01,94.2,676.1,0
PRD-04,2026-08-01,85.8,679.3,0
PRD-05,2000-07-01,40.3,2.1,0
PRD-05,2000-08-01,42.4,2.2,0
PRD-05,2000-09-01,41.7,2.2,0
PRD-05,2000-10-01,38,2,0
PRD-05,2000-11-01,36.1,2,0
PRD-05,2000-12-01,36.8,2,0
PRD-05,2001-01-01,33.3,1.8,0
PRD-05,2001-02-01,39.7,2.2,0
PRD-05,2001-03-01,34.6,1.9,0
PRD-05,2001-04-01,38.2,2.2,0
PRD-05,2001-05-01,32.2,1.8,0
PRD-05,2001-06-01,33.7,1.9,0
PRD-05,2001-07-01,30.2,1.7,0
PRD-05,2001-08-01,29.9,1.7,0
PRD-05,2001-09-01,34.8,2,0
PRD-05,2001-10-01,34.8,2,0
PRD-05,2001-11-01,34,2,0
PRD-05,2001-12-01,32.2,1.9,0
PRD-05,2002-01-01,31.8,1.9,0
PRD-05,2002-02-01,29.7,1.8,0
PRD-05,2002-03-01,32.9,2,0
PRD-05,2002-04-01,29.9,1.8,0
PRD-05,2002-05-01,30.6,1.9,0
PRD-05,2002-06-01,32,2,0
PRD-05,2002-07-01,27.1,1.7,0
PRD-05,2002-08-01,29.9,1.9,0
PRD-05,2002-09-01,30.1,1.9,0
PRD-05,2002-10-01,32.2,2.1,0
PRD-05,2002-11-01,30.3,1.9,0
PRD-05,2002-12-01,29.1,1.9,0
PRD-05,2003-01-01,27.3,1.8,0
PRD-05,2003-02-01,29.3,1.9,0
PRD-05,2003-03-01,29.3,1.9,0
PRD-05,2003-04-01,27.5,1.8,0
PRD-05,2003-05-01,26.7,1.8,0
PRD-05,2003-06-01,27.9,1.9,0
PRD-05,2003-07-01,28.5,1.9,0
PRD-05,2003-08-01,27,1.8,0
PRD-05,2003-09-01,27.1,1.8,0
PRD-05,2003-10-01,27.8,1.9,0
PRD-05,2003-11-01,27.7,1.9,0
PRD-05,2003-12-01,25.9,1.8,0
PRD-05,2004-01-01,23.2,1.6,0
PRD-05,2004-02-01,22.3,1.6,0
PRD-05,2004-03-01,22.9,1.6,0
PRD-05,2004-04-01,24,1.7,0
PRD-05,2004-05-01,23.3,1.7,0
PRD-05,2004-06-01,23.2,1.7,0
PRD-05,2004-07-01,23.7,1.7,0
PRD-05,2004-08-01,22.9,1.7,0
PRD-05,2004-09-01,25.6,1.9,0
PRD-05,2004-10-01,23.7,1.7,0
PRD-05,2004-11-01,22.5,1.7,0
PRD-05,2004-12-01,21.5,1.6,0
PRD-05,2005-01-01,20.3,1.5,0
PRD-05,2005-02-01,23.1,1.7,0
PRD-05,2005-03-01,22.2,1.7,0
PRD-05,2005-04-01,21.8,1.7,0
PRD-05,2005-05-01,20.9,1.6,0
PRD-05,2005-06-01,22,1.7,0
PRD-05,2005-07-01,22.6,1.8,0
PRD-05,2005-08-01,18.8,1.5,0
PRD-05,2005-09-01,21.3,1.7,0
PRD-05,2005-10-01,23.9,1.9,0
PRD-05,2005-11-01,19.6,1.6,0
PRD-05,2005-12-01,11.2,0.9,0
PRD-05,2006-01-01,19.5,1.6,0
PRD-05,2006-02-01,17.9,1.4,0
PRD-05,2006-03-01,18.6,1.5,0
PRD-05,2006-04-01,17.1,1.4,0
PRD-05,2006-05-01,18.7,1.5,0
PRD-05,2006-06-01,20.4,1.7,0
PRD-05,2006-07-01,19,1.6,0
PRD-05,2006-08-01,19.2,1.6,0
PRD-05,2006-09-01,18.3,1.5,0
PRD-05,2006-10-01,16.4,1.4,0
PRD-05,2006-11-01,19.3,1.6,0
PRD-05,2006-12-01,17.9,1.5,0
PRD-05,2007-01-01,17.3,1.5,0
PRD-05,2007-02-01,16.7,1.4,0
PRD-05,2007-03-01,17.1,1.5,0
PRD-05,2007-04-01,16.5,1.4,0
PRD-05,2007-05-01,17.3,1.5,0
PRD-05,2007-06-01,15.6,1.4,0
PRD-05,2007-07-01,16.1,1.4,0
PRD-05,2007-08-01,17.7,1.6,0
PRD-05,2007-09-01,16.2,1.4,0
PRD-05,2007-10-01,15.5,1.4,0
PRD-05,2007-11-01,8.5,0.8,0
PRD-05,2007-12-01,15.7,1.4,0
PRD-05,2008-01-01,17.8,1.6,0
PRD-05,2008-02-01,15.8,1.4,0
PRD-05,2008-03-01,15.8,1.4,0
PRD-05,2008-04-01,14.5,1.3,0
PRD-05,2008-05-01,14.5,1.3,0
PRD-05,2008-06-01,15,1.4,0
PRD-05,2008-07-01,15.6,1.4,0
PRD-05,2008-08-01,15.6,1.4,0
PRD-05,2008-09-01,13.7,1.3,0
PRD-05,2008-10-01,14.5,1.4,0
PRD-05,2008-11-01,14.1,1.3,0
PRD-05,2008-12-01,15.1,1.4,0
PRD-05,2009-01-01,12.7,1.2,0
PRD-05,2009-02-01,12.7,1.2,0
PRD-05,2009-03-01,13.4,1.3,0
PRD-05,2009-04-01,12.1,1.2,0
PRD-05,2009-05-01,13.2,1.3,0
PRD-05,2009-06-01,13.4,1.3,0
PRD-05,2009-07-01,13.5,1.3,0
PRD-05,2009-08-01,12.2,1.2,0
PRD-05,2009-09-01,12.6,1.2,0
PRD-05,2009-10-01,12.9,1.3,0
PRD-05,2009-11-01,12.3,1.2,0
PRD-05,2009-12-01,11.6,1.2,0
PRD-05,2010-01-01,12.9,1.3,0
PRD-05,2010-02-01,12.8,1.3,0
PRD-05,2010-03-01,11.6,1.2,0
PRD-05,2010-04-01,10.5,1.1,0
PRD-05,2010-05-01,10.3,1,0
PRD-05,2010-06-01,12.4,1.3,0
PRD-05,2010-07-01,11.1,1.1,0
PRD-05,2010-08-01,11.2,1.2,0
PRD-05,2010-09-01,10.5,1.1,0
PRD-05,2010-10-01,11,1.1,0
PRD-05,2010-11-01,11.2,1.2,0
PRD-05,2010-12-01,10.3,1.1,0
PRD-05,2011-01-01,11.9,1.3,0
PRD-05,2011-02-01,11,1.2,0
PRD-05,2011-03-01,11.5,1.2,0
PRD-05,2011-04-01,10.9,1.2,0
PRD-05,2011-05-01,9.7,1,0
PRD-05,2011-06-01,11.1,1.2,0
PRD-05,2011-07-01,11.3,1.2,0
PRD-05,2011-08-01,10.7,1.2,0
PRD-05,2011-09-01,9.7,1.1,0
PRD-05,2011-10-01,10.3,1.1,0
PRD-05,2011-11-01,8.8,1,0
PRD-05,2011-12-01,9.5,1,0
PRD-05,2012-01-01,10.2,1.1,0
PRD-05,2012-02-01,9.4,1,0
PRD-05,2012-03-01,9.9,1.1,0
PRD-05,2012-04-01,9.7,1.1,0
PRD-05,2012-05-01,4.2,0.5,0
PRD-05,2012-06-01,9.6,1.1,0
PRD-05,2012-07-01,8.1,0.9,0
PRD-05,2012-08-01,9.3,1.1,0
PRD-05,2012-09-01,8.2,0.9,0
PRD-05,2012-10-01,8.4,1,0
PRD-05,2012-11-01,8.5,1,0
PRD-05,2012-12-01,9.1,1,0
PRD-05,2013-01-01,8.3,1,0
PRD-05,2013-02-01,7.6,0.9,0
PRD-05,2013-03-01,7.6,0.9,0
PRD-05,2013-04-01,8,0.9,0
PRD-05,2013-05-01,8.3,1,0
PRD-05,2013-06-01,8.1,0.9,0
PRD-05,2013-07-01,7.5,0.9,0
PRD-05,2013-08-01,8.8,1,0
PRD-05,2013-09-01,8.4,1,0
PRD-05,2013-10-01,7.6,0.9,0
PRD-05,2013-11-01,8,1,0
PRD-05,2013-12-01,7.1,0.8,0
PRD-05,2014-01-01,7.8,0.9,0
PRD-05,2014-02-01,7.6,0.9,0
PRD-05,2014-03-01,6.5,0.8,0
PRD-05,2014-04-01,8.5,1,0
PRD-05,2014-05-01,7.3,0.9,0
PRD-05,2014-06-01,7.3,0.9,0
PRD-05,2014-07-01,7.6,0.9,0
PRD-05,2014-08-01,7.8,1,0
PRD-05,2014-09-01,6.2,0.8,0
PRD-05,2014-10-01,6.7,0.8,0
PRD-05,2014-11-01,6.2,0.8,0
PRD-05,2014-12-01,6.1,0.8,0
PRD-05,2015-01-01,7.1,0.9,0
PRD-05,2015-02-01,6.5,0.8,0
PRD-05,2015-03-01,6.3,0.8,0
PRD-05,2015-04-01,6.4,0.8,0
PRD-05,2015-05-01,6,0.8,0
PRD-05,2015-06-01,6.5,0.8,0
PRD-05,2015-07-01,6.4,0.8,0
PRD-05,2015-08-01,6.5,0.8,0
PRD-05,2015-09-01,6,0.8,0
PRD-05,2015-10-01,6.5,0.8,0
PRD-05,2015-11-01,5.8,0.8,0
PRD-05,2015-12-01,5.6,0.7,0
PRD-05,2016-01-01,5.8,0.8,0
PRD-05,2016-02-01,7,0.9,0
PRD-05,2016-03-01,5.5,0.7,0
PRD-05,2016-04-01,5.4,0.7,0
PRD-05,2016-05-01,6,0.8,0
PRD-05,2016-06-01,5,0.7,0
PRD-05,2016-07-01,5.3,0.7,0
PRD-05,2016-08-01,5.4,0.7,0
PRD-05,2016-09-01,5.2,0.7,0
PRD-05,2016-10-01,5.3,0.7,0
PRD-05,2016-11-01,5.1,0.7,0
PRD-05,2016-12-01,5.5,0.7,0
PRD-05,2017-01-01,5.3,0.7,0
PRD-05,2017-02-01,4.7,0.6,0
PRD-05,2017-03-01,5.1,0.7,0
PRD-05,2017-04-01,4.8,0.7,0
PRD-05,2017-05-01,4.8,0.7,0
PRD-05,2017-06-01,5,0.7,0
PRD-05,2017-07-01,4.9,0.7,0
PRD-05,2017-08-01,4.8,0.7,0
PRD-05,2017-09-01,5.4,0.7,0
PRD-05,2017-10-01,4.8,0.7,0
PRD-05,2017-11-01,4.8,0.7,0
PRD-05,2017-12-01,5,0.7,0
PRD-05,2018-01-01,4.9,0.7,0
PRD-05,2018-02-01,4.6,0.6,0
PRD-05,2018-03-01,4.8,0.7,0
PRD-05,2018-04-01,4.5,0.6,0
PRD-05,2018-05-01,4.4,0.6,0
PRD-05,2018-06-01,4.6,0.6,0
PRD-05,2018-07-01,4.1,0.6,0
PRD-05,2018-08-01,3.7,0.5,0
PRD-05,2018-09-01,4.2,0.6,0
PRD-05,2018-10-01,3.8,0.6,0
PRD-05,2018-11-01,4.3,0.6,0
PRD-05,2018-12-01,4,0.6,0
PRD-05,2019-01-01,4,0.6,0
PRD-05,2019-02-01,4.2,0.6,0
PRD-05,2019-03-01,3.6,0.5,0
PRD-05,2019-04-01,2.1,0.3,0
PRD-05,2019-05-01,1.9,0.3,0
PRD-05,2019-06-01,3.8,0.6,0
PRD-05,2019-07-01,3.9,0.6,0
PRD-05,2019-08-01,4.1,0.6,0
PRD-05,2019-09-01,3.6,0.5,0
PRD-05,2019-10-01,4,0.6,0
PRD-05,2019-11-01,3.6,0.5,0
PRD-05,2019-12-01,3.6,0.5,0
PRD-05,2020-01-01,3.4,0.5,0
PRD-05,2020-02-01,3.6,0.5,0
PRD-05,2020-03-01,3.4,0.5,0
PRD-05,2020-04-01,3.6,0.5,0
PRD-05,2020-05-01,3.4,0.5,0
PRD-05,2020-06-01,3.6,0.5,0
PRD-05,2020-07-01,3.6,0.5,0
PRD-05,2020-08-01,1.7,0.3,0
PRD-05,2020-09-01,3.3,0.5,0
PRD-05,2020-10-01,3,0.5,0
PRD-05,2020-11-01,3.3,0.5,0
PRD-05,2020-12-01,3.3,0.5,0
PRD-05,2021-01-01,3.1,0.5,0
PRD-05,2021-02-01,2.8,0.4,0
PRD-05,2021-03-01,3.2,0.5,0
PRD-05,2021-04-01,3.2,0.5,0
PRD-05,2021-05-01,3,0.5,0
PRD-05,2021-06-01,3.3,0.5,0
PRD-05,2021-07-01,3.1,0.5,0
PRD-05,2021-08-01,2.9,0.4,0
PRD-05,2021-09-01,3.1,0.5,0
PRD-05,2021-10-01,3.1,2,0
PRD-05,2021-11-01,3.3,5.7,0
PRD-05,2021-12-01,2.7,9.5,0
PRD-05,2022-01-01,6.3,18.1,0
PRD-05,2022-02-01,11.5,26.7,0
PRD-05,2022-03-01,18.7,35.7,0
PRD-05,2022-04-01,27,44,0
PRD-05,2022-05-01,31,50,0
PRD-05,2022-06-01,39,59.3,0
PRD-05,2022-07-01,51.9,65.7,0
PRD-05,2022-08-01,57.6,73.9,0
PRD-05,2022-09-01,56.8,78,0
PRD-05,2022-10-01,81.3,88.9,0
PRD-05,2022-11-01,73.1,97.6,0
PRD-05,2022-12-01,72.5,92.9,0
PRD-05,2023-01-01,73.1,89.8,0
PRD-05,2023-02-01,75.2,119.8,0
PRD-05,2023-03-01,81.1,93.4,0
PRD-05,2023-04-01,102.5,123.2,0
PRD-05,2023-05-01,94.6,96.7,0
PRD-05,2023-06-01,94.4,106,0
PRD-05,2023-07-01,104.5,109.5,0
PRD-05,2023-08-01,110.9,124.8,0
PRD-05,2023-09-01,102.7,125,0
PRD-05,2023-10-01,121.5,118.4,0
PRD-05,2023-11-01,116.1,113.8,0
PRD-05,2023-12-01,108.3,123.1,0
PRD-05,2024-01-01,124.1,122.3,0
PRD-05,2024-02-01,108.5,131.9,0
PRD-05,2024-03-01,114.4,111.2,0
PRD-05,2024-04-01,131.3,118,0
PRD-05,2024-05-01,131.1,130.9,0
PRD-05,2024-06-01,101.2,150.5,0
PRD-05,2024-07-01,108.9,142.6,0
PRD-05,2024-08-01,90.9,140.6,0
PRD-05,2024-09-01,101.9,152.5,0
PRD-05,2024-10-01,89.4,125.3,0
PRD-05,2024-11-01,96.3,150.5,0
PRD-05,2024-12-01,100.2,135.6,0
PRD-05,2025-01-01,95.1,134.6,0
PRD-05,2025-02-01,102.8,161.4,0
PRD-05,2025-03-01,101,157.9,0
PRD-05,2025-04-01,114.1,152.5,0
PRD-05,2025-05-01,104.9,162.2,0
PRD-05,2025-06-01,96.2,156.5,0
PRD-05,2025-07-01,96.7,147.5,0
PRD-05,2025-08-01,80.3,157.6,0
PRD-05,2025-09-01,87.2,178,0
PRD-05,2025-10-01,75.5,177.1,0
PRD-05,2025-11-01,76.3,169.8,0
PRD-05,2025-12-01,67.6,166.5,0
PRD-05,2026-01-01,72.4,181,0
PRD-05,2026-02-01,74.9,197,0
PRD-05,2026-03-01,59.7,143.4,0
PRD-05,2026-04-01,68.4,172.4,0
PRD-05,2026-05-01,63.6,158.7,0
PRD-05,2026-06-01,73.6,188.1,0
PRD-05,2026-07-01,73.2,179.6,0
PRD-05,2026-08-01,72.2,202,0
PRD-06,2000-11-01,112.4,6.1,0
PRD-06,2000-12-01,109.4,6,0
PRD-06,2001-01-01,102.3,5.6,0
PRD-06,2001-02-01,109.7,6.1,0
PRD-06,2001-03-01,104.1,5.8,0
PRD-06,2001-04-01,116.1,6.5,0
PRD-06,2001-05-01,102.9,5.8,0
PRD-06,2001-06-01,93.1,5.3,0
PRD-06,2001-07-01,105.7,6.1,0
PRD-06,2001-08-01,104.4,6,0
PRD-06,2001-09-01,96.9,5.6,0
PRD-06,2001-10-01,90.4,5.3,0
PRD-06,2001-11-01,97.2,5.8,0
PRD-06,2001-12-01,92.6,5.5,0
PRD-06,2002-01-01,107.3,6.4,0
PRD-06,2002-02-01,89.4,5.4,0
PRD-06,2002-03-01,102.2,6.2,0
PRD-06,2002-04-01,90.6,5.5,0
PRD-06,2002-05-01,85.9,5.3,0
PRD-06,2002-06-01,88.3,5.5,0
PRD-06,2002-07-01,77.4,4.8,0
PRD-06,2002-08-01,79.3,5,0
PRD-06,2002-09-01,76.1,4.8,0
PRD-06,2002-10-01,90.1,5.7,0
PRD-06,2002-11-01,86.4,5.5,0
PRD-06,2002-12-01,72.5,4.7,0
PRD-06,2003-01-01,78.1,5.1,0
PRD-06,2003-02-01,85.5,5.6,0
PRD-06,2003-03-01,86.2,5.7,0
PRD-06,2003-04-01,74.9,5,0
PRD-06,2003-05-01,84.1,5.6,0
PRD-06,2003-06-01,75.6,5.1,0
PRD-06,2003-07-01,82.6,5.6,0
PRD-06,2003-08-01,75.6,5.1,0
PRD-06,2003-09-01,81.4,5.6,0
PRD-06,2003-10-01,77,5.3,0
PRD-06,2003-11-01,76.2,5.3,0
PRD-06,2003-12-01,68.5,4.8,0
PRD-06,2004-01-01,75.2,5.3,0
PRD-06,2004-02-01,72.2,5.1,0
PRD-06,2004-03-01,65.6,4.6,0
PRD-06,2004-04-01,63.5,4.5,0
PRD-06,2004-05-01,67.4,4.8,0
PRD-06,2004-06-01,66.8,4.8,0
PRD-06,2004-07-01,74.2,5.4,0
PRD-06,2004-08-01,71,5.2,0
PRD-06,2004-09-01,72.2,5.3,0
PRD-06,2004-10-01,69.2,5.1,0
PRD-06,2004-11-01,71.7,5.3,0
PRD-06,2004-12-01,65.7,4.9,0
PRD-06,2005-01-01,64.3,4.8,0
PRD-06,2005-02-01,62.1,4.7,0
PRD-06,2005-03-01,61.4,4.7,0
PRD-06,2005-04-01,66,5,0
PRD-06,2005-05-01,32.6,2.5,0
PRD-06,2005-06-01,57.4,4.4,0
PRD-06,2005-07-01,58.3,4.5,0
PRD-06,2005-08-01,65.8,5.1,0
PRD-06,2005-09-01,58.5,4.6,0
PRD-06,2005-10-01,59.1,4.7,0
PRD-06,2005-11-01,59.9,4.7,0
PRD-06,2005-12-01,51.6,4.1,0
PRD-06,2006-01-01,57.2,4.6,0
PRD-06,2006-02-01,50.1,4,0
PRD-06,2006-03-01,56.4,4.6,0
PRD-06,2006-04-01,56,4.5,0
PRD-06,2006-05-01,55.2,4.5,0
PRD-06,2006-06-01,57.9,4.8,0
PRD-06,2006-07-01,54.9,4.5,0
PRD-06,2006-08-01,49.7,4.1,0
PRD-06,2006-09-01,58.8,4.9,0
PRD-06,2006-10-01,50.6,4.2,0
PRD-06,2006-11-01,50.2,4.2,0
PRD-06,2006-12-01,45.8,3.9,0
PRD-06,2007-01-01,50.9,4.3,0
PRD-06,2007-02-01,53.9,4.6,0
PRD-06,2007-03-01,50,4.3,0
PRD-06,2007-04-01,49,7.7,0
PRD-06,2007-05-01,50.9,22.7,0
PRD-06,2007-06-01,78,60.5,0
PRD-06,2007-07-01,122.2,99.2,0
PRD-06,2007-08-01,190.3,145.7,0
PRD-06,2007-09-01,266.3,210.2,0
PRD-06,2007-10-01,319.4,247.1,0
PRD-06,2007-11-01,333.1,286.5,0
PRD-06,2007-12-01,364,266.2,0
PRD-06,2008-01-01,437.2,282.9,0
PRD-06,2008-02-01,489.8,344.7,0
PRD-06,2008-03-01,429.4,276.4,0
PRD-06,2008-04-01,532.4,226.2,0
PRD-06,2008-05-01,489.1,271.3,0
PRD-06,2008-06-01,521.4,279.7,0
PRD-06,2008-07-01,505.3,213.7,0
PRD-06,2008-08-01,585.9,176.7,0
PRD-06,2008-09-01,443.3,296.4,0
PRD-06,2008-10-01,456.4,333.6,0
PRD-06,2008-11-01,467.1,310.7,0
PRD-06,2008-12-01,465,314,0
PRD-06,2009-01-01,459.2,334.8,0
PRD-06,2009-02-01,462.9,429.5,0
PRD-06,2009-03-01,414.4,265.7,0
PRD-06,2009-04-01,442.8,380,0
PRD-06,2009-05-01,343.2,443.4,0
PRD-06,2009-06-01,326.4,411.3,0
PRD-06,2009-07-01,322,390.5,0
PRD-06,2009-08-01,320.3,442.2,0
PRD-06,2009-09-01,313.8,452.3,0
PRD-06,2009-10-01,331.9,460.5,0
PRD-06,2009-11-01,296,516.2,0
PRD-06,2009-12-01,290.6,524.7,0
PRD-06,2010-01-01,303.5,498.9,0
PRD-06,2010-02-01,276.5,599,0
PRD-06,2010-03-01,266.1,494.5,0
PRD-06,2010-04-01,263.7,565.3,0
PRD-06,2010-05-01,262,537.7,0
PRD-06,2010-06-01,246.3,612.7,0
PRD-06,2010-07-01,215.1,548.1,0
PRD-06,2010-08-01,217.3,593.7,0
PRD-06,2010-09-01,224.9,636.4,0
PRD-06,2010-10-01,213.1,604.2,0
PRD-06,2010-11-01,177.3,526.7,0
PRD-06,2010-12-01,182.2,531.2,0
PRD-06,2011-01-01,191,530.9,0
PRD-06,2011-02-01,188.5,621.7,0
PRD-06,2011-03-01,190.2,583.7,0
PRD-06,2011-04-01,186.9,616.2,0
PRD-06,2011-05-01,222.9,655.5,0
PRD-06,2011-06-01,183.1,673.8,0
PRD-06,2011-07-01,177.4,654.1,0
PRD-06,2011-08-01,226.7,688.6,0
PRD-06,2011-09-01,251.4,810,0
PRD-06,2011-10-01,289.4,820.2,0
PRD-06,2011-11-01,310.5,834.1,0
PRD-06,2011-12-01,301.8,785.6,0
PRD-06,2012-01-01,356.3,898.5,0
PRD-06,2012-02-01,393.8,941.1,0
PRD-06,2012-03-01,400.9,883.2,0
PRD-06,2012-04-01,460.9,1031.6,0
PRD-06,2012-05-01,419.8,849.1,0
PRD-06,2012-06-01,390,803.4,0
PRD-06,2012-07-01,419.4,885.9,0
PRD-06,2012-08-01,406.9,840.9,0
PRD-06,2012-09-01,463.8,932.3,0
PRD-06,2012-10-01,408,874.7,0
PRD-06,2012-11-01,490.9,950.7,0
PRD-06,2012-12-01,424,889.3,0
PRD-06,2013-01-01,368.8,977.6,0
PRD-06,2013-02-01,386.8,1117.8,0
PRD-06,2013-03-01,370.3,920.8,0
PRD-06,2013-04-01,379.7,1006.2,0
PRD-06,2013-05-01,423.6,1073.2,0
PRD-06,2013-06-01,313,1035.5,0
PRD-06,2013-07-01,312.6,986.1,0
PRD-06,2013-08-01,284.1,1017.8,0
PRD-06,2013-09-01,296.8,1112.3,0
PRD-06,2013-10-01,273.9,1025.1,0
PRD-06,2013-11-01,296.1,1193.8,0
PRD-06,2013-12-01,268.2,988.4,0
PRD-06,2014-01-01,314.1,1209.6,0
PRD-06,2014-02-01,240.1,1117.2,0
PRD-06,2014-03-01,243,1049.1,0
PRD-06,2014-04-01,245.1,1155.7,0
PRD-06,2014-05-01,219.3,1029.7,0
PRD-06,2014-06-01,214.5,1092.6,0
PRD-06,2014-07-01,209.8,1074.4,0
PRD-06,2014-08-01,213.2,1034.9,0
PRD-06,2014-09-01,191.3,1075.5,0
PRD-06,2014-10-01,205.4,1159.7,0
PRD-06,2014-11-01,211.2,1238.4,0
PRD-06,2014-12-01,199.3,1090.3,0
PRD-06,2015-01-01,184.8,1160.7,0
PRD-06,2015-02-01,191.2,1270.7,0
PRD-06,2015-03-01,168.1,1080.3,0
PRD-06,2015-04-01,181.9,1219.5,0
PRD-06,2015-05-01,164.7,1120.9,0
PRD-06,2015-06-01,147,1055.2,0
PRD-06,2015-07-01,164.7,1101.5,0
PRD-06,2015-08-01,166.7,1185.4,0
PRD-06,2015-09-01,179.2,1206.8,0
PRD-06,2015-10-01,148.6,1087.3,0
PRD-06,2015-11-01,170.2,1223.3,0
PRD-06,2015-12-01,162.6,1264.1,0
PRD-06,2016-01-01,146.5,1173.1,0
PRD-06,2016-02-01,146.6,1329.9,0
PRD-06,2016-03-01,149.3,1133.6,0
PRD-06,2016-04-01,142.8,1233.2,0
PRD-06,2016-05-01,137.4,1158.2,0
PRD-06,2016-06-01,144.4,1283.7,0
PRD-06,2016-07-01,146.5,1238.9,0
PRD-06,2016-08-01,144.7,1295.2,0
PRD-06,2016-09-01,126.4,1197.6,0
PRD-06,2016-10-01,124.9,1153.2,0
PRD-06,2016-11-01,148.7,1338,0
PRD-06,2016-12-01,134.9,1281.9,0
PRD-06,2017-01-01,124.8,1182.2,0
PRD-06,2017-02-01,131.3,1417.8,0
PRD-06,2017-03-01,116.2,1188.1,0
PRD-06,2017-04-01,126.5,1189.3,0
PRD-06,2017-05-01,136.9,1311.2,0
PRD-06,2017-06-01,131.3,1352,0
PRD-06,2017-07-01,126.3,1259.5,0
PRD-06,2017-08-01,112.1,1221.4,0
PRD-06,2017-09-01,122.8,1337.3,0
PRD-06,2017-10-01,107.8,1184.1,0
PRD-06,2017-11-01,112,1205,0
PRD-06,2017-12-01,105.8,1144,0
PRD-06,2018-01-01,107.6,1242.1,0
PRD-06,2018-02-01,107,1420,0
PRD-06,2018-03-01,103.2,1300.5,0
PRD-06,2018-04-01,93,1163.1,0
PRD-06,2018-05-01,109.3,1242.7,0
PRD-06,2018-06-01,103.4,1287.7,0
PRD-06,2018-07-01,95,1134.2,0
PRD-06,2018-08-01,88.6,1145.1,0
PRD-06,2018-09-01,106.7,1405.9,0
PRD-06,2018-10-01,106.7,1354.5,0
PRD-06,2018-11-01,99.5,1414,0
PRD-06,2018-12-01,97.5,1397.5,0
PRD-06,2019-01-01,90.1,1264.5,0
PRD-06,2019-02-01,87.8,1336,0
PRD-06,2019-03-01,89,1246.6,0
PRD-06,2019-04-01,86.9,1233.9,0
PRD-06,2019-05-01,88.3,1206,0
PRD-06,2019-06-01,90.9,1336.5,0
PRD-06,2019-07-01,81,1140.7,0
PRD-06,2019-08-01,87,1342.5,0
PRD-06,2019-09-01,82.7,1244.5,0
PRD-06,2019-10-01,86.4,1378.4,0
PRD-06,2019-11-01,92.1,1454.3,0
PRD-06,2019-12-01,77.5,1261.8,0
PRD-06,2020-01-01,87.3,1328.8,0
PRD-06,2020-02-01,78.1,1288.5,0
PRD-06,2020-03-01,79,1214.7,0
PRD-06,2020-04-01,76.9,1244,0
PRD-06,2020-05-01,88.2,1354.7,0
PRD-06,2020-06-01,95.4,1507.5,0
PRD-06,2020-07-01,72.6,1186.3,0
PRD-06,2020-08-01,73,1182.9,0
PRD-06,2020-09-01,77.7,1322.5,0
PRD-06,2020-10-01,71.2,1189.6,0
PRD-06,2020-11-01,33,577.9,0
PRD-06,2020-12-01,74.8,1208.3,0
PRD-06,2021-01-01,70.6,1203,0
PRD-06,2021-02-01,64.9,1230.9,0
PRD-06,2021-03-01,74.9,1250.6,0
PRD-06,2021-04-01,73.1,1244.4,0
PRD-06,2021-05-01,77.6,1306.2,0
PRD-06,2021-06-01,79.8,1369.4,0
PRD-06,2021-07-01,65.1,1227.3,0
PRD-06,2021-08-01,73.8,1302.6,0
PRD-06,2021-09-01,80.7,1472.7,0
PRD-06,2021-10-01,69,1302.2,0
PRD-06,2021-11-01,60.2,1271.3,0
PRD-06,2021-12-01,75.5,1440.5,0
PRD-06,2022-01-01,67.6,1351.4,0
PRD-06,2022-02-01,68,1403.7,0
PRD-06,2022-03-01,68.9,1329.4,0
PRD-06,2022-04-01,33.1,615.2,0
PRD-06,2022-05-01,65.5,1237.2,0
PRD-06,2022-06-01,63.3,1214.2,0
PRD-06,2022-07-01,63.7,1255.1,0
PRD-06,2022-08-01,70,1373.7,0
PRD-06,2022-09-01,58.8,1334.5,0
PRD-06,2022-10-01,56.8,1235,0
PRD-06,2022-11-01,59.4,1330.7,0
PRD-06,2022-12-01,65.7,1372,0
PRD-06,2023-01-01,57,1274.8,0
PRD-06,2023-02-01,58.8,1355.2,0
PRD-06,2023-03-01,59.9,1305.4,0
PRD-06,2023-04-01,59.2,1364.4,0
PRD-06,2023-05-01,60.4,1427.5,0
PRD-06,2023-06-01,27.5,645.5,0
PRD-06,2023-07-01,58.7,1286.3,0
PRD-06,2023-08-01,59.3,1374.4,0
PRD-06,2023-09-01,58.8,1397.8,0
PRD-06,2023-10-01,53.1,1317.9,0
PRD-06,2023-11-01,55.2,1416.9,0
PRD-06,2023-12-01,54.1,1371.4,0
PRD-06,2024-01-01,50.3,1253.2,0
PRD-06,2024-02-01,45.9,1239.4,0
PRD-06,2024-03-01,61,1418.4,0
PRD-06,2024-04-01,51.9,1296.5,0
PRD-06,2024-05-01,45.7,1151.3,0
PRD-06,2024-06-01,50.8,1303.7,0
PRD-06,2024-07-01,51.1,1254.2,0
PRD-06,2024-08-01,53,1354,0
PRD-06,2024-09-01,50.5,1383.1,0
PRD-06,2024-10-01,56.9,1504.5,0
PRD-06,2024-11-01,46.2,1236.7,0
PRD-06,2024-12-01,47.7,1303.8,0
PRD-06,2025-01-01,51.2,1398.2,0
PRD-06,2025-02-01,47.2,1443.2,0
PRD-06,2025-03-01,45,1309.9,0
PRD-06,2025-04-01,40.6,1219.8,0
PRD-06,2025-05-01,54.3,1366.5,0
PRD-06,2025-06-01,46.7,1285.5,0
PRD-06,2025-07-01,43.8,1297.8,0
PRD-06,2025-08-01,43.6,1228.4,0
PRD-06,2025-09-01,47.4,1429.3,0
PRD-06,2025-10-01,44.6,1314.5,0
PRD-06,2025-11-01,44.5,1347.3,0
PRD-06,2025-12-01,44.5,1297.8,0
PRD-06,2026-01-01,41.4,1249.3,0
PRD-06,2026-02-01,48.2,1515.1,0
PRD-06,2026-03-01,46.8,1393.1,0
PRD-06,2026-04-01,35.6,1207.3,0
PRD-06,2026-05-01,46.6,1378.3,0
PRD-06,2026-06-01,46.9,1474.1,0
PRD-06,2026-07-01,39.6,1275.8,0
PRD-06,2026-08-01,46.6,1420,0
PRD-07,2001-12-01,179.6,11,0
PRD-07,2002-01-01,177.5,11,0
PRD-07,2002-02-01,188.4,11.7,0
PRD-07,2002-03-01,187.6,11.7,0
PRD-07,2002-04-01,163.5,10.3,0
PRD-07,2002-05-01,184.7,11.7,0
PRD-07,2002-06-01,176.4,11.3,0
PRD-07,2002-07-01,170.8,11,0
PRD-07,2002-08-01,83.2,5.4,0
PRD-07,2002-09-01,173.2,11.3,0
PRD-07,2002-10-01,158.1,10.4,0
PRD-07,2002-11-01,173.3,11.4,0
PRD-07,2002-12-01,162.4,10.8,0
PRD-07,2003-01-01,164.1,11,0
PRD-07,2003-02-01,173.4,11.7,0
PRD-07,2003-03-01,161.6,10.9,0
PRD-07,2003-04-01,151.9,10.4,0
PRD-07,2003-05-01,143.4,9.8,0
PRD-07,2003-06-01,134.9,9.3,0
PRD-07,2003-07-01,138.4,9.6,0
PRD-07,2003-08-01,154.4,10.8,0
PRD-07,2003-09-01,149.2,10.5,0
PRD-07,2003-10-01,143.9,10.2,0
PRD-07,2003-11-01,131.9,9.4,0
PRD-07,2003-12-01,143.3,10.3,0
PRD-07,2004-01-01,133.5,9.6,0
PRD-07,2004-02-01,149.7,10.8,0
PRD-07,2004-03-01,159.2,11.6,0
PRD-07,2004-04-01,139.2,10.2,0
PRD-07,2004-05-01,125,9.2,0
PRD-07,2004-06-01,143.8,10.7,0
PRD-07,2004-07-01,148.9,11.1,0
PRD-07,2004-08-01,137.5,10.3,0
PRD-07,2004-09-01,141.2,10.7,0
PRD-07,2004-10-01,135.8,10.3,0
PRD-07,2004-11-01,117.7,9,0
PRD-07,2004-12-01,129.9,10,0
PRD-07,2005-01-01,127.5,9.8,0
PRD-07,2005-02-01,119.5,9.3,0
PRD-07,2005-03-01,123.5,9.6,0
PRD-07,2005-04-01,117.5,9.2,0
PRD-07,2005-05-01,112.6,8.9,0
PRD-07,2005-06-01,115.2,9.1,0
PRD-07,2005-07-01,118.7,9.5,0
PRD-07,2005-08-01,128.4,10.3,0
PRD-07,2005-09-01,130.2,10.5,0
PRD-07,2005-10-01,120.7,9.8,0
PRD-07,2005-11-01,126.9,10.3,0
PRD-07,2005-12-01,119.5,9.8,0
PRD-07,2006-01-01,117.2,9.6,0
PRD-07,2006-02-01,101.6,8.4,0
PRD-07,2006-03-01,111.9,9.3,0
PRD-07,2006-04-01,108.7,9.1,0
PRD-07,2006-05-01,104.2,8.8,0
PRD-07,2006-06-01,107.4,9.1,0
PRD-07,2006-07-01,99.3,8.4,0
PRD-07,2006-08-01,105.9,9,0
PRD-07,2006-09-01,102.2,8.8,0
PRD-07,2006-10-01,109.4,9.4,0
PRD-07,2006-11-01,110.7,9.6,0
PRD-07,2006-12-01,107.3,9.3,0
PRD-07,2007-01-01,99,8.7,0
PRD-07,2007-02-01,96.2,8.5,0
PRD-07,2007-03-01,94.2,8.3,0
PRD-07,2007-04-01,88.8,14.9,0
PRD-07,2007-05-01,119.6,48.5,0
PRD-07,2007-06-01,188.1,107.2,0
PRD-07,2007-07-01,293.9,199,0
PRD-07,2007-08-01,413,290.7,0
PRD-07,2007-09-01,531.6,440.8,0
PRD-07,2007-10-01,647.2,536.9,0
PRD-07,2007-11-01,681.4,611.3,0
PRD-07,2007-12-01,710.7,549.1,0
PRD-07,2008-01-01,771.7,540.7,0
PRD-07,2008-02-01,786.5,623.6,0
PRD-07,2008-03-01,878.8,622.6,0
PRD-07,2008-04-01,827.9,598.9,0
PRD-07,2008-05-01,723.7,573.2,0
PRD-07,2008-06-01,432.6,382.3,0
PRD-07,2008-07-01,766.8,617.9,0
PRD-07,2008-08-01,955.3,597.3,0
PRD-07,2008-09-01,686.8,672.6,0
PRD-07,2008-10-01,805.7,850.5,0
PRD-07,2008-11-01,826.9,798.5,0
PRD-07,2008-12-01,921.6,850.3,0
PRD-07,2009-01-01,787.6,857,0
PRD-07,2009-02-01,767.2,983.3,0
PRD-07,2009-03-01,814,814.6,0
PRD-07,2009-04-01,800,959.1,0
PRD-07,2009-05-01,714.8,954.4,0
PRD-07,2009-06-01,632,872.5,0
PRD-07,2009-07-01,638.9,897.9,0
PRD-07,2009-08-01,694.1,965.2,0
PRD-07,2009-09-01,597.3,1017.7,0
PRD-07,2009-10-01,587.1,958.4,0
PRD-07,2009-11-01,614.2,1106.7,0
PRD-07,2009-12-01,473,874.3,0
PRD-07,2010-01-01,621.3,1042.5,0
PRD-07,2010-02-01,515,1249.3,0
PRD-07,2010-03-01,514.4,1060.3,0
PRD-07,2010-04-01,428.9,1021.6,0
PRD-07,2010-05-01,457,1064.4,0
PRD-07,2010-06-01,468.4,1269.3,0
PRD-07,2010-07-01,469.8,1251.7,0
PRD-07,2010-08-01,407.4,1145.7,0
PRD-07,2010-09-01,367.4,1094.6,0
PRD-07,2010-10-01,217,648.9,0
PRD-07,2010-11-01,378.3,1213.8,0
PRD-07,2010-12-01,355.6,1102.4,0
PRD-07,2011-01-01,368.9,1216,0
PRD-07,2011-02-01,326.2,1245.4,0
PRD-07,2011-03-01,350.7,1215.5,0
PRD-07,2011-04-01,344.7,1307.9,0
PRD-07,2011-05-01,390.2,1431.4,0
PRD-07,2011-06-01,180.9,715.8,0
PRD-07,2011-07-01,345.3,1393.7,0
PRD-07,2011-08-01,435.8,1649.9,0
PRD-07,2011-09-01,429.6,1710.7,0
PRD-07,2011-10-01,269.2,928.1,0
PRD-07,2011-11-01,482.7,1731.9,0
PRD-07,2011-12-01,532.2,1806.9,0
PRD-07,2012-01-01,540.2,1874.7,0
PRD-07,2012-02-01,634.2,2161.2,0
PRD-07,2012-03-01,589.1,1887.9,0
PRD-07,2012-04-01,612.8,2087.8,0
PRD-07,2012-05-01,677.8,2245.1,0
PRD-07,2012-06-01,620.2,2161.7,0
PRD-07,2012-07-01,615.9,2113.8,0
PRD-07,2012-08-01,594.8,2047.4,0
PRD-07,2012-09-01,324.3,1082.4,0
PRD-07,2012-10-01,601.5,2081.1,0
PRD-07,2012-11-01,655.8,2168.1,0
PRD-07,2012-12-01,620.8,2163,0
PRD-07,2013-01-01,611.4,2411.1,0
PRD-07,2013-02-01,586.1,2567.6,0
PRD-07,2013-03-01,579.5,2197.6,0
PRD-07,2013-04-01,594.6,2423.7,0
PRD-07,2013-05-01,565.5,2218,0
PRD-07,2013-06-01,522.9,2454.9,0
PRD-07,2013-07-01,531,2398.6,0
PRD-07,2013-08-01,503.7,2447,0
PRD-07,2013-09-01,513,2570.4,0
PRD-07,2013-10-01,471.3,2346.1,0
PRD-07,2013-11-01,493.3,2625.3,0
PRD-07,2013-12-01,481.6,2323.2,0
PRD-07,2014-01-01,489.3,2433.1,0
PRD-07,2014-02-01,431.8,2569.6,0
PRD-07,2014-03-01,384,2170.4,0
PRD-07,2014-04-01,396.6,2436.9,0
PRD-07,2014-05-01,394.2,2400.3,0
PRD-07,2014-06-01,366.5,2346.2,0
PRD-07,2014-07-01,375.2,2381.6,0
PRD-07,2014-08-01,364.8,2220.4,0
PRD-07,2014-09-01,349.9,2297.4,0
PRD-07,2014-10-01,329.8,2414.1,0
PRD-07,2014-11-01,319.3,2423.2,0
PRD-07,2014-12-01,343.9,2522.8,0
PRD-07,2015-01-01,301.3,2443.1,0
PRD-07,2015-02-01,326.5,2855.1,0
PRD-07,2015-03-01,315.6,2590.8,0
PRD-07,2015-04-01,296.1,2490.2,0
PRD-07,2015-05-01,263.7,2277.6,0
PRD-07,2015-06-01,241.4,2220.8,0
PRD-07,2015-07-01,314,2768.5,0
PRD-07,2015-08-01,267.8,2425.1,0
PRD-07,2015-09-01,276.8,2571,0
PRD-07,2015-10-01,282.5,2696,0
PRD-07,2015-11-01,288.1,2785.8,0
PRD-07,2015-12-01,249.1,2554.3,0
PRD-07,2016-01-01,225.4,2341.7,0
PRD-07,2016-02-01,244.3,2764.7,0
PRD-07,2016-03-01,256.9,2554.7,0
PRD-07,2016-04-01,248.4,2690.6,0
PRD-07,2016-05-01,231.6,2492.1,0
PRD-07,2016-06-01,232.3,2576.4,0
PRD-07,2016-07-01,219,2357.5,0
PRD-07,2016-08-01,214.9,2501.5,0
PRD-07,2016-09-01,202.7,2483.7,0
PRD-07,2016-10-01,233.5,2787,0
PRD-07,2016-11-01,223.8,2656.7,0
PRD-07,2016-12-01,217.6,2628.3,0
PRD-07,2017-01-01,216.1,2611.5,0
PRD-07,2017-02-01,202.2,2748.3,0
PRD-07,2017-03-01,206.3,2634,0
PRD-07,2017-04-01,224.5,2739,0
PRD-07,2017-05-01,243.6,3023,0
PRD-07,2017-06-01,223.1,2914.8,0
PRD-07,2017-07-01,194,2438.6,0
PRD-07,2017-08-01,203.8,2803.3,0
PRD-07,2017-09-01,221.3,3062.8,0
PRD-07,2017-10-01,213.5,3004.1,0
PRD-07,2017-11-01,191.4,2671.5,0
PRD-07,2017-12-01,170.1,2447.1,0
PRD-07,2018-01-01,180.5,2537.9,0
PRD-07,2018-02-01,179.4,2906.1,0
PRD-07,2018-03-01,155.7,2383.8,0
PRD-07,2018-04-01,172.5,2696.3,0
PRD-07,2018-05-01,191.8,2785.8,0
PRD-07,2018-06-01,178.2,2743.1,0
PRD-07,2018-07-01,175.9,2649.1,0
PRD-07,2018-08-01,160.9,2545.5,0
PRD-07,2018-09-01,185.4,3095.6,0
PRD-07,2018-10-01,167.9,2710.3,0
PRD-07,2018-11-01,165,2853.7,0
PRD-07,2018-12-01,162.5,2793.5,0
PRD-07,2019-01-01,163,2824.5,0
PRD-07,2019-02-01,165.9,3057.6,0
PRD-07,2019-03-01,155,2630,0
PRD-07,2019-04-01,78.2,1361.6,0
PRD-07,2019-05-01,145.5,2444,0
PRD-07,2019-06-01,167.2,2978.1,0
PRD-07,2019-07-01,167.9,2894.4,0
PRD-07,2019-08-01,145.4,2703.3,0
PRD-07,2019-09-01,152.9,2753,0
PRD-07,2019-10-01,135.5,2588.9,0
PRD-07,2019-11-01,157,3036.9,0
PRD-07,2019-12-01,156,2969,0
PRD-07,2020-01-01,162.7,3021.1,0
PRD-07,2020-02-01,133.7,2746.9,0
PRD-07,2020-03-01,145.1,2715.6,0
PRD-07,2020-04-01,126.6,2540.1,0
PRD-07,2020-05-01,142.7,2684.3,0
PRD-07,2020-06-01,139.9,2733.1,0
PRD-07,2020-07-01,132.5,2581.5,0
PRD-07,2020-08-01,160.2,3118.3,0
PRD-07,2020-09-01,144.9,2959.3,0
PRD-07,2020-10-01,134.7,2720.4,0
PRD-07,2020-11-01,135.3,2814.4,0
PRD-07,2020-12-01,123.9,2491.9,0
PRD-07,2021-01-01,136.9,2761.7,0
PRD-07,2021-02-01,125.1,2851.9,0
PRD-07,2021-03-01,128.1,2563.7,0
PRD-07,2021-04-01,133.4,2709.5,0
PRD-07,2021-05-01,153,3032.2,0
PRD-07,2021-06-01,138.7,2865.4,0
PRD-07,2021-07-01,118.3,2539,0
PRD-07,2021-08-01,137,2854.5,0
PRD-07,2021-09-01,137.5,3005.7,0
PRD-07,2021-10-01,119.8,2676.5,0
PRD-07,2021-11-01,106.7,2629.9,0
PRD-07,2021-12-01,123.8,2835.9,0
PRD-07,2022-01-01,110.9,2708.9,0
PRD-07,2022-02-01,107.6,2747.5,0
PRD-07,2022-03-01,108.5,2656.9,0
PRD-07,2022-04-01,115.9,2760.1,0
PRD-07,2022-05-01,111.6,2644.7,0
PRD-07,2022-06-01,111.2,2707.7,0
PRD-07,2022-07-01,113.2,2758.2,0
PRD-07,2022-08-01,111.2,2761.1,0
PRD-07,2022-09-01,93.3,2534,0
PRD-07,2022-10-01,87.3,2313.6,0
PRD-07,2022-11-01,102.3,2765.2,0
PRD-07,2022-12-01,107.4,2731.3,0
PRD-07,2023-01-01,102.4,2716.1,0
PRD-07,2023-02-01,100.2,2899.7,0
PRD-07,2023-03-01,93.7,2472.6,0
PRD-07,2023-04-01,95,2676.7,0
PRD-07,2023-05-01,90.5,2561.9,0
PRD-07,2023-06-01,88.2,2543.8,0
PRD-07,2023-07-01,105.9,2877.5,0
PRD-07,2023-08-01,101.8,2858.4,0
PRD-07,2023-09-01,91.5,2627.4,0
PRD-07,2023-10-01,97,2834.1,0
PRD-07,2023-11-01,96.1,2907.8,0
PRD-07,2023-12-01,90,2699.5,0
PRD-07,2024-01-01,99.4,2976.4,0
PRD-07,2024-02-01,81.3,2647.9,0
PRD-07,2024-03-01,95.8,2829.9,0
PRD-07,2024-04-01,90.3,2763.5,0
PRD-07,2024-05-01,84.6,2556.7,0
PRD-07,2024-06-01,93.2,2909.5,0
PRD-07,2024-07-01,87.1,2669,0
PRD-07,2024-08-01,93,2887.3,0
PRD-07,2024-09-01,89.9,3020.7,0
PRD-07,2024-10-01,87.3,2736.7,0
PRD-07,2024-11-01,82.7,2723.3,0
PRD-07,2024-12-01,79.7,2621.7,0
PRD-07,2025-01-01,79.9,2676.7,0
PRD-07,2025-02-01,86,3151.2,0
PRD-07,2025-03-01,79.5,2743,0
PRD-07,2025-04-01,81.1,2894.4,0
PRD-07,2025-05-01,92.5,2936.8,0
PRD-07,2025-06-01,83.6,2855.6,0
PRD-07,2025-07-01,74,2621.4,0
PRD-07,2025-08-01,79.3,2712.5,0
PRD-07,2025-09-01,87.7,3129.5,0
PRD-07,2025-10-01,81,2880,0
PRD-07,2025-11-01,83.7,2992,0
PRD-07,2025-12-01,82.9,2904.2,0
PRD-07,2026-01-01,76.7,2821.7,0
PRD-07,2026-02-01,79.3,3099.9,0
PRD-07,2026-03-01,76.2,2760.2,0
PRD-07,2026-04-01,69.5,2777.1,0
PRD-07,2026-05-01,82.1,2979.6,0
PRD-07,2026-06-01,74.6,2807.6,0
PRD-07,2026-07-01,75.2,2922.4,0
PRD-07,2026-08-01,80.5,2958.6,0
PRD-08,2001-05-01,200,11.7,0
PRD-08,2001-06-01,184.1,10.8,0
PRD-08,2001-07-01,191.2,11.3,0
PRD-08,2001-08-01,192.6,11.5,0
PRD-08,2001-09-01,183.3,11,0
PRD-08,2001-10-01,175.9,10.6,0
PRD-08,2001-11-01,183.5,11.2,0
PRD-08,2001-12-01,182.6,11.2,0
PRD-08,2002-01-01,196.8,12.2,0
PRD-08,2002-02-01,167.6,10.4,0
PRD-08,2002-03-01,168.7,10.6,0
PRD-08,2002-04-01,150,9.5,0
PRD-08,2002-05-01,173.4,11,0
PRD-08,2002-06-01,149.1,9.5,0
PRD-08,2002-07-01,161.1,10.4,0
PRD-08,2002-08-01,87.2,5.6,0
PRD-08,2002-09-01,155.3,10.1,0
PRD-08,2002-10-01,143.5,9.4,0
PRD-08,2002-11-01,143,9.4,0
PRD-08,2002-12-01,157.2,10.5,0
PRD-08,2003-01-01,157,10.5,0
PRD-08,2003-02-01,161.4,10.9,0
PRD-08,2003-03-01,160,10.8,0
PRD-08,2003-04-01,149.2,10.2,0
PRD-08,2003-05-01,157.3,10.8,0
PRD-08,2003-06-01,131.9,9.1,0
PRD-08,2003-07-01,140.9,9.8,0
PRD-08,2003-08-01,144.7,10.1,0
PRD-08,2003-09-01,136.2,9.6,0
PRD-08,2003-10-01,130.2,9.2,0
PRD-08,2003-11-01,171,12.2,0
PRD-08,2003-12-01,145,10.4,0
PRD-08,2004-01-01,147.8,10.7,0
PRD-08,2004-02-01,126.6,9.2,0
PRD-08,2004-03-01,136.4,10,0
PRD-08,2004-04-01,126.7,9.3,0
PRD-08,2004-05-01,129,9.5,0
PRD-08,2004-06-01,132.4,9.8,0
PRD-08,2004-07-01,134.1,10,0
PRD-08,2004-08-01,125.8,9.5,0
PRD-08,2004-09-01,115.9,8.8,0
PRD-08,2004-10-01,127.9,9.7,0
PRD-08,2004-11-01,114.7,8.8,0
PRD-08,2004-12-01,123.2,9.5,0
PRD-08,2005-01-01,124.7,9.6,0
PRD-08,2005-02-01,112.3,8.7,0
PRD-08,2005-03-01,130.3,10.2,0
PRD-08,2005-04-01,124.4,9.8,0
PRD-08,2005-05-01,114.1,9,0
PRD-08,2005-06-01,113.3,9,0
PRD-08,2005-07-01,115.6,9.2,0
PRD-08,2005-08-01,125.6,10.1,0
PRD-08,2005-09-01,116.7,9.4,0
PRD-08,2005-10-01,117,9.5,0
PRD-08,2005-11-01,123,10,0
PRD-08,2005-12-01,101,8.3,0
PRD-08,2006-01-01,122.5,10.1,0
PRD-08,2006-02-01,94.4,7.8,0
PRD-08,2006-03-01,97.7,8.1,0
PRD-08,2006-04-01,118.9,9.9,0
PRD-08,2006-05-01,104.5,8.8,0
PRD-08,2006-06-01,109.2,9.2,0
PRD-08,2006-07-01,98.7,8.4,0
PRD-08,2006-08-01,105.8,9,0
PRD-08,2006-09-01,99.2,8.5,0
PRD-08,2006-10-01,99.4,8.6,0
PRD-08,2006-11-01,94.9,8.2,0
PRD-08,2006-12-01,108.1,9.4,0
PRD-08,2007-01-01,86.7,7.6,0
PRD-08,2007-02-01,101.7,8.9,0
PRD-08,2007-03-01,81.8,7.2,0
PRD-08,2007-04-01,91.4,12.2,0
PRD-08,2007-05-01,119.9,30.9,0
PRD-08,2007-06-01,160.9,57.3,0
PRD-08,2007-07-01,223.1,107.1,0
PRD-08,2007-08-01,257.9,145.7,0
PRD-08,2007-09-01,275.7,208.5,0
PRD-08,2007-10-01,367.7,289.2,0
PRD-08,2007-11-01,376.3,314.9,0
PRD-08,2007-12-01,441.8,327.1,0
PRD-08,2008-01-01,409.1,284.5,0
PRD-08,2008-02-01,432.8,354.5,0
PRD-08,2008-03-01,442,316.8,0
PRD-08,2008-04-01,399.6,437.3,0
PRD-08,2008-05-01,361.5,368.8,0
PRD-08,2008-06-01,356.2,463,0
PRD-08,2008-07-01,356.3,475.8,0
PRD-08,2008-08-01,398.9,425.3,0
PRD-08,2008-09-01,373.6,485.9,0
PRD-08,2008-10-01,312.5,427.5,0
PRD-08,2008-11-01,381.6,484.4,0
PRD-08,2008-12-01,386.2,441.1,0
PRD-08,2009-01-01,341.2,497.6,0
PRD-08,2009-02-01,339,544.9,0
PRD-08,2009-03-01,341.7,478.9,0
PRD-08,2009-04-01,352.1,536.9,0
PRD-08,2009-05-01,345.4,434,0
PRD-08,2009-06-01,322.3,442.8,0
PRD-08,2009-07-01,318.7,469,0
PRD-08,2009-08-01,371.4,474.6,0
PRD-08,2009-09-01,296,533.9,0
PRD-08,2009-10-01,328.3,565.1,0
PRD-08,2009-11-01,308.2,515.8,0
PRD-08,2009-12-01,282.8,479.1,0
PRD-08,2010-01-01,303.8,470.4,0
PRD-08,2010-02-01,256.7,617,0
PRD-08,2010-03-01,272.3,553.7,0
PRD-08,2010-04-01,275.3,643.7,0
PRD-08,2010-05-01,255.5,598.2,0
PRD-08,2010-06-01,209,542,0
PRD-08,2010-07-01,243.3,594.3,0
PRD-08,2010-08-01,227.5,577,0
PRD-08,2010-09-01,231.2,633.7,0
PRD-08,2010-10-01,196.8,540.5,0
PRD-08,2010-11-01,222.2,666.7,0
PRD-08,2010-12-01,210.7,602.9,0
PRD-08,2011-01-01,156.6,527,0
PRD-08,2011-02-01,204,774.4,0
PRD-08,2011-03-01,195.1,655.8,0
PRD-08,2011-04-01,180.4,673.6,0
PRD-08,2011-05-01,175.9,698.3,0
PRD-08,2011-06-01,195.9,720.3,0
PRD-08,2011-07-01,211,806.1,0
PRD-08,2011-08-01,195.4,816.5,0
PRD-08,2011-09-01,208.7,920.7,0
PRD-08,2011-10-01,244.5,945.9,0
PRD-08,2011-11-01,266,1127.7,0
PRD-08,2011-12-01,345.4,1143.1,0
PRD-08,2012-01-01,399,1207.7,0
PRD-08,2012-02-01,526.7,1405.6,0
PRD-08,2012-03-01,526.7,1248.2,0
PRD-08,2012-04-01,600.8,1437.1,0
PRD-08,2012-05-01,607,1394.9,0
PRD-08,2012-06-01,773.9,1623.6,0
PRD-08,2012-07-01,778.5,1524.7,0
PRD-08,2012-08-01,831.6,1530.8,0
PRD-08,2012-09-01,834.4,1614,0
PRD-08,2012-10-01,842.1,1480.8,0
PRD-08,2012-11-01,860.4,1542.7,0
PRD-08,2012-12-01,831.6,1434,0
PRD-08,2013-01-01,845.5,1442.2,0
PRD-08,2013-02-01,762.7,1692.3,0
PRD-08,2013-03-01,969.4,1690.8,0
PRD-08,2013-04-01,880.2,1646.5,0
PRD-08,2013-05-01,864.2,1508.3,0
PRD-08,2013-06-01,756.8,1568.7,0
PRD-08,2013-07-01,884.6,1802,0
PRD-08,2013-08-01,776,1826.2,0
PRD-08,2013-09-01,636.2,1655.8,0
PRD-08,2013-10-01,691.7,1707.7,0
PRD-08,2013-11-01,677.9,1824.6,0
PRD-08,2013-12-01,719,1780.5,0
PRD-08,2014-01-01,713,1735.3,0
PRD-08,2014-02-01,660.6,1863.1,0
PRD-08,2014-03-01,585.9,1708.9,0
PRD-08,2014-04-01,663.3,1955.6,0
PRD-08,2014-05-01,627.4,1899.3,0
PRD-08,2014-06-01,535.7,1838.2,0
PRD-08,2014-07-01,525,1846,0
PRD-08,2014-08-01,541.1,1913.1,0
PRD-08,2014-09-01,476.6,1795.7,0
PRD-08,2014-10-01,424.2,1829.9,0
PRD-08,2014-11-01,505.3,2085.1,0
PRD-08,2014-12-01,457,1948,0
PRD-08,2015-01-01,430.7,1865.7,0
PRD-08,2015-02-01,496.3,2391,0
PRD-08,2015-03-01,430.3,2056.9,0
PRD-08,2015-04-01,429.4,2217.5,0
PRD-08,2015-05-01,340.2,1757.5,0
PRD-08,2015-06-01,389.9,2201.8,0
PRD-08,2015-07-01,382.7,2080.7,0
PRD-08,2015-08-01,389,2104.5,0
PRD-08,2015-09-01,390.9,2437,0
PRD-08,2015-10-01,332.8,2032.4,0
PRD-08,2015-11-01,363.4,2307,0
PRD-08,2015-12-01,322.8,2194.6,0
PRD-08,2016-01-01,314.7,2010.2,0
PRD-08,2016-02-01,326.2,2257.7,0
PRD-08,2016-03-01,335.6,2133.1,0
PRD-08,2016-04-01,324.3,2184,0
PRD-08,2016-05-01,288.4,2088.6,0
PRD-08,2016-06-01,337.8,2446.2,0
PRD-08,2016-07-01,291,2149,0
PRD-08,2016-08-01,255.4,1992.3,0
PRD-08,2016-09-01,284.2,2358.3,0
PRD-08,2016-10-01,296.3,2395.2,0
PRD-08,2016-11-01,296.4,2499.8,0
PRD-08,2016-12-01,267.6,2150.8,0
PRD-08,2017-01-01,256.2,2186.1,0
PRD-08,2017-02-01,286.9,2751.4,0
PRD-08,2017-03-01,281.6,2332.9,0
PRD-08,2017-04-01,237.7,2154.2,0
PRD-08,2017-05-01,257.3,2238.3,0
PRD-08,2017-06-01,241.2,2179.8,0
PRD-08,2017-07-01,255.7,2192.4,0
PRD-08,2017-08-01,225.7,2186.4,0
PRD-08,2017-09-01,218.5,2173.3,0
PRD-08,2017-10-01,219.8,2251.9,0
PRD-08,2017-11-01,235.9,2459.4,0
PRD-08,2017-12-01,206,2144.6,0
PRD-08,2018-01-01,205.3,2024.6,0
PRD-08,2018-02-01,221.3,2358,0
PRD-08,2018-03-01,222.8,2307.3,0
PRD-08,2018-04-01,203.7,2124.7,0
PRD-08,2018-05-01,201.4,2117.9,0
PRD-08,2018-06-01,101.5,1164.6,0
PRD-08,2018-07-01,227.1,2379.5,0
PRD-08,2018-08-01,105.8,1183.9,0
PRD-08,2018-09-01,207.3,2349.5,0
PRD-08,2018-10-01,187.9,2189.3,0
PRD-08,2018-11-01,201.8,2441.2,0
PRD-08,2018-12-01,179.7,2198,0
PRD-08,2019-01-01,201.7,2438,0
PRD-08,2019-02-01,181.3,2453.9,0
PRD-08,2019-03-01,185.6,2282.4,0
PRD-08,2019-04-01,195.2,2508.6,0
PRD-08,2019-05-01,179,2351.6,0
PRD-08,2019-06-01,172.2,2335.9,0
PRD-08,2019-07-01,173.8,2288.4,0
PRD-08,2019-08-01,171.3,2347.2,0
PRD-08,2019-09-01,171.7,2341.6,0
PRD-08,2019-10-01,157.6,2219.4,0
PRD-08,2019-11-01,166.4,2443.4,0
PRD-08,2019-12-01,157.1,2214.3,0
PRD-08,2020-01-01,168.5,2409.3,0
PRD-08,2020-02-01,155.3,2494.6,0
PRD-08,2020-03-01,170.6,2519.7,0
PRD-08,2020-04-01,150.7,2323.1,0
PRD-08,2020-05-01,156.9,2314.6,0
PRD-08,2020-06-01,140.9,2159.5,0
PRD-08,2020-07-01,68.2,1019.3,0
PRD-08,2020-08-01,150.2,2219.6,0
PRD-08,2020-09-01,133,2156.8,0
PRD-08,2020-10-01,151.7,2382.7,0
PRD-08,2020-11-01,134.1,2205.2,0
PRD-08,2020-12-01,144.8,2335.8,0
PRD-08,2021-01-01,70.1,1142.5,0
PRD-08,2021-02-01,144.4,2513.1,0
PRD-08,2021-03-01,132.7,2133.3,0
PRD-08,2021-04-01,146.8,2424.9,0
PRD-08,2021-05-01,147.7,2378.9,0
PRD-08,2021-06-01,149.4,2508,0
PRD-08,2021-07-01,129.4,2225.5,0
PRD-08,2021-08-01,126.1,2123,0
PRD-08,2021-09-01,131.1,2262.3,0
PRD-08,2021-10-01,130.2,2296.4,0
PRD-08,2021-11-01,136,2542.4,0
PRD-08,2021-12-01,141.2,2503.9,0
PRD-08,2022-01-01,125.3,2407.8,0
PRD-08,2022-02-01,127.1,2613.1,0
PRD-08,2022-03-01,115.8,2220.1,0
PRD-08,2022-04-01,124.6,2423.7,0
PRD-08,2022-05-01,126.6,2420.4,0
PRD-08,2022-06-01,123.2,2478.3,0
PRD-08,2022-07-01,126.2,2400.4,0
PRD-08,2022-08-01,122.3,2498,0
PRD-08,2022-09-01,121.7,2505.5,0
PRD-08,2022-10-01,109.7,2244.5,0
PRD-08,2022-11-01,112.9,2290.1,0
PRD-08,2022-12-01,117.5,2413.2,0
PRD-08,2023-01-01,113.1,2363,0
PRD-08,2023-02-01,116.8,2724.7,0
PRD-08,2023-03-01,106.3,2251.1,0
PRD-08,2023-04-01,99.6,2216.4,0
PRD-08,2023-05-01,109.1,2390.2,0
PRD-08,2023-06-01,106,2320.2,0
PRD-08,2023-07-01,111.1,2379.2,0
PRD-08,2023-08-01,100,2212.3,0
PRD-08,2023-09-01,98.9,2265.7,0
PRD-08,2023-10-01,100.3,2275.8,0
PRD-08,2023-11-01,110.2,2556.3,0
PRD-08,2023-12-01,103.3,2459.7,0
PRD-08,2024-01-01,92.8,2228.5,0
PRD-08,2024-02-01,99.6,2688.3,0
PRD-08,2024-03-01,105.2,2609,0
PRD-08,2024-04-01,100,2572.3,0
PRD-08,2024-05-01,86.9,2105.5,0
PRD-08,2024-06-01,91.7,2345.4,0
PRD-08,2024-07-01,93.5,2392.6,0
PRD-08,2024-08-01,93.2,2339.9,0
PRD-08,2024-09-01,83.8,2230.7,0
PRD-08,2024-10-01,96.5,2468.8,0
PRD-08,2024-11-01,95.8,2669,0
PRD-08,2024-12-01,100.6,2665.8,0
PRD-08,2025-01-01,86.4,2312.6,0
PRD-08,2025-02-01,86.5,2514.9,0
PRD-08,2025-03-01,92.1,2475.1,0
PRD-08,2025-04-01,85.7,2488.5,0
PRD-08,2025-05-01,84.3,2243.8,0
PRD-08,2025-06-01,43.4,1233.6,0
PRD-08,2025-07-01,75,2157.4,0
PRD-08,2025-08-01,82.3,2351.4,0
PRD-08,2025-09-01,88.1,2553.5,0
PRD-08,2025-10-01,74.1,2191.4,0
PRD-08,2025-11-01,88.5,2609.2,0
PRD-08,2025-12-01,79,2341.4,0
PRD-08,2026-01-01,82.8,2519.9,0
PRD-08,2026-02-01,76.7,2529.1,0
PRD-08,2026-03-01,69.2,2104.2,0
PRD-08,2026-04-01,84.8,2695.1,0
PRD-08,2026-05-01,73.6,2239.2,0
PRD-08,2026-06-01,78.7,2431.8,0
PRD-08,2026-07-01,84,2561.3,0
PRD-08,2026-08-01,82.6,2538.9,0
PRD-09,2000-12-01,184,10,0
PRD-09,2001-01-01,181.6,10,0
PRD-09,2001-02-01,173.1,9.6,0
PRD-09,2001-03-01,189.3,10.6,0
PRD-09,2001-04-01,165,9.3,0
PRD-09,2001-05-01,173.8,9.8,0
PRD-09,2001-06-01,160.6,9.2,0
PRD-09,2001-07-01,164.2,9.4,0
PRD-09,2001-08-01,170.5,9.9,0
PRD-09,2001-09-01,171.9,10,0
PRD-09,2001-10-01,146.6,8.6,0
PRD-09,2001-11-01,164,9.7,0
PRD-09,2001-12-01,150.5,9,0
PRD-09,2002-01-01,158.6,9.5,0
PRD-09,2002-02-01,146.8,8.9,0
PRD-09,2002-03-01,146.9,8.9,0
PRD-09,2002-04-01,149.4,9.2,0
PRD-09,2002-05-01,158,9.7,0
PRD-09,2002-06-01,163,10.1,0
PRD-09,2002-07-01,147.4,9.2,0
PRD-09,2002-08-01,150.8,9.5,0
PRD-09,2002-09-01,145.8,9.2,0
PRD-09,2002-10-01,160.5,10.2,0
PRD-09,2002-11-01,128.1,8.2,0
PRD-09,2002-12-01,130.1,8.4,0
PRD-09,2003-01-01,132.7,8.6,0
PRD-09,2003-02-01,128.1,8.4,0
PRD-09,2003-03-01,137,9,0
PRD-09,2003-04-01,137.9,9.1,0
PRD-09,2003-05-01,125.4,8.4,0
PRD-09,2003-06-01,132.6,8.9,0
PRD-09,2003-07-01,121.6,8.2,0
PRD-09,2003-08-01,128.9,8.8,0
PRD-09,2003-09-01,125.7,8.6,0
PRD-09,2003-10-01,125.4,8.6,0
PRD-09,2003-11-01,121.8,8.4,0
PRD-09,2003-12-01,120.5,8.4,0
PRD-09,2004-01-01,114.5,8,0
PRD-09,2004-02-01,125.8,8.9,0
PRD-09,2004-03-01,106.9,7.6,0
PRD-09,2004-04-01,122.2,8.7,0
PRD-09,2004-05-01,121,8.7,0
PRD-09,2004-06-01,119.2,8.6,0
PRD-09,2004-07-01,106.6,7.7,0
PRD-09,2004-08-01,127.7,9.3,0
PRD-09,2004-09-01,115.9,8.5,0
PRD-09,2004-10-01,120.1,8.9,0
PRD-09,2004-11-01,110.2,8.2,0
PRD-09,2004-12-01,118.5,8.8,0
PRD-09,2005-01-01,112,8.4,0
PRD-09,2005-02-01,104.3,7.9,0
PRD-09,2005-03-01,115.1,8.7,0
PRD-09,2005-04-01,104.2,7.9,0
PRD-09,2005-05-01,100.2,7.7,0
PRD-09,2005-06-01,93.9,7.2,0
PRD-09,2005-07-01,103,8,0
PRD-09,2005-08-01,94.8,7.4,0
PRD-09,2005-09-01,96.8,7.6,0
PRD-09,2005-10-01,106.8,8.4,0
PRD-09,2005-11-01,87.7,6.9,0
PRD-09,2005-12-01,93.1,7.4,0
PRD-09,2006-01-01,99.6,8,0
PRD-09,2006-02-01,96.2,7.7,0
PRD-09,2006-03-01,97.4,7.9,0
PRD-09,2006-04-01,87.8,7.1,0
PRD-09,2006-05-01,84.8,6.9,0
PRD-09,2006-06-01,88.4,7.3,0
PRD-09,2006-07-01,91.2,7.5,0
PRD-09,2006-08-01,97.8,8.1,0
PRD-09,2006-09-01,78,6.5,0
PRD-09,2006-10-01,80.1,6.7,0
PRD-09,2006-11-01,91.7,7.7,0
PRD-09,2006-12-01,92.2,7.8,0
PRD-09,2007-01-01,86.3,7.3,0
PRD-09,2007-02-01,91.7,7.8,0
PRD-09,2007-03-01,79.8,6.8,0
PRD-09,2007-04-01,77.3,6.7,0
PRD-09,2007-05-01,76,6.6,0
PRD-09,2007-06-01,78,6.8,0
PRD-09,2007-07-01,73.1,6.4,0
PRD-09,2007-08-01,77.4,6.8,0
PRD-09,2007-09-01,73.9,6.5,0
PRD-09,2007-10-01,71.6,6.4,0
PRD-09,2007-11-01,79.1,7.1,0
PRD-09,2007-12-01,72,6.5,0
PRD-09,2008-01-01,74.4,6.7,0
PRD-09,2008-02-01,75.8,6.9,0
PRD-09,2008-03-01,82.4,7.5,0
PRD-09,2008-04-01,70.4,6.4,0
PRD-09,2008-05-01,76.1,7,0
PRD-09,2008-06-01,66.3,6.1,0
PRD-09,2008-07-01,71.3,6.6,0
PRD-09,2008-08-01,37.3,3.5,0
PRD-09,2008-09-01,79.4,7.4,0
PRD-09,2008-10-01,71.4,6.7,0
PRD-09,2008-11-01,64.1,6,0
PRD-09,2008-12-01,67.1,6.3,0
PRD-09,2009-01-01,64.9,6.2,0
PRD-09,2009-02-01,57.6,5.5,0
PRD-09,2009-03-01,67.4,6.5,0
PRD-09,2009-04-01,65.3,6.3,0
PRD-09,2009-05-01,67.6,6.5,0
PRD-09,2009-06-01,58.8,5.7,0
PRD-09,2009-07-01,59.9,5.8,0
PRD-09,2009-08-01,59.8,5.9,0
PRD-09,2009-09-01,66.6,6.5,0
PRD-09,2009-10-01,57.4,5.7,0
PRD-09,2009-11-01,60.1,6,0
PRD-09,2009-12-01,57.6,5.7,0
PRD-09,2010-01-01,62.4,6.2,0
PRD-09,2010-02-01,58.5,5.9,0
PRD-09,2010-03-01,66.5,6.7,0
PRD-09,2010-04-01,62.8,6.4,0
PRD-09,2010-05-01,61.4,6.2,0
PRD-09,2010-06-01,46.6,4.8,0
PRD-09,2010-07-01,58.3,6,0
PRD-09,2010-08-01,54.6,5.6,0
PRD-09,2010-09-01,56.1,5.8,0
PRD-09,2010-10-01,56.1,5.8,0
PRD-09,2010-11-01,52.8,5.5,0
PRD-09,2010-12-01,54.1,5.7,0
PRD-09,2011-01-01,50.9,5.3,0
PRD-09,2011-02-01,54.6,5.8,0
PRD-09,2011-03-01,49.6,5.3,0
PRD-09,2011-04-01,46.4,4.9,0
PRD-09,2011-05-01,46,4.9,0
PRD-09,2011-06-01,50,5.4,0
PRD-09,2011-07-01,48.3,5.2,0
PRD-09,2011-08-01,48.5,5.2,0
PRD-09,2011-09-01,45.6,8.2,0
PRD-09,2011-10-01,51.8,25.5,0
PRD-09,2011-11-01,74.1,61,0
PRD-09,2011-12-01,121,86.8,0
PRD-09,2012-01-01,181.4,122.9,0
PRD-09,2012-02-01,305.2,195.2,0
PRD-09,2012-03-01,368.7,222.7,0
PRD-09,2012-04-01,432.1,263.5,0
PRD-09,2012-05-01,468.1,259,0
PRD-09,2012-06-01,596,259.1,0
PRD-09,2012-07-01,521.5,217.7,0
PRD-09,2012-08-01,637.4,241.5,0
PRD-09,2012-09-01,631.8,264,0
PRD-09,2012-10-01,675.3,245.6,0
PRD-09,2012-11-01,631.1,229.9,0
PRD-09,2012-12-01,692.2,257.9,0
PRD-09,2013-01-01,727.7,263,0
PRD-09,2013-02-01,635.6,370.7,0
PRD-09,2013-03-01,666.2,239.8,0
PRD-09,2013-04-01,694.3,278.2,0
PRD-09,2013-05-01,680.1,228.8,0
PRD-09,2013-06-01,670.6,349.1,0
PRD-09,2013-07-01,600.3,308.1,0
PRD-09,2013-08-01,595.1,438.7,0
PRD-09,2013-09-01,490.1,443.8,0
PRD-09,2013-10-01,479.5,393.3,0
PRD-09,2013-11-01,512.4,483.3,0
PRD-09,2013-12-01,501.7,429.3,0
PRD-09,2014-01-01,545.5,441.9,0
PRD-09,2014-02-01,492.3,487.6,0
PRD-09,2014-03-01,444.8,480.1,0
PRD-09,2014-04-01,438.5,466.7,0
PRD-09,2014-05-01,453.1,516.2,0
PRD-09,2014-06-01,391.4,566.3,0
PRD-09,2014-07-01,393.5,606.1,0
PRD-09,2014-08-01,373.9,587.3,0
PRD-09,2014-09-01,334.7,591,0
PRD-09,2014-10-01,343.8,649.2,0
PRD-09,2014-11-01,346,593,0
PRD-09,2014-12-01,329.8,587.6,0
PRD-09,2015-01-01,358.5,642,0
PRD-09,2015-02-01,350.1,718.4,0
PRD-09,2015-03-01,305.5,653.6,0
PRD-09,2015-04-01,283.7,690.7,0
PRD-09,2015-05-01,310.7,735.8,0
PRD-09,2015-06-01,277.9,729.4,0
PRD-09,2015-07-01,287.2,705.3,0
PRD-09,2015-08-01,295.3,722.8,0
PRD-09,2015-09-01,255,729.9,0
PRD-09,2015-10-01,248.1,708.5,0
PRD-09,2015-11-01,247.4,729.1,0
PRD-09,2015-12-01,236.5,761.8,0
PRD-09,2016-01-01,238.6,702.7,0
PRD-09,2016-02-01,244.4,807.2,0
PRD-09,2016-03-01,238.2,713.8,0
PRD-09,2016-04-01,234.8,769.1,0
PRD-09,2016-05-01,210.6,769.4,0
PRD-09,2016-06-01,206.4,750.9,0
PRD-09,2016-07-01,245.1,843.7,0
PRD-09,2016-08-01,259.9,860.2,0
PRD-09,2016-09-01,276.5,907.4,0
PRD-09,2016-10-01,287.4,856.2,0
PRD-09,2016-11-01,328.4,988.7,0
PRD-09,2016-12-01,380.5,1062.7,0
PRD-09,2017-01-01,325.2,919.8,0
PRD-09,2017-02-01,372,1112.8,0
PRD-09,2017-03-01,381.8,989.2,0
PRD-09,2017-04-01,347.7,959,0
PRD-09,2017-05-01,407.7,933.3,0
PRD-09,2017-06-01,442,1126.5,0
PRD-09,2017-07-01,423.2,1036.6,0
PRD-09,2017-08-01,445.5,1141.3,0
PRD-09,2017-09-01,387.5,1016.4,0
PRD-09,2017-10-01,413.2,1024.4,0
PRD-09,2017-11-01,318.9,1018.3,0
PRD-09,2017-12-01,379.3,1143.5,0
PRD-09,2018-01-01,348.6,1030.3,0
PRD-09,2018-02-01,380.4,1212.6,0
PRD-09,2018-03-01,357.1,1141.1,0
PRD-09,2018-04-01,397.7,1271.3,0
PRD-09,2018-05-01,337,1004.9,0
PRD-09,2018-06-01,325.1,1144.5,0
PRD-09,2018-07-01,343.5,1085.3,0
PRD-09,2018-08-01,344.7,1169.5,0
PRD-09,2018-09-01,382.6,1335.9,0
PRD-09,2018-10-01,342.5,1167.7,0
PRD-09,2018-11-01,268.4,1148.5,0
PRD-09,2018-12-01,284.4,1171.3,0
PRD-09,2019-01-01,129.9,553.2,0
PRD-09,2019-02-01,281.5,1364.4,0
PRD-09,2019-03-01,282.7,1276.4,0
PRD-09,2019-04-01,142.7,675.9,0
PRD-09,2019-05-01,245.5,1199.4,0
PRD-09,2019-06-01,222.6,1195.8,0
PRD-09,2019-07-01,215.3,1137.3,0
PRD-09,2019-08-01,241.7,1331.2,0
PRD-09,2019-09-01,215,1240.7,0
PRD-09,2019-10-01,207.9,1187.1,0
PRD-09,2019-11-01,218.8,1330.7,0
PRD-09,2019-12-01,210.4,1245.8,0
PRD-09,2020-01-01,199.3,1197.4,0
PRD-09,2020-02-01,189,1246.3,0
PRD-09,2020-03-01,179.6,1167.1,0
PRD-09,2020-04-01,191,1242.2,0
PRD-09,2020-05-01,178.2,1160.6,0
PRD-09,2020-06-01,199.3,1347.6,0
PRD-09,2020-07-01,202,1349.5,0
PRD-09,2020-08-01,207.5,1391,0
PRD-09,2020-09-01,176.4,1325.5,0
PRD-09,2020-10-01,183.8,1329,0
PRD-09,2020-11-01,80.2,613.8,0
PRD-09,2020-12-01,174.2,1335.9,0
PRD-09,2021-01-01,169.3,1294.7,0
PRD-09,2021-02-01,177.9,1440.7,0
PRD-09,2021-03-01,178,1352.6,0
PRD-09,2021-04-01,167.6,1373.1,0
PRD-09,2021-05-01,174.8,1367.7,0
PRD-09,2021-06-01,176,1412,0
PRD-09,2021-07-01,153,1263.9,0
PRD-09,2021-08-01,162.7,1312.1,0
PRD-09,2021-09-01,155.5,1347,0
PRD-09,2021-10-01,145.1,1264.6,0
PRD-09,2021-11-01,143.3,1317.9,0
PRD-09,2021-12-01,159.7,1332.4,0
PRD-09,2022-01-01,155.6,1388,0
PRD-09,2022-02-01,158.8,1440.2,0
PRD-09,2022-03-01,173.3,1429.9,0
PRD-09,2022-04-01,174.6,1455.7,0
PRD-09,2022-05-01,152.5,1260.9,0
PRD-09,2022-06-01,169.3,1381,0
PRD-09,2022-07-01,187.5,1350,0
PRD-09,2022-08-01,175.9,1283.5,0
PRD-09,2022-09-01,204.2,1505.2,0
PRD-09,2022-10-01,232.3,1560,0
PRD-09,2022-11-01,213.7,1499.4,0
PRD-09,2022-12-01,198.9,1412.9,0
PRD-09,2023-01-01,217.3,1447.4,0
PRD-09,2023-02-01,218.3,1775.9,0
PRD-09,2023-03-01,187.9,1292.6,0
PRD-09,2023-04-01,198.8,1419.4,0
PRD-09,2023-05-01,221.2,1429.9,0
PRD-09,2023-06-01,225.7,1521.7,0
PRD-09,2023-07-01,225.6,1493,0
PRD-09,2023-08-01,227.4,1523.5,0
PRD-09,2023-09-01,224.1,1572.5,0
PRD-09,2023-10-01,249,1627.1,0
PRD-09,2023-11-01,239.9,1569.5,0
PRD-09,2023-12-01,231.5,1594,0
PRD-09,2024-01-01,222.2,1466.3,0
PRD-09,2024-02-01,212.8,1581.3,0
PRD-09,2024-03-01,205.4,1486.6,0
PRD-09,2024-04-01,199.5,1388.5,0
PRD-09,2024-05-01,195,1319.4,0
PRD-09,2024-06-01,193.7,1480.7,0
PRD-09,2024-07-01,189.6,1316.7,0
PRD-09,2024-08-01,181.4,1306.8,0
PRD-09,2024-09-01,179.6,1293.7,0
PRD-09,2024-10-01,179.7,1272.8,0
PRD-09,2024-11-01,178.4,1358.7,0
PRD-09,2024-12-01,188.3,1339.7,0
PRD-09,2025-01-01,172.8,1251.8,0
PRD-09,2025-02-01,205.6,1462.6,0
PRD-09,2025-03-01,181.1,1254.2,0
PRD-09,2025-04-01,207,1457.4,0
PRD-09,2025-05-01,199,1466.2,0
PRD-09,2025-06-01,193.6,1550.6,0
PRD-09,2025-07-01,185.5,1509.9,0
PRD-09,2025-08-01,187,1694,0
PRD-09,2025-09-01,163.2,1533.1,0
PRD-09,2025-10-01,160,1589,0
PRD-09,2025-11-01,161.9,1624.9,0
PRD-09,2025-12-01,150,1535.5,0
PRD-09,2026-01-01,152.7,1569.9,0
PRD-09,2026-02-01,156.7,1707.8,0
PRD-09,2026-03-01,143,1459.1,0
PRD-09,2026-04-01,137.2,1450.6,0
PRD-09,2026-05-01,141.4,1469.6,0
PRD-09,2026-06-01,143.9,1568.1,0
PRD-09,2026-07-01,140.4,1473,0
PRD-09,2026-08-01,138.7,1539.1,0
PRD-10,2000-09-01,84.7,4.5,0
PRD-10,2000-10-01,92.5,5,0
PRD-10,2000-11-01,70.7,3.8,0
PRD-10,2000-12-01,80.3,4.4,0
PRD-10,2001-01-01,70,3.8,0
PRD-10,2001-02-01,78.1,4.3,0
PRD-10,2001-03-01,72.3,4,0
PRD-10,2001-04-01,71.8,4,0
PRD-10,2001-05-01,74.8,4.2,0
PRD-10,2001-06-01,67.4,3.8,0
PRD-10,2001-07-01,72.8,4.2,0
PRD-10,2001-08-01,72.3,4.2,0
PRD-10,2001-09-01,70.2,4.1,0
PRD-10,2001-10-01,72.5,4.3,0
PRD-10,2001-11-01,72.3,4.3,0
PRD-10,2001-12-01,73.4,4.4,0
PRD-10,2002-01-01,66.3,4,0
PRD-10,2002-02-01,66.5,4,0
PRD-10,2002-03-01,67.7,4.1,0
PRD-10,2002-04-01,64.4,3.9,0
PRD-10,2002-05-01,63,3.9,0
PRD-10,2002-06-01,75.4,4.7,0
PRD-10,2002-07-01,67.4,4.2,0
PRD-10,2002-08-01,71.2,4.5,0
PRD-10,2002-09-01,60.2,3.8,0
PRD-10,2002-10-01,66.9,4.3,0
PRD-10,2002-11-01,61.4,3.9,0
PRD-10,2002-12-01,61.7,4,0
PRD-10,2003-01-01,68.4,4.4,0
PRD-10,2003-02-01,67.6,4.4,0
PRD-10,2003-03-01,63.2,4.2,0
PRD-10,2003-04-01,58.8,3.9,0
PRD-10,2003-05-01,55.1,3.7,0
PRD-10,2003-06-01,58.8,3.9,0
PRD-10,2003-07-01,56,3.8,0
PRD-10,2003-08-01,57.6,3.9,0
PRD-10,2003-09-01,58,4,0
PRD-10,2003-10-01,56.9,3.9,0
PRD-10,2003-11-01,62.3,4.3,0
PRD-10,2003-12-01,54,3.8,0
PRD-10,2004-01-01,55.7,3.9,0
PRD-10,2004-02-01,53.2,3.7,0
PRD-10,2004-03-01,51.9,3.7,0
PRD-10,2004-04-01,49.6,3.5,0
PRD-10,2004-05-01,56,4,0
PRD-10,2004-06-01,51.2,3.7,0
PRD-10,2004-07-01,50.9,3.7,0
PRD-10,2004-08-01,51.5,3.8,0
PRD-10,2004-09-01,49.5,3.6,0
PRD-10,2004-10-01,49,3.6,0
PRD-10,2004-11-01,51.8,3.8,0
PRD-10,2004-12-01,43.1,3.2,0
PRD-10,2005-01-01,50.1,3.8,0
PRD-10,2005-02-01,46.7,3.5,0
PRD-10,2005-03-01,46.2,3.5,0
PRD-10,2005-04-01,45.3,3.5,0
PRD-10,2005-05-01,45.1,3.5,0
PRD-10,2005-06-01,49.4,3.8,0
PRD-10,2005-07-01,41.3,3.2,0
PRD-10,2005-08-01,45.9,3.6,0
PRD-10,2005-09-01,44.8,3.5,0
PRD-10,2005-10-01,50.2,4,0
PRD-10,2005-11-01,38.8,3.1,0
PRD-10,2005-12-01,46.7,3.7,0
PRD-10,2006-01-01,40.3,3.2,0
PRD-10,2006-02-01,43.2,3.5,0
PRD-10,2006-03-01,42.5,3.4,0
PRD-10,2006-04-01,40.1,3.3,0
PRD-10,2006-05-01,41.3,3.4,0
PRD-10,2006-06-01,44.6,3.7,0
PRD-10,2006-07-01,38.6,3.2,0
PRD-10,2006-08-01,42.6,3.5,0
PRD-10,2006-09-01,36.8,3.1,0
PRD-10,2006-10-01,45.4,3.8,0
PRD-10,2006-11-01,39,3.3,0
PRD-10,2006-12-01,40.1,3.4,0
PRD-10,2007-01-01,34.1,2.9,0
PRD-10,2007-02-01,39,3.3,0
PRD-10,2007-03-01,35.2,3,0
PRD-10,2007-04-01,41.5,3.6,0
PRD-10,2007-05-01,38.2,3.3,0
PRD-10,2007-06-01,36.6,3.2,0
PRD-10,2007-07-01,32.8,2.9,0
PRD-10,2007-08-01,34.3,3,0
PRD-10,2007-09-01,36.2,3.2,0
PRD-10,2007-10-01,34.2,3,0
PRD-10,2007-11-01,35.8,3.2,0
PRD-10,2007-12-01,30.9,2.8,0
PRD-10,2008-01-01,32.4,2.9,0
PRD-10,2008-02-01,31.1,2.8,0
PRD-10,2008-03-01,28.5,2.6,0
PRD-10,2008-04-01,33.6,3.1,0
PRD-10,2008-05-01,34.6,3.2,0
PRD-10,2008-06-01,29.8,2.7,0
PRD-10,2008-07-01,33.4,3.1,0
PRD-10,2008-08-01,30.5,2.8,0
PRD-10,2008-09-01,29.7,2.8,0
PRD-10,2008-10-01,30,2.8,0
PRD-10,2008-11-01,30.5,2.9,0
PRD-10,2008-12-01,27.7,2.6,0
PRD-10,2009-01-01,32,3,0
PRD-10,2009-02-01,29.4,2.8,0
PRD-10,2009-03-01,26.6,2.6,0
PRD-10,2009-04-01,31.1,3,0
PRD-10,2009-05-01,28.3,2.7,0
PRD-10,2009-06-01,26.3,2.6,0
PRD-10,2009-07-01,28.2,2.7,0
PRD-10,2009-08-01,32.2,3.2,0
PRD-10,2009-09-01,29.5,2.9,0
PRD-10,2009-10-01,26,2.6,0
PRD-10,2009-11-01,26.8,2.7,0
PRD-10,2009-12-01,26.6,2.7,0
PRD-10,2010-01-01,26.7,2.7,0
PRD-10,2010-02-01,25.8,2.6,0
PRD-10,2010-03-01,26.6,2.7,0
PRD-10,2010-04-01,25.4,2.6,0
PRD-10,2010-05-01,26.6,2.7,0
PRD-10,2010-06-01,25.7,2.6,0
PRD-10,2010-07-01,24.5,2.5,0
PRD-10,2010-08-01,25.8,2.7,0
PRD-10,2010-09-01,26.2,2.7,0
PRD-10,2010-10-01,22.3,2.3,0
PRD-10,2010-11-01,24.7,2.6,0
PRD-10,2010-12-01,21.9,2.3,0
PRD-10,2011-01-01,24.9,2.6,0
PRD-10,2011-02-01,26.1,2.8,0
PRD-10,2011-03-01,24.9,2.6,0
PRD-10,2011-04-01,23.4,2.5,0
PRD-10,2011-05-01,24.5,2.6,0
PRD-10,2011-06-01,23.6,2.5,0
PRD-10,2011-07-01,21.3,2.3,0
PRD-10,2011-08-01,21.8,2.3,0
PRD-10,2011-09-01,22.1,2.4,0
PRD-10,2011-10-01,20.5,2.2,0
PRD-10,2011-11-01,18.8,2.1,0
PRD-10,2011-12-01,9.8,1.1,0
PRD-10,2012-01-01,20.8,2.3,0
PRD-10,2012-02-01,20.6,2.3,0
PRD-10,2012-03-01,19.1,2.1,0
PRD-10,2012-04-01,19.8,2.2,0
PRD-10,2012-05-01,20.3,2.3,0
PRD-10,2012-06-01,21.5,2.4,0
PRD-10,2012-07-01,19.5,2.2,0
PRD-10,2012-08-01,19.2,2.2,0
PRD-10,2012-09-01,19.2,2.2,0
PRD-10,2012-10-01,19.7,2.2,0
PRD-10,2012-11-01,16.7,1.9,0
PRD-10,2012-12-01,20,2.3,0
PRD-10,2013-01-01,19.4,2.2,0
PRD-10,2013-02-01,18.9,2.2,0
PRD-10,2013-03-01,17.4,2,0
PRD-10,2013-04-01,17.8,2.1,0
PRD-10,2013-05-01,17.3,2,0
PRD-10,2013-06-01,17.8,2.1,0
PRD-10,2013-07-01,17.6,2.1,0
PRD-10,2013-08-01,9.4,1.1,0
PRD-10,2013-09-01,17.7,2.1,0
PRD-10,2013-10-01,18.4,2.2,0
PRD-10,2013-11-01,17.2,2,0
PRD-10,2013-12-01,17.2,2.1,0
PRD-10,2014-01-01,15.5,1.9,0
PRD-10,2014-02-01,16.2,1.9,0
PRD-10,2014-03-01,16.8,2,0
PRD-10,2014-04-01,16.8,2,0
PRD-10,2014-05-01,14.8,1.8,0
PRD-10,2014-06-01,16.2,2,0
PRD-10,2014-07-01,14.1,1.7,0
PRD-10,2014-08-01,14.4,1.8,0
PRD-10,2014-09-01,14.3,1.8,0
PRD-10,2014-10-01,16.3,2,0
PRD-10,2014-11-01,14.4,1.8,0
PRD-10,2014-12-01,14.2,1.8,0
PRD-10,2015-01-01,13.8,1.7,0
PRD-10,2015-02-01,14.3,1.8,0
PRD-10,2015-03-01,14.4,1.8,0
PRD-10,2015-04-01,14.2,1.8,0
PRD-10,2015-05-01,14.9,1.9,0
PRD-10,2015-06-01,13,1.7,0
PRD-10,2015-07-01,13.8,1.8,0
PRD-10,2015-08-01,13.6,1.7,0
PRD-10,2015-09-01,12.8,1.6,0
PRD-10,2015-10-01,12.7,1.6,0
PRD-10,2015-11-01,12.4,1.6,0
PRD-10,2015-12-01,13.4,1.7,0
PRD-10,2016-01-01,12.7,1.7,0
PRD-10,2016-02-01,12.5,1.6,0
PRD-10,2016-03-01,12.6,1.6,0
PRD-10,2016-04-01,11.9,3.6,0
PRD-10,2016-05-01,11.7,9.8,0
PRD-10,2016-06-01,19.4,27.9,0
PRD-10,2016-07-01,38.6,45.4,0
PRD-10,2016-08-01,62.1,73.1,0
PRD-10,2016-09-01,92.1,107.8,0
PRD-10,2016-10-01,119.5,131.5,0
PRD-10,2016-11-01,149.5,170.8,0
PRD-10,2016-12-01,150.3,164.5,0
PRD-10,2017-01-01,189.2,195.6,0
PRD-10,2017-02-01,183.8,196.2,0
PRD-10,2017-03-01,196.2,193,0
PRD-10,2017-04-01,214,211.5,0
PRD-10,2017-05-01,280,195.9,0
PRD-10,2017-06-01,240.4,215.1,0
PRD-10,2017-07-01,235.7,202.3,0
PRD-10,2017-08-01,262.1,210.6,0
PRD-10,2017-09-01,275.2,232.9,0
PRD-10,2017-10-01,258.9,188.3,0
PRD-10,2017-11-01,201.7,264,0
PRD-10,2017-12-01,209.2,253.3,0
PRD-10,2018-01-01,179.6,215.3,0
PRD-10,2018-02-01,219.1,298.8,0
PRD-10,2018-03-01,193.4,267.9,0
PRD-10,2018-04-01,213.2,293.6,0
PRD-10,2018-05-01,215,245.1,0
PRD-10,2018-06-01,201.1,296.9,0
PRD-10,2018-07-01,230.8,308.3,0
PRD-10,2018-08-01,207.9,297.7,0
PRD-10,2018-09-01,198.3,310.4,0
PRD-10,2018-10-01,215.3,308,0
PRD-10,2018-11-01,146.9,316.5,0
PRD-10,2018-12-01,181.3,344.8,0
PRD-10,2019-01-01,147.1,312.6,0
PRD-10,2019-02-01,156.6,370.2,0
PRD-10,2019-03-01,150.1,342.7,0
PRD-10,2019-04-01,160,379.4,0
PRD-10,2019-05-01,143.7,349.8,0
PRD-10,2019-06-01,112.1,320.5,0
PRD-10,2019-07-01,107.8,311.8,0
PRD-10,2019-08-01,111.2,337.3,0
PRD-10,2019-09-01,114.5,375.5,0
PRD-10,2019-10-01,105.5,334.3,0
PRD-10,2019-11-01,115.6,395.3,0
PRD-10,2019-12-01,118,390.7,0
PRD-10,2020-01-01,104.6,355,0
PRD-10,2020-02-01,107.8,399.5,0
PRD-10,2020-03-01,105.2,405.4,0
PRD-10,2020-04-01,101.4,388.6,0
PRD-10,2020-05-01,97.1,383.7,0
PRD-10,2020-06-01,105.8,437.6,0
PRD-10,2020-07-01,96.2,391.9,0
PRD-10,2020-08-01,103.7,433.6,0
PRD-10,2020-09-01,98.2,455.7,0
PRD-10,2020-10-01,85.3,386.2,0
PRD-10,2020-11-01,85.5,403.9,0
PRD-10,2020-12-01,84.5,422.1,0
PRD-10,2021-01-01,83.3,389.1,0
PRD-10,2021-02-01,84.7,441.2,0
PRD-10,2021-03-01,74.8,356.9,0
PRD-10,2021-04-01,78.3,420.5,0
PRD-10,2021-05-01,82.6,409.8,0
PRD-10,2021-06-01,83,429.1,0
PRD-10,2021-07-01,90.3,465.6,0
PRD-10,2021-08-01,81.4,425.9,0
PRD-10,2021-09-01,76.2,466,0
PRD-10,2021-10-01,75.6,449.3,0
PRD-10,2021-11-01,35.2,222.3,0
PRD-10,2021-12-01,74.1,407,0
PRD-10,2022-01-01,71.6,414.4,0
PRD-10,2022-02-01,74.9,418.2,0
PRD-10,2022-03-01,81.3,425.6,0
PRD-10,2022-04-01,86,448.9,0
PRD-10,2022-05-01,101.7,529.6,0
PRD-10,2022-06-01,106.8,519.5,0
PRD-10,2022-07-01,120.6,495.9,0
PRD-10,2022-08-01,115.8,462.2,0
PRD-10,2022-09-01,116.6,475.5,0
PRD-10,2022-10-01,149.8,534.7,0
PRD-10,2022-11-01,138.9,543.6,0
PRD-10,2022-12-01,145.1,566.3,0
PRD-10,2023-01-01,141,498.7,0
PRD-10,2023-02-01,131,613.8,0
PRD-10,2023-03-01,134.8,507.6,0
PRD-10,2023-04-01,149.6,589.3,0
PRD-10,2023-05-01,156.5,542,0
PRD-10,2023-06-01,157.8,596.7,0
PRD-10,2023-07-01,147,534.6,0
PRD-10,2023-08-01,151.3,549.3,0
PRD-10,2023-09-01,160.6,613.7,0
PRD-10,2023-10-01,169.3,583.6,0
PRD-10,2023-11-01,172.1,585.4,0
PRD-10,2023-12-01,155.2,561.3,0
PRD-10,2024-01-01,156.7,534.9,0
PRD-10,2024-02-01,159.7,617.7,0
PRD-10,2024-03-01,153,580,0
PRD-10,2024-04-01,158.8,527.8,0
PRD-10,2024-05-01,139.2,437.5,0
PRD-10,2024-06-01,126,447,0
PRD-10,2024-07-01,119.2,342,0
PRD-10,2024-08-01,102.7,291.1,0
PRD-10,2024-09-01,123.5,340.9,0
PRD-10,2024-10-01,115.1,305.2,0
PRD-10,2024-11-01,123.2,358.2,0
PRD-10,2024-12-01,132.2,351.6,0
PRD-10,2025-01-01,110.2,299.8,0
PRD-10,2025-02-01,149.2,398.9,0
PRD-10,2025-03-01,123.6,352,0
PRD-10,2025-04-01,148.8,441.8,0
PRD-10,2025-05-01,138.7,486,0
PRD-10,2025-06-01,145.4,585.8,0
PRD-10,2025-07-01,70.9,304.2,0
PRD-10,2025-08-01,65.1,332,0
PRD-10,2025-09-01,119.6,641.6,0
PRD-10,2025-10-01,104.1,600,0
PRD-10,2025-11-01,111.4,652.3,0
PRD-10,2025-12-01,110.4,664.7,0
PRD-10,2026-01-01,95.7,578.3,0
PRD-10,2026-02-01,104.6,663.8,0
PRD-10,2026-03-01,94.3,560.2,0
PRD-10,2026-04-01,104.3,643.6,0
PRD-10,2026-05-01,98.1,603.7,0
PRD-10,2026-06-01,108,700.6,0
PRD-10,2026-07-01,107,665.9,0
PRD-10,2026-08-01,84.2,556,0
PRD-11,2000-09-01,108.3,5.8,0
PRD-11,2000-10-01,104.6,5.6,0
PRD-11,2000-11-01,111.3,6,0
PRD-11,2000-12-01,104.7,5.7,0
PRD-11,2001-01-01,95.1,5.2,0
PRD-11,2001-02-01,97.5,5.4,0
PRD-11,2001-03-01,101.9,5.7,0
PRD-11,2001-04-01,105.7,5.9,0
PRD-11,2001-05-01,88,5,0
PRD-11,2001-06-01,97.4,5.6,0
PRD-11,2001-07-01,45.2,2.6,0
PRD-11,2001-08-01,94.5,5.5,0
PRD-11,2001-09-01,90.7,5.3,0
PRD-11,2001-10-01,94.4,5.5,0
PRD-11,2001-11-01,86.8,5.1,0
PRD-11,2001-12-01,87.7,5.2,0
PRD-11,2002-01-01,101.1,6.1,0
PRD-11,2002-02-01,93.4,5.6,0
PRD-11,2002-03-01,85.8,5.2,0
PRD-11,2002-04-01,79.6,4.9,0
PRD-11,2002-05-01,90.2,5.6,0
PRD-11,2002-06-01,99.9,6.2,0
PRD-11,2002-07-01,90.1,5.6,0
PRD-11,2002-08-01,88,5.5,0
PRD-11,2002-09-01,83.4,5.3,0
PRD-11,2002-10-01,82.1,5.2,0
PRD-11,2002-11-01,87,5.6,0
PRD-11,2002-12-01,92.8,6,0
PRD-11,2003-01-01,80.1,5.2,0
PRD-11,2003-02-01,81.7,5.3,0
PRD-11,2003-03-01,79.9,5.3,0
PRD-11,2003-04-01,81.9,5.4,0
PRD-11,2003-05-01,82.2,5.5,0
PRD-11,2003-06-01,73.7,4.9,0
PRD-11,2003-07-01,70.5,4.8,0
PRD-11,2003-08-01,73.5,5,0
PRD-11,2003-09-01,75.5,5.2,0
PRD-11,2003-10-01,74.5,5.1,0
PRD-11,2003-11-01,71.9,5,0
PRD-11,2003-12-01,75.1,5.2,0
PRD-11,2004-01-01,71.1,5,0
PRD-11,2004-02-01,73.1,5.1,0
PRD-11,2004-03-01,65.4,4.6,0
PRD-11,2004-04-01,68,4.8,0
PRD-11,2004-05-01,64.9,4.6,0
PRD-11,2004-06-01,67,4.8,0
PRD-11,2004-07-01,68.1,4.9,0
PRD-11,2004-08-01,63.2,4.6,0
PRD-11,2004-09-01,71.6,5.3,0
PRD-11,2004-10-01,65.4,4.8,0
PRD-11,2004-11-01,70,5.2,0
PRD-11,2004-12-01,69.8,5.2,0
PRD-11,2005-01-01,63.5,4.8,0
PRD-11,2005-02-01,61,4.6,0
PRD-11,2005-03-01,61.8,4.7,0
PRD-11,2005-04-01,55.3,4.2,0
PRD-11,2005-05-01,63.1,4.8,0
PRD-11,2005-06-01,59.8,4.6,0
PRD-11,2005-07-01,56,4.3,0
PRD-11,2005-08-01,60.1,4.7,0
PRD-11,2005-09-01,59,4.6,0
PRD-11,2005-10-01,58.5,4.6,0
PRD-11,2005-11-01,33.4,2.6,0
PRD-11,2005-12-01,59.3,4.7,0
PRD-11,2006-01-01,52.6,4.2,0
PRD-11,2006-02-01,56.8,4.6,0
PRD-11,2006-03-01,61.4,5,0
PRD-11,2006-04-01,56.7,4.6,0
PRD-11,2006-05-01,56,4.6,0
PRD-11,2006-06-01,49.8,4.1,0
PRD-11,2006-07-01,47.4,3.9,0
PRD-11,2006-08-01,49.6,4.1,0
PRD-11,2006-09-01,53.8,4.5,0
PRD-11,2006-10-01,51.8,4.3,0
PRD-11,2006-11-01,59.9,5,0
PRD-11,2006-12-01,49.1,4.2,0
PRD-11,2007-01-01,51.8,4.4,0
PRD-11,2007-02-01,49.9,4.3,0
PRD-11,2007-03-01,56.3,4.8,0
PRD-11,2007-04-01,48.3,7.6,0
PRD-11,2007-05-01,48,21.6,0
PRD-11,2007-06-01,74,57.8,0
PRD-11,2007-07-01,117.3,95.6,0
PRD-11,2007-08-01,181.1,139,0
PRD-11,2007-09-01,237.4,187.7,0
PRD-11,2007-10-01,306.9,237.7,0
PRD-11,2007-11-01,362.8,312.4,0
PRD-11,2007-12-01,358.6,262.5,0
PRD-11,2008-01-01,418.4,271,0
PRD-11,2008-02-01,414.6,292,0
PRD-11,2008-03-01,460.2,296.4,0
PRD-11,2008-04-01,542.6,230.7,0
PRD-11,2008-05-01,501.7,278.5,0
PRD-11,2008-06-01,505.1,271.2,0
PRD-11,2008-07-01,509.1,215.4,0
PRD-11,2008-08-01,615.1,185.6,0
PRD-11,2008-09-01,525.5,351.7,0
PRD-11,2008-10-01,445.9,326.2,0
PRD-11,2008-11-01,507.2,337.5,0
PRD-11,2008-12-01,486.8,328.9,0
PRD-11,2009-01-01,511.3,373.1,0
PRD-11,2009-02-01,473,439.3,0
PRD-11,2009-03-01,450.6,289.1,0
PRD-11,2009-04-01,397.8,341.7,0
PRD-11,2009-05-01,328.4,424.8,0
PRD-11,2009-06-01,359,452.7,0
PRD-11,2009-07-01,331.4,402.4,0
PRD-11,2009-08-01,317.8,439.2,0
PRD-11,2009-09-01,315,454.5,0
PRD-11,2009-10-01,315.4,438.1,0
PRD-11,2009-11-01,274.1,478.5,0
PRD-11,2009-12-01,238.5,431.1,0
PRD-11,2010-01-01,287.3,472.9,0
PRD-11,2010-02-01,280.1,607.5,0
PRD-11,2010-03-01,268.6,499.6,0
PRD-11,2010-04-01,265.5,569.9,0
PRD-11,2010-05-01,264.8,544,0
PRD-11,2010-06-01,253.7,631.9,0
PRD-11,2010-07-01,228.5,583.1,0
PRD-11,2010-08-01,231.9,634.6,0
PRD-11,2010-09-01,208.6,591,0
PRD-11,2010-10-01,230.4,654.3,0
PRD-11,2010-11-01,201,598,0
PRD-11,2010-12-01,203.8,594.9,0
PRD-11,2011-01-01,223.3,621.5,0
PRD-11,2011-02-01,204.8,676.6,0
PRD-11,2011-03-01,185.2,569.3,0
PRD-11,2011-04-01,194.6,641.7,0
PRD-11,2011-05-01,199.2,578.9,0
PRD-11,2011-06-01,190.1,681.7,0
PRD-11,2011-07-01,161.4,636.6,0
PRD-11,2011-08-01,167.7,611.1,0
PRD-11,2011-09-01,158.9,727.7,0
PRD-11,2011-10-01,160.8,667.8,0
PRD-11,2011-11-01,149.3,645.8,0
PRD-11,2011-12-01,138.9,638.5,0
PRD-11,2012-01-01,146.9,771.4,0
PRD-11,2012-02-01,131.5,714.6,0
PRD-11,2012-03-01,117.9,598,0
PRD-11,2012-04-01,131.1,653.5,0
PRD-11,2012-05-01,120.2,584.6,0
PRD-11,2012-06-01,129.7,726.5,0
PRD-11,2012-07-01,132.3,670.9,0
PRD-11,2012-08-01,119.5,644.9,0
PRD-11,2012-09-01,124.4,685.8,0
PRD-11,2012-10-01,124.1,729.5,0
PRD-11,2012-11-01,119.3,774.1,0
PRD-11,2012-12-01,114.8,705.2,0
PRD-11,2013-01-01,106,689.1,0
PRD-11,2013-02-01,99.9,729.5,0
PRD-11,2013-03-01,115.9,740.7,0
PRD-11,2013-04-01,108.2,703.6,0
PRD-11,2013-05-01,112,701.4,0
PRD-11,2013-06-01,99.3,733.1,0
PRD-11,2013-07-01,110.6,719.2,0
PRD-11,2013-08-01,98.5,703.9,0
PRD-11,2013-09-01,98.1,739.7,0
PRD-11,2013-10-01,96.2,746.2,0
PRD-11,2013-11-01,99.5,776.3,0
PRD-11,2013-12-01,87.4,678.8,0
PRD-11,2014-01-01,90.7,716.2,0
PRD-11,2014-02-01,90,754.6,0
PRD-11,2014-03-01,77.8,672,0
PRD-11,2014-04-01,90.4,749.6,0
PRD-11,2014-05-01,85,635,0
PRD-11,2014-06-01,78.8,676.4,0
PRD-11,2014-07-01,86.2,673.1,0
PRD-11,2014-08-01,77.4,612.7,0
PRD-11,2014-09-01,88.1,786.2,0
PRD-11,2014-10-01,83.8,785.3,0
PRD-11,2014-11-01,80.3,731.3,0
PRD-11,2014-12-01,79.5,688.1,0
PRD-11,2015-01-01,83.3,745.5,0
PRD-11,2015-02-01,82,788.5,0
PRD-11,2015-03-01,70.6,701.6,0
PRD-11,2015-04-01,72.9,728.2,0
PRD-11,2015-05-01,73.4,740.6,0
PRD-11,2015-06-01,70.1,762.9,0
PRD-11,2015-07-01,86.2,840.6,0
PRD-11,2015-08-01,69.8,690.7,0
PRD-11,2015-09-01,72,688.2,0
PRD-11,2015-10-01,65.4,662.3,0
PRD-11,2015-11-01,76.6,800.5,0
PRD-11,2015-12-01,70,730.1,0
PRD-11,2016-01-01,71.3,801.7,0
PRD-11,2016-02-01,67.6,807.9,0
PRD-11,2016-03-01,76.1,789.7,0
PRD-11,2016-04-01,66.7,748.1,0
PRD-11,2016-05-01,73.9,765.9,0
PRD-11,2016-06-01,67.4,825.5,0
PRD-11,2016-07-01,59.4,709.4,0
PRD-11,2016-08-01,78.6,791.5,0
PRD-11,2016-09-01,110.6,849.6,0
PRD-11,2016-10-01,127.8,804.7,0
PRD-11,2016-11-01,168.3,940.1,0
PRD-11,2016-12-01,191.4,903.2,0
PRD-11,2017-01-01,207.4,877.7,0
PRD-11,2017-02-01,224.7,1030.4,0
PRD-11,2017-03-01,236.7,848.9,0
PRD-11,2017-04-01,207,753.3,0
PRD-11,2017-05-01,246.4,880.2,0
PRD-11,2017-06-01,281,936.8,0
PRD-11,2017-07-01,264.4,829.6,0
PRD-11,2017-08-01,314.2,891.3,0
PRD-11,2017-09-01,329.7,964.6,0
PRD-11,2017-10-01,329.2,854.5,0
PRD-11,2017-11-01,342.5,869.1,0
PRD-11,2017-12-01,359.1,882.1,0
PRD-11,2018-01-01,347.7,795.7,0
PRD-11,2018-02-01,365.2,1107.6,0
PRD-11,2018-03-01,346.3,895.5,0
PRD-11,2018-04-01,322.7,854.4,0
PRD-11,2018-05-01,380.4,806.6,0
PRD-11,2018-06-01,348.2,838.6,0
PRD-11,2018-07-01,347.4,883.5,0
PRD-11,2018-08-01,312.3,932.9,0
PRD-11,2018-09-01,304.5,927.6,0
PRD-11,2018-10-01,332.3,945.9,0
PRD-11,2018-11-01,304.9,946.1,0
PRD-11,2018-12-01,298.7,1063,0
PRD-11,2019-01-01,235.6,935.8,0
PRD-11,2019-02-01,260.5,1151,0
PRD-11,2019-03-01,268.6,1148.7,0
PRD-11,2019-04-01,235,1169.8,0
PRD-11,2019-05-01,212.2,1024.4,0
PRD-11,2019-06-01,197.5,1046.4,0
PRD-11,2019-07-01,189,985.7,0
PRD-11,2019-08-01,178.4,987.9,0
PRD-11,2019-09-01,210.3,1166.4,0
PRD-11,2019-10-01,169.2,952.6,0
PRD-11,2019-11-01,212.8,1215,0
PRD-11,2019-12-01,167.4,1021.2,0
PRD-11,2020-01-01,170.7,1000.9,0
PRD-11,2020-02-01,87.4,543.5,0
PRD-11,2020-03-01,169.4,997.3,0
PRD-11,2020-04-01,175.5,1171.8,0
PRD-11,2020-05-01,168.5,997.4,0
PRD-11,2020-06-01,174.8,1196.5,0
PRD-11,2020-07-01,149,976.1,0
PRD-11,2020-08-01,158.7,1114.8,0
PRD-11,2020-09-01,143.4,1103.4,0
PRD-11,2020-10-01,151.7,1083.9,0
PRD-11,2020-11-01,157.2,1199.9,0
PRD-11,2020-12-01,131.1,1023,0
PRD-11,2021-01-01,136,1107.1,0
PRD-11,2021-02-01,148.5,1261.4,0
PRD-11,2021-03-01,127.8,1100,0
PRD-11,2021-04-01,125.2,1054.6,0
PRD-11,2021-05-01,128.6,1036.9,0
PRD-11,2021-06-01,132.8,1092.7,0
PRD-11,2021-07-01,121.8,1052.1,0
PRD-11,2021-08-01,113.5,991.3,0
PRD-11,2021-09-01,131.2,1138.9,0
PRD-11,2021-10-01,117,1080.9,0
PRD-11,2021-11-01,119.6,1213.4,0
PRD-11,2021-12-01,99.6,965.4,0
PRD-11,2022-01-01,114.8,1088.3,0
PRD-11,2022-02-01,120.5,1238.6,0
PRD-11,2022-03-01,102.1,999,0
PRD-11,2022-04-01,103.6,1064.1,0
PRD-11,2022-05-01,119.7,1150.3,0
PRD-11,2022-06-01,102.7,1091.9,0
PRD-11,2022-07-01,107.7,1082.8,0
PRD-11,2022-08-01,109.7,1049.3,0
PRD-11,2022-09-01,103.3,1066.6,0
PRD-11,2022-10-01,131.3,1305.5,0
PRD-11,2022-11-01,99.6,1178.8,0
PRD-11,2022-12-01,101.9,1140.6,0
PRD-11,2023-01-01,102.6,1224,0
PRD-11,2023-02-01,107.4,1354.2,0
PRD-11,2023-03-01,98.8,1157.2,0
PRD-11,2023-04-01,93.7,1139.3,0
PRD-11,2023-05-01,95.3,1118.4,0
PRD-11,2023-06-01,92.8,1158,0
PRD-11,2023-07-01,101.7,1232.6,0
PRD-11,2023-08-01,98.6,1276.9,0
PRD-11,2023-09-01,83.2,1081.3,0
PRD-11,2023-10-01,91.2,1133.4,0
PRD-11,2023-11-01,98.2,1278.3,0
PRD-11,2023-12-01,93.6,1304.1,0
PRD-11,2024-01-01,92.4,1251.6,0
PRD-11,2024-02-01,79.5,1190.4,0
PRD-11,2024-03-01,84.8,1172.8,0
PRD-11,2024-04-01,85.2,1162.6,0
PRD-11,2024-05-01,76.8,1076.4,0
PRD-11,2024-06-01,85.7,1188.1,0
PRD-11,2024-07-01,87.6,1203.8,0
PRD-11,2024-08-01,73.9,1081.5,0
PRD-11,2024-09-01,78.3,1167.4,0
PRD-11,2024-10-01,87.6,1273.7,0
PRD-11,2024-11-01,81.9,1247.7,0
PRD-11,2024-12-01,74,1150.7,0
PRD-11,2025-01-01,73.1,1185,0
PRD-11,2025-02-01,72.8,1244.7,0
PRD-11,2025-03-01,79.7,1229.8,0
PRD-11,2025-04-01,79.3,1213.6,0
PRD-11,2025-05-01,79.8,1196.6,0
PRD-11,2025-06-01,68.7,1065.7,0
PRD-11,2025-07-01,80.2,1178,0
PRD-11,2025-08-01,66.9,1136.3,0
PRD-11,2025-09-01,82.8,1375.4,0
PRD-11,2025-10-01,77.4,1279.7,0
PRD-11,2025-11-01,68.2,1137.7,0
PRD-11,2025-12-01,74.9,1247.7,0
PRD-11,2026-01-01,58.1,1107.8,0
PRD-11,2026-02-01,61.1,1242.8,0
PRD-11,2026-03-01,62.5,1218.7,0
PRD-11,2026-04-01,63.1,1286.8,0
PRD-11,2026-05-01,69,1265.9,0
PRD-11,2026-06-01,58.7,1092.4,0
PRD-11,2026-07-01,57.7,1148.6,0
PRD-11,2026-08-01,63.9,1271.1,0
PRD-12,2000-11-01,197.6,10.7,0
PRD-12,2000-12-01,215.3,11.8,0
PRD-12,2001-01-01,166.1,9.1,0
PRD-12,2001-02-01,182.2,10.1,0
PRD-12,2001-03-01,204.1,11.4,0
PRD-12,2001-04-01,182.4,10.3,0
PRD-12,2001-05-01,203.2,11.5,0
PRD-12,2001-06-01,185.8,10.6,0
PRD-12,2001-07-01,194.6,11.2,0
PRD-12,2001-08-01,159.8,9.3,0
PRD-12,2001-09-01,177.7,10.4,0
PRD-12,2001-10-01,180.6,10.6,0
PRD-12,2001-11-01,176.1,10.4,0
PRD-12,2001-12-01,179.5,10.7,0
PRD-12,2002-01-01,171.4,10.3,0
PRD-12,2002-02-01,162,9.8,0
PRD-12,2002-03-01,172.1,10.5,0
PRD-12,2002-04-01,161.8,9.9,0
PRD-12,2002-05-01,169.3,10.4,0
PRD-12,2002-06-01,168.2,10.4,0
PRD-12,2002-07-01,158.2,9.9,0
PRD-12,2002-08-01,183.6,11.6,0
PRD-12,2002-09-01,171.1,10.8,0
PRD-12,2002-10-01,157.1,10,0
PRD-12,2002-11-01,153.2,9.8,0
PRD-12,2002-12-01,176.5,11.4,0
PRD-12,2003-01-01,164.1,10.7,0
PRD-12,2003-02-01,176.2,11.5,0
PRD-12,2003-03-01,170.7,11.2,0
PRD-12,2003-04-01,157.5,10.4,0
PRD-12,2003-05-01,150.4,10,0
PRD-12,2003-06-01,159,10.7,0
PRD-12,2003-07-01,151.8,10.2,0
PRD-12,2003-08-01,163.9,11.1,0
PRD-12,2003-09-01,143.3,9.8,0
PRD-12,2003-10-01,148.4,10.2,0
PRD-12,2003-11-01,138.1,9.6,0
PRD-12,2003-12-01,147.3,10.2,0
PRD-12,2004-01-01,146.7,10.3,0
PRD-12,2004-02-01,118,8.3,0
PRD-12,2004-03-01,147,10.4,0
PRD-12,2004-04-01,126.4,9,0
PRD-12,2004-05-01,146.3,10.5,0
PRD-12,2004-06-01,151.5,10.9,0
PRD-12,2004-07-01,127.1,9.2,0
PRD-12,2004-08-01,133.4,9.7,0
PRD-12,2004-09-01,136,10,0
PRD-12,2004-10-01,130,9.6,0
PRD-12,2004-11-01,126.5,9.4,0
PRD-12,2004-12-01,127.6,9.5,0
PRD-12,2005-01-01,126.9,9.5,0
PRD-12,2005-02-01,127.3,9.6,0
PRD-12,2005-03-01,132.3,10,0
PRD-12,2005-04-01,125.5,9.6,0
PRD-12,2005-05-01,111.6,8.6,0
PRD-12,2005-06-01,124.8,9.6,0
PRD-12,2005-07-01,117.5,9.1,0
PRD-12,2005-08-01,114.2,8.9,0
PRD-12,2005-09-01,110.6,8.7,0
PRD-12,2005-10-01,102,8,0
PRD-12,2005-11-01,128.7,10.2,0
PRD-12,2005-12-01,107.6,8.6,0
PRD-12,2006-01-01,112.7,9,0
PRD-12,2006-02-01,103.6,8.3,0
PRD-12,2006-03-01,112.8,9.1,0
PRD-12,2006-04-01,99.6,8.1,0
PRD-12,2006-05-01,116.1,9.5,0
PRD-12,2006-06-01,108.1,8.9,0
PRD-12,2006-07-01,100.8,8.3,0
PRD-12,2006-08-01,106.9,8.9,0
PRD-12,2006-09-01,103.9,8.7,0
PRD-12,2006-10-01,90.9,7.6,0
PRD-12,2006-11-01,99.4,8.4,0
PRD-12,2006-12-01,94.1,8,0
PRD-12,2007-01-01,90.5,7.7,0
PRD-12,2007-02-01,109.2,9.3,0
PRD-12,2007-03-01,95.1,8.2,0
PRD-12,2007-04-01,88.7,14.8,0
PRD-12,2007-05-01,110.3,45.1,0
PRD-12,2007-06-01,188.3,107.9,0
PRD-12,2007-07-01,289.3,196.8,0
PRD-12,2007-08-01,465.7,328.8,0
PRD-12,2007-09-01,584.4,485.9,0
PRD-12,2007-10-01,556.8,462.9,0
PRD-12,2007-11-01,657.6,591.2,0
PRD-12,2007-12-01,809.9,626.8,0
PRD-12,2008-01-01,782.9,549.5,0
PRD-12,2008-02-01,830.4,659.5,0
PRD-12,2008-03-01,902.4,640.3,0
PRD-12,2008-04-01,873.2,632.6,0
PRD-12,2008-05-01,838.5,665.2,0
PRD-12,2008-06-01,820.1,725.9,0
PRD-12,2008-07-01,830.9,670.5,0
PRD-12,2008-08-01,880.2,551,0
PRD-12,2008-09-01,851,834.8,0
PRD-12,2008-10-01,751.4,794.5,0
PRD-12,2008-11-01,743.2,718.7,0
PRD-12,2008-12-01,798.5,737.8,0
PRD-12,2009-01-01,797.4,869.1,0
PRD-12,2009-02-01,819.9,1052.7,0
PRD-12,2009-03-01,697.5,699.1,0
PRD-12,2009-04-01,762.5,915.6,0
PRD-12,2009-05-01,681.2,911.3,0
PRD-12,2009-06-01,764.9,1057.9,0
PRD-12,2009-07-01,574.4,808.8,0
PRD-12,2009-08-01,625.7,871.8,0
PRD-12,2009-09-01,617.7,1054.7,0
PRD-12,2009-10-01,555,907.9,0
PRD-12,2009-11-01,569.2,1027.8,0
PRD-12,2009-12-01,536.2,993.6,0
PRD-12,2010-01-01,590.8,993.5,0
PRD-12,2010-02-01,500.2,1216.6,0
PRD-12,2010-03-01,481.7,995.3,0
PRD-12,2010-04-01,439.8,1050.4,0
PRD-12,2010-05-01,451.1,1053.2,0
PRD-12,2010-06-01,465.7,1265.7,0
PRD-12,2010-07-01,458.4,1224.8,0
PRD-12,2010-08-01,452.8,1277,0
PRD-12,2010-09-01,413,1234,0
PRD-12,2010-10-01,431.5,1294.2,0
PRD-12,2010-11-01,381.6,1227.9,0
PRD-12,2010-12-01,385.8,1199.6,0
PRD-12,2011-01-01,355.3,1175,0
PRD-12,2011-02-01,380.9,1458.7,0
PRD-12,2011-03-01,176.7,614.5,0
PRD-12,2011-04-01,328,1245.5,0
PRD-12,2011-05-01,348.1,1278.4,0
PRD-12,2011-06-01,330.4,1353.7,0
PRD-12,2011-07-01,273.4,1228.5,0
PRD-12,2011-08-01,312.3,1360.4,0
PRD-12,2011-09-01,307.4,1478.6,0
PRD-12,2011-10-01,327.7,1328.1,0
PRD-12,2011-11-01,322.1,1428.3,0
PRD-12,2011-12-01,335,1409.8,0
PRD-12,2012-01-01,373.3,1598.3,0
PRD-12,2012-02-01,400.7,1843.1,0
PRD-12,2012-03-01,372.9,1553,0
PRD-12,2012-04-01,371.1,1474.6,0
PRD-12,2012-05-01,405.5,1629,0
PRD-12,2012-06-01,430.7,1836.9,0
PRD-12,2012-07-01,420.5,1736,0
PRD-12,2012-08-01,354.5,1419,0
PRD-12,2012-09-01,416.4,1689.6,0
PRD-12,2012-10-01,404.4,1699.5,0
PRD-12,2012-11-01,431.5,1793.8,0
PRD-12,2012-12-01,389.3,1558.3,0
PRD-12,2013-01-01,373.9,1588.6,0
PRD-12,2013-02-01,423,1919.4,0
PRD-12,2013-03-01,427.7,1668.9,0
PRD-12,2013-04-01,420.7,1635.4,0
PRD-12,2013-05-01,413.6,1635.8,0
PRD-12,2013-06-01,444.2,1839.5,0
PRD-12,2013-07-01,473.7,1759.3,0
PRD-12,2013-08-01,403.9,1826,0
PRD-12,2013-09-01,343.8,1704.7,0
PRD-12,2013-10-01,360.1,1711.1,0
PRD-12,2013-11-01,323,1737.5,0
PRD-12,2013-12-01,356.3,1779.4,0
PRD-12,2014-01-01,333.7,1672.9,0
PRD-12,2014-02-01,341,1875.4,0
PRD-12,2014-03-01,330.6,1642.7,0
PRD-12,2014-04-01,326.4,1736.7,0
PRD-12,2014-05-01,332.7,1674.2,0
PRD-12,2014-06-01,326.1,1769.1,0
PRD-12,2014-07-01,351,1902.5,0
PRD-12,2014-08-01,322.9,1878.8,0
PRD-12,2014-09-01,283.1,1815.3,0
PRD-12,2014-10-01,290.3,1848,0
PRD-12,2014-11-01,279.6,1827,0
PRD-12,2014-12-01,269,1805.9,0
PRD-12,2015-01-01,277.3,1874.8,0
PRD-12,2015-02-01,309,2312,0
PRD-12,2015-03-01,266.5,1820.2,0
PRD-12,2015-04-01,259.2,1878.1,0
PRD-12,2015-05-01,255.7,1983.8,0
PRD-12,2015-06-01,267.9,2025,0
PRD-12,2015-07-01,237.4,1693.6,0
PRD-12,2015-08-01,262.9,1950.9,0
PRD-12,2015-09-01,268,2232.2,0
PRD-12,2015-10-01,207.3,1794.9,0
PRD-12,2015-11-01,220.4,1925.2,0
PRD-12,2015-12-01,205.2,1784.3,0
PRD-12,2016-01-01,232.3,2024.4,0
PRD-12,2016-02-01,215.3,2122,0
PRD-12,2016-03-01,211.4,1854.7,0
PRD-12,2016-04-01,232.9,2216.8,0
PRD-12,2016-05-01,214.7,1982.9,0
PRD-12,2016-06-01,229.7,2386.3,0
PRD-12,2016-07-01,182.8,1802.8,0
PRD-12,2016-08-01,213.2,1977.9,0
PRD-12,2016-09-01,256.2,2265.5,0
PRD-12,2016-10-01,256.6,1985.4,0
PRD-12,2016-11-01,301.5,2251.1,0
PRD-12,2016-12-01,313.1,2068.4,0
PRD-12,2017-01-01,328.5,2100.4,0
PRD-12,2017-02-01,346.3,2437.4,0
PRD-12,2017-03-01,358.5,2056.1,0
PRD-12,2017-04-01,352.2,2036.7,0
PRD-12,2017-05-01,378.5,2176,0
PRD-12,2017-06-01,395.2,2173.6,0
PRD-12,2017-07-01,354.1,1865.5,0
PRD-12,2017-08-01,418.9,2120.9,0
PRD-12,2017-09-01,455.2,2320.5,0
PRD-12,2017-10-01,450.9,2165.1,0
PRD-12,2017-11-01,445.8,2074,0
PRD-12,2017-12-01,431.3,1992.8,0
PRD-12,2018-01-01,500.4,2199.2,0
PRD-12,2018-02-01,460,2529.8,0
PRD-12,2018-03-01,419.6,2025.8,0
PRD-12,2018-04-01,464.5,2313.5,0
PRD-12,2018-05-01,446.5,1902.2,0
PRD-12,2018-06-01,478.3,2231.9,0
PRD-12,2018-07-01,430.7,2065.5,0
PRD-12,2018-08-01,414.8,2238.1,0
PRD-12,2018-09-01,420.7,2336.7,0
PRD-12,2018-10-01,463.8,2422.9,0
PRD-12,2018-11-01,374.4,2128.9,0
PRD-12,2018-12-01,331.6,2054.3,0
PRD-12,2019-01-01,352,2375.4,0
PRD-12,2019-02-01,339.8,2457,0
PRD-12,2019-03-01,159.6,1120.1,0
PRD-12,2019-04-01,321.1,2492.7,0
PRD-12,2019-05-01,161.9,1221.1,0
PRD-12,2019-06-01,293.1,2375.5,0
PRD-12,2019-07-01,297.9,2382.5,0
PRD-12,2019-08-01,273.8,2326.3,0
PRD-12,2019-09-01,299.6,2498.5,0
PRD-12,2019-10-01,281.1,2359.5,0
PRD-12,2019-11-01,251.6,2173.6,0
PRD-12,2019-12-01,252.6,2306.5,0
PRD-12,2020-01-01,261.4,2373.6,0
PRD-12,2020-02-01,296.3,2886.7,0
PRD-12,2020-03-01,269.3,2422,0
PRD-12,2020-04-01,253.3,2494.3,0
PRD-12,2020-05-01,236.6,2149.9,0
PRD-12,2020-06-01,241.2,2402.5,0
PRD-12,2020-07-01,250.8,2383.1,0
PRD-12,2020-08-01,235.3,2355.5,0
PRD-12,2020-09-01,212.3,2310.4,0
PRD-12,2020-10-01,239.8,2397.2,0
PRD-12,2020-11-01,233.3,2546.3,0
PRD-12,2020-12-01,233,2494.4,0
PRD-12,2021-01-01,114.7,1275.4,0
PRD-12,2021-02-01,183.7,2232.1,0
PRD-12,2021-03-01,212.5,2468.8,0
PRD-12,2021-04-01,209.4,2488.2,0
PRD-12,2021-05-01,185.4,2113.9,0
PRD-12,2021-06-01,197.2,2328.6,0
PRD-12,2021-07-01,186.5,2208.7,0
PRD-12,2021-08-01,191.1,2364.5,0
PRD-12,2021-09-01,208.1,2612.9,0
PRD-12,2021-10-01,102.6,1308.9,0
PRD-12,2021-11-01,197.1,2732.5,0
PRD-12,2021-12-01,167.3,2213,0
PRD-12,2022-01-01,172.7,2289.3,0
PRD-12,2022-02-01,189.1,2730.9,0
PRD-12,2022-03-01,175.6,2410,0
PRD-12,2022-04-01,174.8,2458.7,0
PRD-12,2022-05-01,176.7,2385.1,0
PRD-12,2022-06-01,176.2,2533.2,0
PRD-12,2022-07-01,158.7,2211.4,0
PRD-12,2022-08-01,176.6,2380.6,0
PRD-12,2022-09-01,164.8,2421.1,0
PRD-12,2022-10-01,173.8,2413.2,0
PRD-12,2022-11-01,150.1,2358.4,0
PRD-12,2022-12-01,174.4,2596.4,0
PRD-12,2023-01-01,153.2,2449.7,0
PRD-12,2023-02-01,155,2683,0
PRD-12,2023-03-01,149.2,2356.9,0
PRD-12,2023-04-01,147.6,2407.9,0
PRD-12,2023-05-01,144.2,2233,0
PRD-12,2023-06-01,145.6,2427.1,0
PRD-12,2023-07-01,149.9,2401.6,0
PRD-12,2023-08-01,134.1,2261.4,0
PRD-12,2023-09-01,148.6,2564.5,0
PRD-12,2023-10-01,153.4,2513.4,0
PRD-12,2023-11-01,153.1,2555.2,0
PRD-12,2023-12-01,143.4,2521.5,0
PRD-12,2024-01-01,140.7,2456.7,0
PRD-12,2024-02-01,141.7,2688.4,0
PRD-12,2024-03-01,141.6,2539.9,0
PRD-12,2024-04-01,149.9,2757.7,0
PRD-12,2024-05-01,135.1,2410.7,0
PRD-12,2024-06-01,138,2505.7,0
PRD-12,2024-07-01,133.8,2410.4,0
PRD-12,2024-08-01,131,2486.2,0
PRD-12,2024-09-01,144.4,2872,0
PRD-12,2024-10-01,137,2614.4,0
PRD-12,2024-11-01,127.9,2588.2,0
PRD-12,2024-12-01,126.6,2520.6,0
PRD-12,2025-01-01,120.8,2465.1,0
PRD-12,2025-02-01,64.5,1398.7,0
PRD-12,2025-03-01,126.6,2564,0
PRD-12,2025-04-01,130.3,2623.5,0
PRD-12,2025-05-01,134.2,2644.7,0
PRD-12,2025-06-01,116.2,2381.6,0
PRD-12,2025-07-01,129.9,2578.8,0
PRD-12,2025-08-01,125.9,2674.2,0
PRD-12,2025-09-01,118.8,2526.1,0
PRD-12,2025-10-01,123.9,2575.6,0
PRD-12,2025-11-01,116.2,2475.6,0
PRD-12,2025-12-01,121.1,2513,0
PRD-12,2026-01-01,106.9,2506.4,0
PRD-12,2026-02-01,111,2829.6,0
PRD-12,2026-03-01,105.7,2482,0
PRD-12,2026-04-01,111.5,2771.2,0
PRD-12,2026-05-01,96.3,2259,0
PRD-12,2026-06-01,102.3,2450.2,0
PRD-12,2026-07-01,101,2453.4,0
PRD-12,2026-08-01,119,2971.5,0
PRD-13,2002-01-01,176.2,10.6,0
PRD-13,2002-02-01,195.5,11.8,0
PRD-13,2002-03-01,171.2,10.4,0
PRD-13,2002-04-01,170.6,10.5,0
PRD-13,2002-05-01,162.5,10,0
PRD-13,2002-06-01,179.5,11.1,0
PRD-13,2002-07-01,156.8,9.8,0
PRD-13,2002-08-01,151.3,9.5,0
PRD-13,2002-09-01,160.1,10.1,0
PRD-13,2002-10-01,151.6,9.7,0
PRD-13,2002-11-01,85.4,5.5,0
PRD-13,2002-12-01,161.8,10.5,0
PRD-13,2003-01-01,157.8,10.3,0
PRD-13,2003-02-01,148.3,9.7,0
PRD-13,2003-03-01,146.7,9.7,0
PRD-13,2003-04-01,149.2,9.9,0
PRD-13,2003-05-01,141.3,9.4,0
PRD-13,2003-06-01,153.7,10.3,0
PRD-13,2003-07-01,145.2,9.8,0
PRD-13,2003-08-01,134.5,9.1,0
PRD-13,2003-09-01,127.7,8.7,0
PRD-13,2003-10-01,123.5,8.5,0
PRD-13,2003-11-01,148,10.2,0
PRD-13,2003-12-01,147.4,10.3,0
PRD-13,2004-01-01,138.6,9.7,0
PRD-13,2004-02-01,134.2,9.5,0
PRD-13,2004-03-01,133,9.4,0
PRD-13,2004-04-01,129.1,9.2,0
PRD-13,2004-05-01,126.3,9.1,0
PRD-13,2004-06-01,122.5,8.8,0
PRD-13,2004-07-01,135.6,9.8,0
PRD-13,2004-08-01,127.1,9.3,0
PRD-13,2004-09-01,118.9,8.7,0
PRD-13,2004-10-01,124.9,9.2,0
PRD-13,2004-11-01,62.2,4.6,0
PRD-13,2004-12-01,121.7,9.1,0
PRD-13,2005-01-01,129.3,9.7,0
PRD-13,2005-02-01,130.2,9.8,0
PRD-13,2005-03-01,122.2,9.3,0
PRD-13,2005-04-01,119.9,9.1,0
PRD-13,2005-05-01,107.6,8.2,0
PRD-13,2005-06-01,110.3,8.5,0
PRD-13,2005-07-01,123.9,9.6,0
PRD-13,2005-08-01,112.8,8.8,0
PRD-13,2005-09-01,111.6,8.7,0
PRD-13,2005-10-01,122,9.6,0
PRD-13,2005-11-01,101.9,8.1,0
PRD-13,2005-12-01,105.1,8.4,0
PRD-13,2006-01-01,107.3,8.6,0
PRD-13,2006-02-01,118.1,9.5,0
PRD-13,2006-03-01,114.1,9.2,0
PRD-13,2006-04-01,108.2,8.8,0
PRD-13,2006-05-01,106.2,8.7,0
PRD-13,2006-06-01,96.3,7.9,0
PRD-13,2006-07-01,118.9,9.8,0
PRD-13,2006-08-01,103.1,8.5,0
PRD-13,2006-09-01,101.4,8.5,0
PRD-13,2006-10-01,100.1,8.4,0
PRD-13,2006-11-01,87.4,7.4,0
PRD-13,2006-12-01,92.6,7.8,0
PRD-13,2007-01-01,97.5,8.3,0
PRD-13,2007-02-01,85.3,7.3,0
PRD-13,2007-03-01,95.6,8.2,0
PRD-13,2007-04-01,90.9,11.9,0
PRD-13,2007-05-01,112.8,29,0
PRD-13,2007-06-01,194,69.2,0
PRD-13,2007-07-01,192.5,92.6,0
PRD-13,2007-08-01,293.4,166.1,0
PRD-13,2007-09-01,323,244.8,0
PRD-13,2007-10-01,310,244.4,0
PRD-13,2007-11-01,347,291,0
PRD-13,2007-12-01,408.6,303.1,0
PRD-13,2008-01-01,456,317.6,0
PRD-13,2008-02-01,431.5,354.1,0
PRD-13,2008-03-01,465.4,334.1,0
PRD-13,2008-04-01,373.4,409.5,0
PRD-13,2008-05-01,388.8,397.5,0
PRD-13,2008-06-01,371.1,483.6,0
PRD-13,2008-07-01,297.4,398.2,0
PRD-13,2008-08-01,414,442.4,0
PRD-13,2008-09-01,333.6,434.9,0
PRD-13,2008-10-01,342.4,469.4,0
PRD-13,2008-11-01,354.2,450.7,0
PRD-13,2008-12-01,400,457.8,0
PRD-13,2009-01-01,363.2,531,0
PRD-13,2009-02-01,372.5,600.2,0
PRD-13,2009-03-01,307.2,431.5,0
PRD-13,2009-04-01,330.1,504.5,0
PRD-13,2009-05-01,354.6,446.4,0
PRD-13,2009-06-01,344.1,473.9,0
PRD-13,2009-07-01,294.5,434.5,0
PRD-13,2009-08-01,394.7,505.5,0
PRD-13,2009-09-01,327,591.6,0
PRD-13,2009-10-01,347.1,599.1,0
PRD-13,2009-11-01,297.2,498.6,0
PRD-13,2009-12-01,285.2,484.3,0
PRD-13,2010-01-01,311.6,483.5,0
PRD-13,2010-02-01,236.4,569.8,0
PRD-13,2010-03-01,284.8,580.6,0
PRD-13,2010-04-01,257.9,604.9,0
PRD-13,2010-05-01,248.3,583.2,0
PRD-13,2010-06-01,232.8,605.8,0
PRD-13,2010-07-01,226.1,554.1,0
PRD-13,2010-08-01,240.1,611,0
PRD-13,2010-09-01,198.7,546.2,0
PRD-13,2010-10-01,224.8,619.5,0
PRD-13,2010-11-01,194.3,585.1,0
PRD-13,2010-12-01,237.3,681.5,0
PRD-13,2011-01-01,183.6,620.3,0
PRD-13,2011-02-01,176.7,673.3,0
PRD-13,2011-03-01,177.7,599.4,0
PRD-13,2011-04-01,181.4,677.5,0
PRD-13,2011-05-01,171.4,690.3,0
PRD-13,2011-06-01,163.4,653.5,0
PRD-13,2011-07-01,157,674.7,0
PRD-13,2011-08-01,187.2,826.9,0
PRD-13,2011-09-01,183,792,0
PRD-13,2011-10-01,201.9,730.1,0
PRD-13,2011-11-01,266.9,948.5,0
PRD-13,2011-12-01,345.4,869.3,0
PRD-13,2012-01-01,546.4,1132.3,0
PRD-13,2012-02-01,580.9,1152.7,0
PRD-13,2012-03-01,764.8,1274.2,0
PRD-13,2012-04-01,787.9,1195.9,0
PRD-13,2012-05-01,869.1,1239.1,0
PRD-13,2012-06-01,996.6,1291.9,0
PRD-13,2012-07-01,989,1182.5,0
PRD-13,2012-08-01,1105.1,1263.7,0
PRD-13,2012-09-01,1105.3,1325.6,0
PRD-13,2012-10-01,1093.3,1306.5,0
PRD-13,2012-11-01,1076.7,1227.5,0
PRD-13,2012-12-01,1308.5,1341.6,0
PRD-13,2013-01-01,1150.5,1356.8,0
PRD-13,2013-02-01,943.4,1365.7,0
PRD-13,2013-03-01,1032.9,1339.5,0
PRD-13,2013-04-01,1120.2,1383.2,0
PRD-13,2013-05-01,550.4,718.7,0
PRD-13,2013-06-01,943.6,1356.4,0
PRD-13,2013-07-01,959,1346.1,0
PRD-13,2013-08-01,892.3,1383.9,0
PRD-13,2013-09-01,803.7,1486.9,0
PRD-13,2013-10-01,794.3,1539.3,0
PRD-13,2013-11-01,767.2,1804.2,0
PRD-13,2013-12-01,780.2,1679.3,0
PRD-13,2014-01-01,762.2,1710,0
PRD-13,2014-02-01,707.8,1755.2,0
PRD-13,2014-03-01,733.8,1786.8,0
PRD-13,2014-04-01,667.6,1668.6,0
PRD-13,2014-05-01,657.9,1791.2,0
PRD-13,2014-06-01,651.8,1871.9,0
PRD-13,2014-07-01,608.1,1736.3,0
PRD-13,2014-08-01,324.1,1038.4,0
PRD-13,2014-09-01,580.6,1978.5,0
PRD-13,2014-10-01,278.5,956.3,0
PRD-13,2014-11-01,538.1,1948.5,0
PRD-13,2014-12-01,544,2013.2,0
PRD-13,2015-01-01,547.6,2089.9,0
PRD-13,2015-02-01,460.1,1991.4,0
PRD-13,2015-03-01,477.1,1901.3,0
PRD-13,2015-04-01,470.9,2033.6,0
PRD-13,2015-05-01,458.2,2060.8,0
PRD-13,2015-06-01,517.5,2331.7,0
PRD-13,2015-07-01,457.5,1977,0
PRD-13,2015-08-01,461.7,2064.5,0
PRD-13,2015-09-01,421.6,2276.1,0
PRD-13,2015-10-01,384.4,2030.8,0
PRD-13,2015-11-01,405.8,2140.9,0
PRD-13,2015-12-01,421.3,2302.7,0
PRD-13,2016-01-01,392.2,2031.2,0
PRD-13,2016-02-01,353.6,2173.7,0
PRD-13,2016-03-01,430.1,2256.7,0
PRD-13,2016-04-01,341.7,2036.7,0
PRD-13,2016-05-01,373.6,2312.2,0
PRD-13,2016-06-01,316.8,2006.2,0
PRD-13,2016-07-01,158.4,1024.6,0
PRD-13,2016-08-01,337.4,2130.5,0
PRD-13,2016-09-01,317.1,2160.5,0
PRD-13,2016-10-01,316.6,2078.5,0
PRD-13,2016-11-01,289.8,2108.4,0
PRD-13,2016-12-01,284.4,1936.4,0
PRD-13,2017-01-01,322.4,2252,0
PRD-13,2017-02-01,259.7,2221.4,0
PRD-13,2017-03-01,343,2398.7,0
PRD-13,2017-04-01,144.7,1084.5,0
PRD-13,2017-05-01,317.6,2404.8,0
PRD-13,2017-06-01,293.6,2116.7,0
PRD-13,2017-07-01,267.5,2037.1,0
PRD-13,2017-08-01,239.6,1979.3,0
PRD-13,2017-09-01,281.9,2292.1,0
PRD-13,2017-10-01,287.8,2495.5,0
PRD-13,2017-11-01,319.5,2670.5,0
PRD-13,2017-12-01,267.6,2285.1,0
PRD-13,2018-01-01,238.7,2130.6,0
PRD-13,2018-02-01,256.9,2583.5,0
PRD-13,2018-03-01,238.7,2201.1,0
PRD-13,2018-04-01,236.7,2230.1,0
PRD-13,2018-05-01,270.2,2531,0
PRD-13,2018-06-01,226.3,2214.9,0
PRD-13,2018-07-01,240,2300.2,0
PRD-13,2018-08-01,209.3,2061.9,0
PRD-13,2018-09-01,212,2194.9,0
PRD-13,2018-10-01,212.5,2169,0
PRD-13,2018-11-01,215.7,2231.6,0
PRD-13,2018-12-01,212.1,2205.6,0
PRD-13,2019-01-01,205.7,2231.3,0
PRD-13,2019-02-01,208.5,2459.9,0
PRD-13,2019-03-01,203.5,2255.9,0
PRD-13,2019-04-01,191.3,2154.6,0
PRD-13,2019-05-01,222.2,2587.1,0
PRD-13,2019-06-01,184.6,2142.9,0
PRD-13,2019-07-01,190.4,2241.5,0
PRD-13,2019-08-01,172.7,2060.2,0
PRD-13,2019-09-01,191.9,2300.9,0
PRD-13,2019-10-01,215.9,2464.3,0
PRD-13,2019-11-01,197.6,2366.3,0
PRD-13,2019-12-01,189.1,2199.8,0
PRD-13,2020-01-01,193.9,2462.9,0
PRD-13,2020-02-01,177.6,2402.8,0
PRD-13,2020-03-01,183.2,2251.4,0
PRD-13,2020-04-01,184.2,2409.8,0
PRD-13,2020-05-01,190.4,2463.1,0
PRD-13,2020-06-01,173.8,2333.4,0
PRD-13,2020-07-01,185.6,2297.1,0
PRD-13,2020-08-01,177,2314.2,0
PRD-13,2020-09-01,166.9,2310.7,0
PRD-13,2020-10-01,184.3,2510.1,0
PRD-13,2020-11-01,173.3,2564.5,0
PRD-13,2020-12-01,166.5,2369.2,0
PRD-13,2021-01-01,159.5,2211.9,0
PRD-13,2021-02-01,156.9,2573.2,0
PRD-13,2021-03-01,165.4,2326.2,0
PRD-13,2021-04-01,167.8,2564.1,0
PRD-13,2021-05-01,137.3,2039.1,0
PRD-13,2021-06-01,150.7,2317.7,0
PRD-13,2021-07-01,179.3,2676.1,0
PRD-13,2021-08-01,156.4,2477,0
PRD-13,2021-09-01,143.2,2321,0
PRD-13,2021-10-01,131.6,2112.5,0
PRD-13,2021-11-01,133.9,2288,0
PRD-13,2021-12-01,150,2448.8,0
PRD-13,2022-01-01,140.9,2383.4,0
PRD-13,2022-02-01,121,2263.1,0
PRD-13,2022-03-01,128.6,2322.5,0
PRD-13,2022-04-01,149.6,2503.6,0
PRD-13,2022-05-01,121.8,2090.9,0
PRD-13,2022-06-01,138.3,2417.2,0
PRD-13,2022-07-01,144.9,2487.3,0
PRD-13,2022-08-01,130.7,2266.3,0
PRD-13,2022-09-01,137.9,2579.4,0
PRD-13,2022-10-01,124.8,2346.2,0
PRD-13,2022-11-01,136.9,2619.3,0
PRD-13,2022-12-01,134.9,2481,0
PRD-13,2023-01-01,139.2,2616.2,0
PRD-13,2023-02-01,124.8,2674.1,0
PRD-13,2023-03-01,120.9,2277.7,0
PRD-13,2023-04-01,111.1,2251.6,0
PRD-13,2023-05-01,129.9,2461.3,0
PRD-13,2023-06-01,124.6,2523.6,0
PRD-13,2023-07-01,127.1,2501,0
PRD-13,2023-08-01,128.6,2557.7,0
PRD-13,2023-09-01,112.7,2440.7,0
PRD-13,2023-10-01,116.9,2379.8,0
PRD-13,2023-11-01,115.1,2269.6,0
PRD-13,2023-12-01,115.6,2364.8,0
PRD-13,2024-01-01,119.4,2472.2,0
PRD-13,2024-02-01,108.7,2366.7,0
PRD-13,2024-03-01,117.9,2512.7,0
PRD-13,2024-04-01,108.1,2470.6,0
PRD-13,2024-05-01,108.4,2310.1,0
PRD-13,2024-06-01,110.6,2444.9,0
PRD-13,2024-07-01,108.9,2318,0
PRD-13,2024-08-01,109.4,2437.3,0
PRD-13,2024-09-01,107.8,2587.5,0
PRD-13,2024-10-01,114.4,2588.6,0
PRD-13,2024-11-01,109.2,2579.5,0
PRD-13,2024-12-01,105.9,2482.6,0
PRD-13,2025-01-01,107.5,2450.7,0
PRD-13,2025-02-01,102.2,2602.7,0
PRD-13,2025-03-01,99.8,2418.7,0
PRD-13,2025-04-01,98.9,2418.4,0
PRD-13,2025-05-01,106.6,2574.7,0
PRD-13,2025-06-01,93.7,2344.8,0
PRD-13,2025-07-01,98.9,2403.6,0
PRD-13,2025-08-01,92,2283.7,0
PRD-13,2025-09-01,101.5,2571.4,0
PRD-13,2025-10-01,93.6,2359.4,0
PRD-13,2025-11-01,102.1,2630.4,0
PRD-13,2025-12-01,101,2500.6,0
PRD-13,2026-01-01,92.8,2425,0
PRD-13,2026-02-01,93.2,2709.7,0
PRD-13,2026-03-01,86,2296.8,0
PRD-13,2026-04-01,97.3,2590.8,0
PRD-13,2026-05-01,94.9,2552.1,0
PRD-13,2026-06-01,92.5,2574.4,0
PRD-13,2026-07-01,94.6,2534.3,0
PRD-13,2026-08-01,78.7,2217.8,0
PRD-14,2000-09-01,205.1,10.9,0
PRD-14,2000-10-01,203.1,10.9,0
PRD-14,2000-11-01,206.6,11.2,0
PRD-14,2000-12-01,211,11.5,0
PRD-14,2001-01-01,181.6,10,0
PRD-14,2001-02-01,196.6,10.9,0
PRD-14,2001-03-01,177.6,9.9,0
PRD-14,2001-04-01,204.7,11.5,0
PRD-14,2001-05-01,191.6,10.9,0
PRD-14,2001-06-01,187.2,10.7,0
PRD-14,2001-07-01,193.8,11.1,0
PRD-14,2001-08-01,94.7,5.5,0
PRD-14,2001-09-01,187.4,10.9,0
PRD-14,2001-10-01,179.5,10.5,0
PRD-14,2001-11-01,158.6,9.4,0
PRD-14,2001-12-01,168.5,10,0
PRD-14,2002-01-01,151.1,9.1,0
PRD-14,2002-02-01,179.7,10.9,0
PRD-14,2002-03-01,190,11.6,0
PRD-14,2002-04-01,199.3,12.2,0
PRD-14,2002-05-01,165.2,10.2,0
PRD-14,2002-06-01,184.1,11.4,0
PRD-14,2002-07-01,159.4,10,0
PRD-14,2002-08-01,167.2,10.5,0
PRD-14,2002-09-01,162.3,10.3,0
PRD-14,2002-10-01,170.1,10.8,0
PRD-14,2002-11-01,163.7,10.5,0
PRD-14,2002-12-01,163.4,10.5,0
PRD-14,2003-01-01,172.1,11.2,0
PRD-14,2003-02-01,142.5,9.3,0
PRD-14,2003-03-01,162.2,10.7,0
PRD-14,2003-04-01,157.9,10.5,0
PRD-14,2003-05-01,147.1,9.8,0
PRD-14,2003-06-01,157.3,10.6,0
PRD-14,2003-07-01,70.7,4.8,0
PRD-14,2003-08-01,152.2,10.3,0
PRD-14,2003-09-01,128.5,8.8,0
PRD-14,2003-10-01,130.1,8.9,0
PRD-14,2003-11-01,147.8,10.2,0
PRD-14,2003-12-01,140.4,9.8,0
PRD-14,2004-01-01,143.7,10.1,0
PRD-14,2004-02-01,129.6,9.1,0
PRD-14,2004-03-01,125.2,8.9,0
PRD-14,2004-04-01,138.1,9.8,0
PRD-14,2004-05-01,138.2,9.9,0
PRD-14,2004-06-01,125.5,9,0
PRD-14,2004-07-01,135.1,9.8,0
PRD-14,2004-08-01,121.4,8.9,0
PRD-14,2004-09-01,119.7,8.8,0
PRD-14,2004-10-01,120.4,8.9,0
PRD-14,2004-11-01,127.9,9.5,0
PRD-14,2004-12-01,118.9,8.9,0
PRD-14,2005-01-01,112.4,8.4,0
PRD-14,2005-02-01,109.7,8.3,0
PRD-14,2005-03-01,132,10,0
PRD-14,2005-04-01,126.5,9.6,0
PRD-14,2005-05-01,60.9,4.7,0
PRD-14,2005-06-01,110.7,8.5,0
PRD-14,2005-07-01,108.8,8.4,0
PRD-14,2005-08-01,111.1,8.7,0
PRD-14,2005-09-01,110.9,8.7,0
PRD-14,2005-10-01,118.5,9.3,0
PRD-14,2005-11-01,92.4,7.3,0
PRD-14,2005-12-01,112.1,8.9,0
PRD-14,2006-01-01,108.3,8.7,0
PRD-14,2006-02-01,53.6,4.3,0
PRD-14,2006-03-01,118.2,9.6,0
PRD-14,2006-04-01,106.5,8.7,0
PRD-14,2006-05-01,99.9,8.2,0
PRD-14,2006-06-01,98.3,8.1,0
PRD-14,2006-07-01,105.6,8.7,0
PRD-14,2006-08-01,109.2,9.1,0
PRD-14,2006-09-01,95.5,8,0
PRD-14,2006-10-01,99.8,8.4,0
PRD-14,2006-11-01,97.8,8.2,0
PRD-14,2006-12-01,100.9,8.5,0
PRD-14,2007-01-01,95.9,8.2,0
PRD-14,2007-02-01,100.4,8.6,0
PRD-14,2007-03-01,101.5,8.7,0
PRD-14,2007-04-01,96.3,8.3,0
PRD-14,2007-05-01,98.5,8.5,0
PRD-14,2007-06-01,90.8,7.9,0
PRD-14,2007-07-01,97.8,8.6,0
PRD-14,2007-08-01,86.1,8.6,0
PRD-14,2007-09-01,94.1,22.3,0
PRD-14,2007-10-01,102.9,52.1,0
PRD-14,2007-11-01,159.6,123.5,0
PRD-14,2007-12-01,210.8,212.2,0
PRD-14,2008-01-01,335.3,340.8,0
PRD-14,2008-02-01,164.8,216.3,0
PRD-14,2008-03-01,370.8,448.4,0
PRD-14,2008-04-01,479.2,615.6,0
PRD-14,2008-05-01,463.2,564.1,0
PRD-14,2008-06-01,478.5,662.5,0
PRD-14,2008-07-01,586.4,593.5,0
PRD-14,2008-08-01,480.2,566.1,0
PRD-14,2008-09-01,469.7,652.7,0
PRD-14,2008-10-01,485.6,743.7,0
PRD-14,2008-11-01,426.6,680.7,0
PRD-14,2008-12-01,421,740.1,0
PRD-14,2009-01-01,448.9,642.9,0
PRD-14,2009-02-01,437.3,822.9,0
PRD-14,2009-03-01,385.1,644.1,0
PRD-14,2009-04-01,409.8,684,0
PRD-14,2009-05-01,409,716.9,0
PRD-14,2009-06-01,394.9,681.5,0
PRD-14,2009-07-01,377.8,670.8,0
PRD-14,2009-08-01,417.5,831.1,0
PRD-14,2009-09-01,358.8,802.9,0
PRD-14,2009-10-01,294.9,755.8,0
PRD-14,2009-11-01,295.6,803.5,0
PRD-14,2009-12-01,308.1,782.4,0
PRD-14,2010-01-01,322.2,925.4,0
PRD-14,2010-02-01,286.3,1009.3,0
PRD-14,2010-03-01,282,835.6,0
PRD-14,2010-04-01,260,934,0
PRD-14,2010-05-01,246.5,902.3,0
PRD-14,2010-06-01,223.2,908.3,0
PRD-14,2010-07-01,241.6,917.1,0
PRD-14,2010-08-01,208,963.2,0
PRD-14,2010-09-01,203.8,976.7,0
PRD-14,2010-10-01,193.9,983.6,0
PRD-14,2010-11-01,205,1102.1,0
PRD-14,2010-12-01,182.9,1026.5,0
PRD-14,2011-01-01,161.5,857.7,0
PRD-14,2011-02-01,168.9,999.2,0
PRD-14,2011-03-01,181.6,1011,0
PRD-14,2011-04-01,180.7,1057.8,0
PRD-14,2011-05-01,157.5,944.1,0
PRD-14,2011-06-01,175.5,1119.3,0
PRD-14,2011-07-01,157.9,984.1,0
PRD-14,2011-08-01,145.6,954.2,0
PRD-14,2011-09-01,141.1,1022.9,0
PRD-14,2011-10-01,157,1135.2,0
PRD-14,2011-11-01,161.5,961.5,0
PRD-14,2011-12-01,282.5,1148.2,0
PRD-14,2012-01-01,354.9,1145,0
PRD-14,2012-02-01,508.7,1438.1,0
PRD-14,2012-03-01,570.4,1329.6,0
PRD-14,2012-04-01,618.2,1319.5,0
PRD-14,2012-05-01,669,1268.5,0
PRD-14,2012-06-01,778.5,1309,0
PRD-14,2012-07-01,866.5,1335.3,0
PRD-14,2012-08-01,925.4,1389.5,0
PRD-14,2012-09-01,837.8,1328.8,0
PRD-14,2012-10-01,837.1,1309.6,0
PRD-14,2012-11-01,923.7,1410,0
PRD-14,2012-12-01,982.6,1328.3,0
PRD-14,2013-01-01,776,1184.3,0
PRD-14,2013-02-01,380.9,735.1,0
PRD-14,2013-03-01,687.5,1236.5,0
PRD-14,2013-04-01,758.3,1291.5,0
PRD-14,2013-05-01,883.8,1588.4,0
PRD-14,2013-06-01,821.3,1670.8,0
PRD-14,2013-07-01,755.7,1561.9,0
PRD-14,2013-08-01,765.2,1588.4,0
PRD-14,2013-09-01,650,1580.6,0
PRD-14,2013-10-01,704.7,1846.9,0
PRD-14,2013-11-01,545.8,1649,0
PRD-14,2013-12-01,576.7,1629.7,0
PRD-14,2014-01-01,547.5,1632,0
PRD-14,2014-02-01,529.3,1738.1,0
PRD-14,2014-03-01,534.7,1844.6,0
PRD-14,2014-04-01,514.5,1771.1,0
PRD-14,2014-05-01,444.4,1730.5,0
PRD-14,2014-06-01,445.5,1824.3,0
PRD-14,2014-07-01,440.2,1751.4,0
PRD-14,2014-08-01,420.1,1848,0
PRD-14,2014-09-01,406.2,1864.5,0
PRD-14,2014-10-01,390.4,1819.8,0
PRD-14,2014-11-01,379.1,1849.3,0
PRD-14,2014-12-01,362.6,1759.1,0
PRD-14,2015-01-01,396.5,2006.3,0
PRD-14,2015-02-01,384.9,2160.7,0
PRD-14,2015-03-01,343.3,1855.7,0
PRD-14,2015-04-01,323.6,1875.8,0
PRD-14,2015-05-01,334.5,1930.4,0
PRD-14,2015-06-01,286.3,1720.4,0
PRD-14,2015-07-01,349.4,2043.4,0
PRD-14,2015-08-01,339.8,2032.6,0
PRD-14,2015-09-01,296,2074.1,0
PRD-14,2015-10-01,311.8,2084.2,0
PRD-14,2015-11-01,321,2170.6,0
PRD-14,2015-12-01,252.2,1786.4,0
PRD-14,2016-01-01,302.8,2006.1,0
PRD-14,2016-02-01,257.6,2002.7,0
PRD-14,2016-03-01,296,1954.8,0
PRD-14,2016-04-01,129.5,970.1,0
PRD-14,2016-05-01,242.4,1930.3,0
PRD-14,2016-06-01,258.2,2030.9,0
PRD-14,2016-07-01,246.2,1908.9,0
PRD-14,2016-08-01,283.2,2002.7,0
PRD-14,2016-09-01,345.5,2378.4,0
PRD-14,2016-10-01,311.9,1960.2,0
PRD-14,2016-11-01,329.6,2126.6,0
PRD-14,2016-12-01,368.7,2183.8,0
PRD-14,2017-01-01,357.1,2018.2,0
PRD-14,2017-02-01,391.7,2443.3,0
PRD-14,2017-03-01,216.6,1151.8,0
PRD-14,2017-04-01,387.5,2164.5,0
PRD-14,2017-05-01,463.1,2269.9,0
PRD-14,2017-06-01,491.2,2460.8,0
PRD-14,2017-07-01,450.4,2308.6,0
PRD-14,2017-08-01,415.7,2148.9,0
PRD-14,2017-09-01,461,2408.1,0
PRD-14,2017-10-01,470.2,2341.4,0
PRD-14,2017-11-01,395.3,2429.7,0
PRD-14,2017-12-01,384.5,2269.9,0
PRD-14,2018-01-01,369.3,2243.7,0
PRD-14,2018-02-01,432.1,2901.3,0
PRD-14,2018-03-01,352.8,2287.8,0
PRD-14,2018-04-01,420.1,2744.6,0
PRD-14,2018-05-01,393.1,2382,0
PRD-14,2018-06-01,336.9,2286.9,0
PRD-14,2018-07-01,413.6,2655.8,0
PRD-14,2018-08-01,338.8,2270.7,0
PRD-14,2018-09-01,372.4,2619.5,0
PRD-14,2018-10-01,315.7,2141.3,0
PRD-14,2018-11-01,345.5,2751.9,0
PRD-14,2018-12-01,327.9,2503.1,0
PRD-14,2019-01-01,305.1,2476.4,0
PRD-14,2019-02-01,280.7,2519.8,0
PRD-14,2019-03-01,298.3,2511.9,0
PRD-14,2019-04-01,280.5,2426.1,0
PRD-14,2019-05-01,284.8,2536.7,0
PRD-14,2019-06-01,241.4,2303.7,0
PRD-14,2019-07-01,248.4,2403.3,0
PRD-14,2019-08-01,272.4,2667.3,0
PRD-14,2019-09-01,236.5,2467.7,0
PRD-14,2019-10-01,233.3,2331.1,0
PRD-14,2019-11-01,238.7,2516.9,0
PRD-14,2019-12-01,262.9,2643.2,0
PRD-14,2020-01-01,236.1,2531.9,0
PRD-14,2020-02-01,250.1,2846.1,0
PRD-14,2020-03-01,233.3,2570.6,0
PRD-14,2020-04-01,230.7,2637.4,0
PRD-14,2020-05-01,221.5,2545.8,0
PRD-14,2020-06-01,246.7,2982.7,0
PRD-14,2020-07-01,222.2,2533.6,0
PRD-14,2020-08-01,228.2,2747.5,0
PRD-14,2020-09-01,197.2,2528.8,0
PRD-14,2020-10-01,194.1,2536.3,0
PRD-14,2020-11-01,196.5,2655.4,0
PRD-14,2020-12-01,99.6,1394,0
PRD-14,2021-01-01,178.4,2341.4,0
PRD-14,2021-02-01,186.1,2775.8,0
PRD-14,2021-03-01,191.3,2519.7,0
PRD-14,2021-04-01,173.3,2511.3,0
PRD-14,2021-05-01,184.8,2564.3,0
PRD-14,2021-06-01,176.6,2486.7,0
PRD-14,2021-07-01,181.1,2521.2,0
PRD-14,2021-08-01,180.8,2580.4,0
PRD-14,2021-09-01,154.9,2338.3,0
PRD-14,2021-10-01,168,2546.9,0
PRD-14,2021-11-01,80.3,1291.6,0
PRD-14,2021-12-01,194.4,2904.5,0
PRD-14,2022-01-01,167,2608.1,0
PRD-14,2022-02-01,187.9,3094,0
PRD-14,2022-03-01,142.6,2312.5,0
PRD-14,2022-04-01,161.4,2582.9,0
PRD-14,2022-05-01,145.7,2437.3,0
PRD-14,2022-06-01,156.4,2661,0
PRD-14,2022-07-01,152.7,2455.2,0
PRD-14,2022-08-01,157,2589.5,0
PRD-14,2022-09-01,166,2842.5,0
PRD-14,2022-10-01,75.8,1317.6,0
PRD-14,2022-11-01,165.4,2925,0
PRD-14,2022-12-01,151.4,2699.6,0
PRD-14,2023-01-01,166.8,2740.2,0
PRD-14,2023-02-01,138.7,2853.8,0
PRD-14,2023-03-01,131.5,2422.7,0
PRD-14,2023-04-01,144.1,2881,0
PRD-14,2023-05-01,142.6,2690.2,0
PRD-14,2023-06-01,134.7,2683.3,0
PRD-14,2023-07-01,123,2480.9,0
PRD-14,2023-08-01,139.5,2737.1,0
PRD-14,2023-09-01,118.6,2525.4,0
PRD-14,2023-10-01,127,2645.8,0
PRD-14,2023-11-01,129.3,2711.3,0
PRD-14,2023-12-01,118.6,2520.5,0
PRD-14,2024-01-01,125.9,2708.7,0
PRD-14,2024-02-01,124.2,2862.9,0
PRD-14,2024-03-01,101,2802.2,0
PRD-14,2024-04-01,93,2670.5,0
PRD-14,2024-05-01,93.6,2558.8,0
PRD-14,2024-06-01,90.3,2459.8,0
PRD-14,2024-07-01,93.8,2372.4,0
PRD-14,2024-08-01,85.3,2238.5,0
PRD-14,2024-09-01,91.8,2477.2,0
PRD-14,2024-10-01,97.8,2523.2,0
PRD-14,2024-11-01,92.7,2417,0
PRD-14,2024-12-01,80.5,2198.1,0
PRD-14,2025-01-01,88.2,2280,0
PRD-14,2025-02-01,114.5,2748.3,0
PRD-14,2025-03-01,115,2509.6,0
PRD-14,2025-04-01,130.7,3026.5,0
PRD-14,2025-05-01,113.1,2662.1,0
PRD-14,2025-06-01,105.8,2603.3,0
PRD-14,2025-07-01,102.4,2447.5,0
PRD-14,2025-08-01,110.5,2831.3,0
PRD-14,2025-09-01,120.7,3228,0
PRD-14,2025-10-01,99.7,2649.2,0
PRD-14,2025-11-01,109.5,3120.1,0
PRD-14,2025-12-01,97.1,2680.1,0
PRD-14,2026-01-01,102.1,2841.3,0
PRD-14,2026-02-01,90.9,2780.9,0
PRD-14,2026-03-01,94.3,2689.3,0
PRD-14,2026-04-01,109.6,3039.6,0
PRD-14,2026-05-01,92.1,2555.2,0
PRD-14,2026-06-01,94.3,2817.1,0
PRD-14,2026-07-01,91,2637,0
PRD-14,2026-08-01,83.7,2438.5,0
PRD-15,2001-11-01,104.7,6.2,0
PRD-15,2001-12-01,83.4,5,0
PRD-15,2002-01-01,91,5.5,0
PRD-15,2002-02-01,89.2,5.4,0
PRD-15,2002-03-01,85,5.2,0
PRD-15,2002-04-01,88.2,5.4,0
PRD-15,2002-05-01,93.4,5.8,0
PRD-15,2002-06-01,87.6,5.4,0
PRD-15,2002-07-01,85.2,5.3,0
PRD-15,2002-08-01,87.8,5.5,0
PRD-15,2002-09-01,87.1,5.5,0
PRD-15,2002-10-01,83.3,5.3,0
PRD-15,2002-11-01,86.2,5.5,0
PRD-15,2002-12-01,79.9,5.2,0
PRD-15,2003-01-01,90.6,5.9,0
PRD-15,2003-02-01,83.2,5.4,0
PRD-15,2003-03-01,79.1,5.2,0
PRD-15,2003-04-01,73.2,4.9,0
PRD-15,2003-05-01,74.3,5,0
PRD-15,2003-06-01,77.2,5.2,0
PRD-15,2003-07-01,77.2,5.2,0
PRD-15,2003-08-01,78.3,5.3,0
PRD-15,2003-09-01,73.1,5,0
PRD-15,2003-10-01,78.7,5.4,0
PRD-15,2003-11-01,70.8,4.9,0
PRD-15,2003-12-01,76.6,5.3,0
PRD-15,2004-01-01,67.8,4.7,0
PRD-15,2004-02-01,76.6,5.4,0
PRD-15,2004-03-01,72.9,5.2,0
PRD-15,2004-04-01,68.4,4.9,0
PRD-15,2004-05-01,64.6,4.6,0
PRD-15,2004-06-01,66.2,4.8,0
PRD-15,2004-07-01,67.3,4.9,0
PRD-15,2004-08-01,63.3,4.6,0
PRD-15,2004-09-01,61.5,4.5,0
PRD-15,2004-10-01,59.6,4.4,0
PRD-15,2004-11-01,69.9,5.2,0
PRD-15,2004-12-01,64.9,4.8,0
PRD-15,2005-01-01,59.9,4.5,0
PRD-15,2005-02-01,66.6,5,0
PRD-15,2005-03-01,33.2,2.5,0
PRD-15,2005-04-01,60.3,4.6,0
PRD-15,2005-05-01,61.2,4.7,0
PRD-15,2005-06-01,57.1,4.4,0
PRD-15,2005-07-01,62.8,4.9,0
PRD-15,2005-08-01,60.4,4.7,0
PRD-15,2005-09-01,61.3,4.8,0
PRD-15,2005-10-01,54.7,4.3,0
PRD-15,2005-11-01,66.4,5.3,0
PRD-15,2005-12-01,52.5,4.2,0
PRD-15,2006-01-01,57.7,4.6,0
PRD-15,2006-02-01,56.2,4.5,0
PRD-15,2006-03-01,51.5,4.2,0
PRD-15,2006-04-01,53.7,4.4,0
PRD-15,2006-05-01,50.8,4.2,0
PRD-15,2006-06-01,47.8,3.9,0
PRD-15,2006-07-01,50.6,4.2,0
PRD-15,2006-08-01,55.7,4.6,0
PRD-15,2006-09-01,54.3,4.5,0
PRD-15,2006-10-01,50.6,4.2,0
PRD-15,2006-11-01,48.6,4.1,0
PRD-15,2006-12-01,48.9,4.1,0
PRD-15,2007-01-01,47.8,4.1,0
PRD-15,2007-02-01,47.2,4,0
PRD-15,2007-03-01,46.9,4,0
PRD-15,2007-04-01,50,4.3,0
PRD-15,2007-05-01,48.2,4.2,0
PRD-15,2007-06-01,50.5,4.4,0
PRD-15,2007-07-01,46.5,4.1,0
PRD-15,2007-08-01,48.1,5.4,0
PRD-15,2007-09-01,44.9,17.1,0
PRD-15,2007-10-01,59.7,47.7,0
PRD-15,2007-11-01,127.6,128.9,0
PRD-15,2007-12-01,182.5,224.6,0
PRD-15,2008-01-01,256.5,297,0
PRD-15,2008-02-01,267.4,395.2,0
PRD-15,2008-03-01,347.3,462.8,0
PRD-15,2008-04-01,440.5,617.4,0
PRD-15,2008-05-01,395.3,522.3,0
PRD-15,2008-06-01,441.8,664.9,0
PRD-15,2008-07-01,485.7,526.5,0
PRD-15,2008-08-01,524.2,665,0
PRD-15,2008-09-01,386.4,579.9,0
PRD-15,2008-10-01,196.5,327.1,0
PRD-15,2008-11-01,417.4,723.1,0
PRD-15,2008-12-01,352.6,677.8,0
PRD-15,2009-01-01,409.7,633.2,0
PRD-15,2009-02-01,422.9,864.4,0
PRD-15,2009-03-01,371.6,676.3,0
PRD-15,2009-04-01,448.3,811.7,0
PRD-15,2009-05-01,367.1,701.7,0
PRD-15,2009-06-01,394.5,739,0
PRD-15,2009-07-01,195.9,379.5,0
PRD-15,2009-08-01,335.8,734,0
PRD-15,2009-09-01,309.1,761.9,0
PRD-15,2009-10-01,299.7,857.7,0
PRD-15,2009-11-01,274.6,833.3,0
PRD-15,2009-12-01,284.4,802.4,0
PRD-15,2010-01-01,243.4,783.6,0
PRD-15,2010-02-01,235.8,938.7,0
PRD-15,2010-03-01,249.6,830,0
PRD-15,2010-04-01,212.6,870.1,0
PRD-15,2010-05-01,220.1,920.7,0
PRD-15,2010-06-01,199.2,934.3,0
PRD-15,2010-07-01,201.1,872.8,0
PRD-15,2010-08-01,165.9,896.8,0
PRD-15,2010-09-01,179.3,1001.4,0
PRD-15,2010-10-01,182.5,1090.3,0
PRD-15,2010-11-01,156.6,995.8,0
PRD-15,2010-12-01,156.5,1052.8,0
PRD-15,2011-01-01,147.9,935.9,0
PRD-15,2011-02-01,134.7,948.1,0
PRD-15,2011-03-01,140,935.3,0
PRD-15,2011-04-01,131.4,924.1,0
PRD-15,2011-05-01,131.6,954.8,0
PRD-15,2011-06-01,119.4,923.5,0
PRD-15,2011-07-01,130.1,981.9,0
PRD-15,2011-08-01,114.8,914.5,0
PRD-15,2011-09-01,115.7,1024.6,0
PRD-15,2011-10-01,108.2,936.9,0
PRD-15,2011-11-01,114.1,1026.7,0
PRD-15,2011-12-01,133.7,1177.1,0
PRD-15,2012-01-01,106.9,1028.8,0
PRD-15,2012-02-01,114.7,1197,0
PRD-15,2012-03-01,93.1,942.1,0
PRD-15,2012-04-01,92.4,990.8,0
PRD-15,2012-05-01,103.6,1071.7,0
PRD-15,2012-06-01,95,1040,0
PRD-15,2012-07-01,83.6,910.6,0
PRD-15,2012-08-01,93.9,1069.9,0
PRD-15,2012-09-01,90.5,1133.6,0
PRD-15,2012-10-01,81.7,983.5,0
PRD-15,2012-11-01,92.5,1168.7,0
PRD-15,2012-12-01,85,1068.7,0
PRD-15,2013-01-01,90,1095.2,0
PRD-15,2013-02-01,78.2,1160.4,0
PRD-15,2013-03-01,75.2,988.9,0
PRD-15,2013-04-01,82.7,1105.5,0
PRD-15,2013-05-01,87.5,1126.4,0
PRD-15,2013-06-01,78.5,1114.8,0
PRD-15,2013-07-01,79.2,1163.9,0
PRD-15,2013-08-01,71.4,1113.3,0
PRD-15,2013-09-01,67.3,1107,0
PRD-15,2013-10-01,69.4,1107.8,0
PRD-15,2013-11-01,67.1,1062.1,0
PRD-15,2013-12-01,65.4,1012.8,0
PRD-15,2014-01-01,70.2,1083.7,0
PRD-15,2014-02-01,66.1,1154.2,0
PRD-15,2014-03-01,63.6,1005.2,0
PRD-15,2014-04-01,63,1124.1,0
PRD-15,2014-05-01,56.2,963.1,0
PRD-15,2014-06-01,59.8,1078.6,0
PRD-15,2014-07-01,60.3,1051.3,0
PRD-15,2014-08-01,59.6,1040.7,0
PRD-15,2014-09-01,58.4,1156.6,0
PRD-15,2014-10-01,58.6,1075.2,0
PRD-15,2014-11-01,56,1080.2,0
PRD-15,2014-12-01,56.6,1090.7,0
PRD-15,2015-01-01,52.7,1059.9,0
PRD-15,2015-02-01,55.5,1172.2,0
PRD-15,2015-03-01,56.3,1078.6,0
PRD-15,2015-04-01,55.5,1170.2,0
PRD-15,2015-05-01,59.3,1191.7,0
PRD-15,2015-06-01,54.1,1079.5,0
PRD-15,2015-07-01,56,1141.8,0
PRD-15,2015-08-01,52.4,1124.9,0
PRD-15,2015-09-01,49.6,1148.3,0
PRD-15,2015-10-01,49.1,1049.4,0
PRD-15,2015-11-01,46.6,1090.2,0
PRD-15,2015-12-01,44.9,1062.2,0
PRD-15,2016-01-01,45.9,1028.7,0
PRD-15,2016-02-01,42.3,1018.5,0
PRD-15,2016-03-01,47.6,1076.5,0
PRD-15,2016-04-01,46.1,1078.5,0
PRD-15,2016-05-01,20.7,477.9,0
PRD-15,2016-06-01,49.1,1097.5,0
PRD-15,2016-07-01,66.5,1031.6,0
PRD-15,2016-08-01,96.5,1170.8,0
PRD-15,2016-09-01,109.9,1115.4,0
PRD-15,2016-10-01,162.9,1351.2,0
PRD-15,2016-11-01,169.3,1267.8,0
PRD-15,2016-12-01,193.7,1315.7,0
PRD-15,2017-01-01,211.5,1326.9,0
PRD-15,2017-02-01,212.4,1299.1,0
PRD-15,2017-03-01,223.2,1252.3,0
PRD-15,2017-04-01,235.5,1315.9,0
PRD-15,2017-05-01,268.6,1202.2,0
PRD-15,2017-06-01,140.3,688,0
PRD-15,2017-07-01,270.3,1284.9,0
PRD-15,2017-08-01,277.7,1267.5,0
PRD-15,2017-09-01,287.4,1333.1,0
PRD-15,2017-10-01,297.8,1246.4,0
PRD-15,2017-11-01,214.4,1274.1,0
PRD-15,2017-12-01,217.1,1221.6,0
PRD-15,2018-01-01,243.5,1368,0
PRD-15,2018-02-01,240.5,1485.3,0
PRD-15,2018-03-01,222.2,1364.2,0
PRD-15,2018-04-01,255.9,1575.6,0
PRD-15,2018-05-01,244.2,1330.9,0
PRD-15,2018-06-01,249.2,1567.2,0
PRD-15,2018-07-01,237.9,1378.3,0
PRD-15,2018-08-01,213.5,1296.9,0
PRD-15,2018-09-01,217.3,1398.2,0
PRD-15,2018-10-01,245.3,1485.5,0
PRD-15,2018-11-01,182.8,1483.1,0
PRD-15,2018-12-01,186.2,1375.6,0
PRD-15,2019-01-01,168.6,1341.6,0
PRD-15,2019-02-01,188.8,1624.5,0
PRD-15,2019-03-01,192,1582.1,0
PRD-15,2019-04-01,172.9,1457,0
PRD-15,2019-05-01,169,1427.9,0
PRD-15,2019-06-01,156.8,1529.6,0
PRD-15,2019-07-01,134.7,1312.5,0
PRD-15,2019-08-01,141.7,1441.3,0
PRD-15,2019-09-01,136.2,1468.2,0
PRD-15,2019-10-01,125.1,1327.5,0
PRD-15,2019-11-01,132,1488.3,0
PRD-15,2019-12-01,125.6,1375.8,0
PRD-15,2020-01-01,135.9,1517.9,0
PRD-15,2020-02-01,126.3,1520.1,0
PRD-15,2020-03-01,114.3,1369,0
PRD-15,2020-04-01,119.3,1429.5,0
PRD-15,2020-05-01,140.6,1727.2,0
PRD-15,2020-06-01,124.8,1606.7,0
PRD-15,2020-07-01,116.6,1470,0
PRD-15,2020-08-01,126.3,1641,0
PRD-15,2020-09-01,112.1,1578.8,0
PRD-15,2020-10-01,113.7,1571.1,0
PRD-15,2020-11-01,111.8,1583,0
PRD-15,2020-12-01,101.4,1508.3,0
PRD-15,2021-01-01,110,1554.1,0
PRD-15,2021-02-01,105.3,1648.7,0
PRD-15,2021-03-01,105.3,1496.7,0
PRD-15,2021-04-01,95.8,1529.1,0
PRD-15,2021-05-01,97.5,1460.9,0
PRD-15,2021-06-01,94,1441.1,0
PRD-15,2021-07-01,86.9,1295.8,0
PRD-15,2021-08-01,91.6,1400.4,0
PRD-15,2021-09-01,86.6,1492.2,0
PRD-15,2021-10-01,86.6,1451.5,0
PRD-15,2021-11-01,95.1,1682.2,0
PRD-15,2021-12-01,103.3,1646.8,0
PRD-15,2022-01-01,87.3,1477.5,0
PRD-15,2022-02-01,96.7,1654.8,0
PRD-15,2022-03-01,82.5,1383.4,0
PRD-15,2022-04-01,77.9,1410.2,0
PRD-15,2022-05-01,84.1,1595.6,0
PRD-15,2022-06-01,76.6,1461.3,0
PRD-15,2022-07-01,81.9,1450.3,0
PRD-15,2022-08-01,79.5,1446,0
PRD-15,2022-09-01,81.4,1515.3,0
PRD-15,2022-10-01,81.4,1465,0
PRD-15,2022-11-01,77.5,1442.6,0
PRD-15,2022-12-01,74.4,1441.8,0
PRD-15,2023-01-01,91.3,1569.4,0
PRD-15,2023-02-01,73.2,1691.7,0
PRD-15,2023-03-01,77.4,1643.5,0
PRD-15,2023-04-01,65,1447.4,0
PRD-15,2023-05-01,69.4,1455.6,0
PRD-15,2023-06-01,74.7,1676.9,0
PRD-15,2023-07-01,66.4,1547.2,0
PRD-15,2023-08-01,66.3,1464.8,0
PRD-15,2023-09-01,67,1569.7,0
PRD-15,2023-10-01,66.1,1567.7,0
PRD-15,2023-11-01,66.8,1657.2,0
PRD-15,2023-12-01,62.5,1524.6,0
PRD-15,2024-01-01,61.6,1529.8,0
PRD-15,2024-02-01,60.3,1636.6,0
PRD-15,2024-03-01,33.4,1418.8,0
PRD-15,2024-04-01,34.3,1482.7,0
PRD-15,2024-05-01,37.5,1489.8,0
PRD-15,2024-06-01,35.7,1393.2,0
PRD-15,2024-07-01,36.1,1314.1,0
PRD-15,2024-08-01,34.8,1313,0
PRD-15,2024-09-01,35,1286.9,0
PRD-15,2024-10-01,36.2,1291.5,0
PRD-15,2024-11-01,35.4,1294.8,0
PRD-15,2024-12-01,33.8,1297.1,0
PRD-15,2025-01-01,32.7,1185.2,0
PRD-15,2025-02-01,52.5,1323.2,0
PRD-15,2025-03-01,54.8,1236.8,0
PRD-15,2025-04-01,61.5,1519.3,0
PRD-15,2025-05-01,53.8,1369.6,0
PRD-15,2025-06-01,54.6,1481.2,0
PRD-15,2025-07-01,67.5,1829.7,0
PRD-15,2025-08-01,56.9,1627.6,0
PRD-15,2025-09-01,54.1,1676.9,0
PRD-15,2025-10-01,55.5,1643.2,0
PRD-15,2025-11-01,45.3,1544.5,0
PRD-15,2025-12-01,48.1,1556.3,0
PRD-15,2026-01-01,47.4,1549.2,0
PRD-15,2026-02-01,22.6,805.8,0
PRD-15,2026-03-01,44.4,1423.9,0
PRD-15,2026-04-01,48.1,1575,0
PRD-15,2026-05-01,49.7,1604.4,0
PRD-15,2026-06-01,44.4,1615.2,0
PRD-15,2026-07-01,45.6,1584.1,0
PRD-15,2026-08-01,45.7,1543.2,0
PRD-16,2001-05-01,85.8,4.9,0
PRD-16,2001-06-01,82.9,4.7,0
PRD-16,2001-07-01,71.3,4.1,0
PRD-16,2001-08-01,88,5.1,0
PRD-16,2001-09-01,73.3,4.3,0
PRD-16,2001-10-01,87,5.1,0
PRD-16,2001-11-01,72.4,4.3,0
PRD-16,2001-12-01,81.4,4.8,0
PRD-16,2002-01-01,72.7,4.4,0
PRD-16,2002-02-01,71.4,4.3,0
PRD-16,2002-03-01,63,3.8,0
PRD-16,2002-04-01,79.7,4.9,0
PRD-16,2002-05-01,73.2,4.5,0
PRD-16,2002-06-01,74.7,4.6,0
PRD-16,2002-07-01,76.5,4.8,0
PRD-16,2002-08-01,77.5,4.9,0
PRD-16,2002-09-01,72.5,4.6,0
PRD-16,2002-10-01,71.5,4.6,0
PRD-16,2002-11-01,61.9,4,0
PRD-16,2002-12-01,66,4.3,0
PRD-16,2003-01-01,62.7,4.1,0
PRD-16,2003-02-01,71.2,4.7,0
PRD-16,2003-03-01,65.7,4.3,0
PRD-16,2003-04-01,69.8,4.6,0
PRD-16,2003-05-01,64.7,4.3,0
PRD-16,2003-06-01,62.4,4.2,0
PRD-16,2003-07-01,68,4.6,0
PRD-16,2003-08-01,58.4,4,0
PRD-16,2003-09-01,66,4.5,0
PRD-16,2003-10-01,64.6,4.4,0
PRD-16,2003-11-01,59.6,4.1,0
PRD-16,2003-12-01,61.6,4.3,0
PRD-16,2004-01-01,65.5,4.6,0
PRD-16,2004-02-01,57.9,4.1,0
PRD-16,2004-03-01,57.5,4.1,0
PRD-16,2004-04-01,70,5,0
PRD-16,2004-05-01,51.4,3.7,0
PRD-16,2004-06-01,57.2,4.1,0
PRD-16,2004-07-01,56.2,4.1,0
PRD-16,2004-08-01,59.9,4.4,0
PRD-16,2004-09-01,50.8,3.7,0
PRD-16,2004-10-01,49.5,3.6,0
PRD-16,2004-11-01,53.8,4,0
PRD-16,2004-12-01,52.4,3.9,0
PRD-16,2005-01-01,52.8,4,0
PRD-16,2005-02-01,55.3,4.2,0
PRD-16,2005-03-01,51.2,3.9,0
PRD-16,2005-04-01,59.2,4.5,0
PRD-16,2005-05-01,49.2,3.8,0
PRD-16,2005-06-01,51.5,4,0
PRD-16,2005-07-01,53.2,4.1,0
PRD-16,2005-08-01,47.8,3.7,0
PRD-16,2005-09-01,48.9,3.8,0
PRD-16,2005-10-01,45.3,3.6,0
PRD-16,2005-11-01,48,3.8,0
PRD-16,2005-12-01,49.8,4,0
PRD-16,2006-01-01,52.9,4.2,0
PRD-16,2006-02-01,50.5,4.1,0
PRD-16,2006-03-01,45.6,3.7,0
PRD-16,2006-04-01,43.9,3.6,0
PRD-16,2006-05-01,44.4,3.6,0
PRD-16,2006-06-01,41.8,3.4,0
PRD-16,2006-07-01,46,3.8,0
PRD-16,2006-08-01,44.6,3.7,0
PRD-16,2006-09-01,46.9,3.9,0
PRD-16,2006-10-01,41.6,3.5,0
PRD-16,2006-11-01,38.4,3.2,0
PRD-16,2006-12-01,48.4,4.1,0
PRD-16,2007-01-01,43.7,3.7,0
PRD-16,2007-02-01,35.8,3.1,0
PRD-16,2007-03-01,19.1,1.6,0
PRD-16,2007-04-01,39.5,3.4,0
PRD-16,2007-05-01,40.2,3.5,0
PRD-16,2007-06-01,38.4,3.3,0
PRD-16,2007-07-01,38.6,3.4,0
PRD-16,2007-08-01,38.5,3.4,0
PRD-16,2007-09-01,36.7,3.2,0
PRD-16,2007-10-01,39.8,3.5,0
PRD-16,2007-11-01,36.4,3.2,0
PRD-16,2007-12-01,42.2,3.8,0
PRD-16,2008-01-01,34.7,3.1,0
PRD-16,2008-02-01,40.9,3.7,0
PRD-16,2008-03-01,37.4,3.4,0
PRD-16,2008-04-01,35.8,3.3,0
PRD-16,2008-05-01,40.5,3.7,0
PRD-16,2008-06-01,38,3.5,0
PRD-16,2008-07-01,36.8,3.4,0
PRD-16,2008-08-01,35,3.3,0
PRD-16,2008-09-01,37.5,3.5,0
PRD-16,2008-10-01,34.2,3.2,0
PRD-16,2008-11-01,35,3.3,0
PRD-16,2008-12-01,30.4,2.9,0
PRD-16,2009-01-01,32,3,0
PRD-16,2009-02-01,34.8,3.3,0
PRD-16,2009-03-01,30.3,2.9,0
PRD-16,2009-04-01,31.7,3,0
PRD-16,2009-05-01,32.4,3.1,0
PRD-16,2009-06-01,32.7,3.2,0
PRD-16,2009-07-01,31.3,3.1,0
PRD-16,2009-08-01,29.3,2.9,0
PRD-16,2009-09-01,28.3,2.8,0
PRD-16,2009-10-01,28.5,2.8,0
PRD-16,2009-11-01,31.1,3.1,0
PRD-16,2009-12-01,31.2,3.1,0
PRD-16,2010-01-01,29.4,2.9,0
PRD-16,2010-02-01,29.8,3,0
PRD-16,2010-03-01,27.3,2.7,0
PRD-16,2010-04-01,29.3,3,0
PRD-16,2010-05-01,14.6,1.5,0
PRD-16,2010-06-01,27.6,2.8,0
PRD-16,2010-07-01,14.2,1.5,0
PRD-16,2010-08-01,26.5,2.7,0
PRD-16,2010-09-01,28.1,2.9,0
PRD-16,2010-10-01,31,3.2,0
PRD-16,2010-11-01,24.7,2.6,0
PRD-16,2010-12-01,25.1,2.6,0
PRD-16,2011-01-01,26.2,2.8,0
PRD-16,2011-02-01,23.7,2.5,0
PRD-16,2011-03-01,25.2,2.7,0
PRD-16,2011-04-01,24,2.5,0
PRD-16,2011-05-01,23.7,2.5,0
PRD-16,2011-06-01,26,2.8,0
PRD-16,2011-07-01,26.9,2.9,0
PRD-16,2011-08-01,26.8,2.9,0
PRD-16,2011-09-01,23.8,2.6,0
PRD-16,2011-10-01,26.3,2.9,0
PRD-16,2011-11-01,24.5,2.7,0
PRD-16,2011-12-01,21.8,2.4,0
PRD-16,2012-01-01,25.2,2.8,0
PRD-16,2012-02-01,23.3,2.6,0
PRD-16,2012-03-01,20.6,2.3,0
PRD-16,2012-04-01,22.5,2.5,0
PRD-16,2012-05-01,21.6,2.4,0
PRD-16,2012-06-01,24.1,2.7,0
PRD-16,2012-07-01,20.7,2.3,0
PRD-16,2012-08-01,19.3,2.2,0
PRD-16,2012-09-01,22,2.5,0
PRD-16,2012-10-01,23.2,2.6,0
PRD-16,2012-11-01,22.5,2.6,0
PRD-16,2012-12-01,20.5,2.3,0
PRD-16,2013-01-01,22.3,2.6,0
PRD-16,2013-02-01,19.1,2.2,0
PRD-16,2013-03-01,19.7,2.3,0
PRD-16,2013-04-01,20.9,2.4,0
PRD-16,2013-05-01,19.3,2.2,0
PRD-16,2013-06-01,20.5,2.4,0
PRD-16,2013-07-01,17.9,2.1,0
PRD-16,2013-08-01,19,2.2,0
PRD-16,2013-09-01,19.9,2.4,0
PRD-16,2013-10-01,19.3,2.3,0
PRD-16,2013-11-01,19.5,2.3,0
PRD-16,2013-12-01,18.7,2.2,0
PRD-16,2014-01-01,18.7,2.2,0
PRD-16,2014-02-01,18.9,2.3,0
PRD-16,2014-03-01,19.3,2.3,0
PRD-16,2014-04-01,17.5,2.1,0
PRD-16,2014-05-01,17,2.1,0
PRD-16,2014-06-01,18.6,2.3,0
PRD-16,2014-07-01,16.4,2,0
PRD-16,2014-08-01,17.2,2.1,0
PRD-16,2014-09-01,16.9,2.1,0
PRD-16,2014-10-01,16,2,0
PRD-16,2014-11-01,16.2,2,0
PRD-16,2014-12-01,15.1,1.9,0
PRD-16,2015-01-01,16,2,0
PRD-16,2015-02-01,16.8,2.1,0
PRD-16,2015-03-01,16.3,2,0
PRD-16,2015-04-01,15.3,1.9,0
PRD-16,2015-05-01,14.9,1.9,0
PRD-16,2015-06-01,14.3,1.8,0
PRD-16,2015-07-01,14.6,1.9,0
PRD-16,2015-08-01,15.3,2,0
PRD-16,2015-09-01,14.8,1.9,0
PRD-16,2015-10-01,14.8,1.9,0
PRD-16,2015-11-01,17.1,2.2,0
PRD-16,2015-12-01,15.3,2,0
PRD-16,2016-01-01,14.6,1.9,0
PRD-16,2016-02-01,14,1.8,0
PRD-16,2016-03-01,16,2.1,0
PRD-16,2016-04-01,13.5,2.6,0
PRD-16,2016-05-01,13.2,6.7,0
PRD-16,2016-06-01,13.5,17.2,0
PRD-16,2016-07-01,15.6,34,0
PRD-16,2016-08-01,34.3,53.4,0
PRD-16,2016-09-01,69.5,78.8,0
PRD-16,2016-10-01,76.4,84.6,0
PRD-16,2016-11-01,134.6,147.6,0
PRD-16,2016-12-01,167.4,153.5,0
PRD-16,2017-01-01,219,191.2,0
PRD-16,2017-02-01,254.8,250.4,0
PRD-16,2017-03-01,322.5,239.5,0
PRD-16,2017-04-01,364,288.1,0
PRD-16,2017-05-01,388.4,303,0
PRD-16,2017-06-01,455.1,324.3,0
PRD-16,2017-07-01,464.5,312,0
PRD-16,2017-08-01,478.3,307.2,0
PRD-16,2017-09-01,444.4,275.6,0
PRD-16,2017-10-01,563.7,303,0
PRD-16,2017-11-01,612.3,315.1,0
PRD-16,2017-12-01,570.3,273.8,0
PRD-16,2018-01-01,626.4,274.2,0
PRD-16,2018-02-01,297.1,224.3,0
PRD-16,2018-03-01,548.1,335.2,0
PRD-16,2018-04-01,550.1,409.5,0
PRD-16,2018-05-01,527.8,307.4,0
PRD-16,2018-06-01,284.3,176.2,0
PRD-16,2018-07-01,528.8,364.1,0
PRD-16,2018-08-01,502.7,465.5,0
PRD-16,2018-09-01,489.3,438.5,0
PRD-16,2018-10-01,525.5,437.8,0
PRD-16,2018-11-01,227.2,209.1,0
PRD-16,2018-12-01,436.2,470.4,0
PRD-16,2019-01-01,430.3,496.1,0
PRD-16,2019-02-01,400.9,585.1,0
PRD-16,2019-03-01,341.4,498.2,0
PRD-16,2019-04-01,338.9,594.7,0
PRD-16,2019-05-01,352.7,593.5,0
PRD-16,2019-06-01,305.3,595.3,0
PRD-16,2019-07-01,306.3,556.8,0
PRD-16,2019-08-01,297.3,576.4,0
PRD-16,2019-09-01,294.7,607.7,0
PRD-16,2019-10-01,269.7,576.6,0
PRD-16,2019-11-01,274.7,618,0
PRD-16,2019-12-01,293.4,709.4,0
PRD-16,2020-01-01,256.3,618.1,0
PRD-16,2020-02-01,274.2,759.3,0
PRD-16,2020-03-01,255.5,640.8,0
PRD-16,2020-04-01,252.7,751.2,0
PRD-16,2020-05-01,239.4,678.5,0
PRD-16,2020-06-01,229,687,0
PRD-16,2020-07-01,227.1,656.3,0
PRD-16,2020-08-01,230.1,738,0
PRD-16,2020-09-01,227.2,781.6,0
PRD-16,2020-10-01,212.5,682.5,0
PRD-16,2020-11-01,211.4,723.8,0
PRD-16,2020-12-01,187.2,656.5,0
PRD-16,2021-01-01,202.4,760.2,0
PRD-16,2021-02-01,188.3,784.7,0
PRD-16,2021-03-01,187.2,731.8,0
PRD-16,2021-04-01,193,771.7,0
PRD-16,2021-05-01,175.6,684.4,0
PRD-16,2021-06-01,163.7,662.7,0
PRD-16,2021-07-01,164.7,630.7,0
PRD-16,2021-08-01,183.2,746.7,0
PRD-16,2021-09-01,171.4,729.4,0
PRD-16,2021-10-01,174.2,739.4,0
PRD-16,2021-11-01,168.4,769,0
PRD-16,2021-12-01,163,765,0
PRD-16,2022-01-01,173.9,759.8,0
PRD-16,2022-02-01,161.5,796.3,0
PRD-16,2022-03-01,154.8,735.5,0
PRD-16,2022-04-01,155.2,745.8,0
PRD-16,2022-05-01,151.1,765,0
PRD-16,2022-06-01,150,765.7,0
PRD-16,2022-07-01,157.6,773.6,0
PRD-16,2022-08-01,159.6,771.3,0
PRD-16,2022-09-01,161.3,822.9,0
PRD-16,2022-10-01,153.4,769.2,0
PRD-16,2022-11-01,156.6,919.1,0
PRD-16,2022-12-01,135,753.1,0
PRD-16,2023-01-01,131.5,791.9,0
PRD-16,2023-02-01,124.7,850.9,0
PRD-16,2023-03-01,114.6,717.3,0
PRD-16,2023-04-01,129.5,847.3,0
PRD-16,2023-05-01,122.2,765.1,0
PRD-16,2023-06-01,116,807.8,0
PRD-16,2023-07-01,120.9,795.2,0
PRD-16,2023-08-01,111,788.8,0
PRD-16,2023-09-01,127,893.7,0
PRD-16,2023-10-01,131.4,889.1,0
PRD-16,2023-11-01,121.3,860.4,0
PRD-16,2023-12-01,110.9,834.8,0
PRD-16,2024-01-01,115.1,867.8,0
PRD-16,2024-02-01,120.8,953.6,0
PRD-16,2024-03-01,100.5,794.3,0
PRD-16,2024-04-01,110,869.4,0
PRD-16,2024-05-01,110.1,857.3,0
PRD-16,2024-06-01,112.1,856.3,0
PRD-16,2024-07-01,105.5,873.4,0
PRD-16,2024-08-01,95.5,787.3,0
PRD-16,2024-09-01,110.4,948.6,0
PRD-16,2024-10-01,95.9,784,0
PRD-16,2024-11-01,100.8,838.4,0
PRD-16,2024-12-01,92.2,803.7,0
PRD-16,2025-01-01,88.1,805.5,0
PRD-16,2025-02-01,91.9,880,0
PRD-16,2025-03-01,99.5,857.8,0
PRD-16,2025-04-01,106.6,919.3,0
PRD-16,2025-05-01,86.7,765.3,0
PRD-16,2025-06-01,95.3,857.2,0
PRD-16,2025-07-01,94.7,821.1,0
PRD-16,2025-08-01,91.7,909.1,0
PRD-16,2025-09-01,95.4,930.2,0
PRD-16,2025-10-01,63.9,798.2,0
PRD-16,2025-11-01,64.8,778.9,0
PRD-16,2025-12-01,55.8,624.8,0
PRD-16,2026-01-01,63,747,0
PRD-16,2026-02-01,55.3,656,0
PRD-16,2026-03-01,53.5,550.5,0
PRD-16,2026-04-01,56,585.3,0
PRD-16,2026-05-01,56.6,546.5,0
PRD-16,2026-06-01,54.9,546.5,0
PRD-16,2026-07-01,52.9,540.6,0
PRD-16,2026-08-01,51.8,549.7,0
PRD-17,2001-12-01,155.8,9.3,0
PRD-17,2002-01-01,159.2,9.6,0
PRD-17,2002-02-01,158.1,9.6,0
PRD-17,2002-03-01,150,9.1,0
PRD-17,2002-04-01,150.9,9.2,0
PRD-17,2002-05-01,170.2,10.5,0
PRD-17,2002-06-01,135.7,8.4,0
PRD-17,2002-07-01,149.2,9.3,0
PRD-17,2002-08-01,147,9.2,0
PRD-17,2002-09-01,136.8,8.7,0
PRD-17,2002-10-01,142.6,9.1,0
PRD-17,2002-11-01,127.8,8.2,0
PRD-17,2002-12-01,130.4,8.4,0
PRD-17,2003-01-01,134.7,8.8,0
PRD-17,2003-02-01,132,8.6,0
PRD-17,2003-03-01,130.7,8.6,0
PRD-17,2003-04-01,128.6,8.5,0
PRD-17,2003-05-01,130.1,8.7,0
PRD-17,2003-06-01,132.2,8.9,0
PRD-17,2003-07-01,139.3,9.4,0
PRD-17,2003-08-01,122.8,8.3,0
PRD-17,2003-09-01,117.7,8,0
PRD-17,2003-10-01,122.2,8.4,0
PRD-17,2003-11-01,128.3,8.9,0
PRD-17,2003-12-01,114.8,8,0
PRD-17,2004-01-01,109.4,7.7,0
PRD-17,2004-02-01,115.7,8.1,0
PRD-17,2004-03-01,118.6,8.4,0
PRD-17,2004-04-01,117.4,8.4,0
PRD-17,2004-05-01,114.6,8.2,0
PRD-17,2004-06-01,109.2,7.9,0
PRD-17,2004-07-01,59.5,4.3,0
PRD-17,2004-08-01,112.8,8.2,0
PRD-17,2004-09-01,109.9,8.1,0
PRD-17,2004-10-01,120.7,8.9,0
PRD-17,2004-11-01,112.5,8.3,0
PRD-17,2004-12-01,105,7.8,0
PRD-17,2005-01-01,111.5,8.4,0
PRD-17,2005-02-01,96,7.2,0
PRD-17,2005-03-01,97.1,7.4,0
PRD-17,2005-04-01,97.6,7.4,0
PRD-17,2005-05-01,97.7,7.5,0
PRD-17,2005-06-01,101.8,7.8,0
PRD-17,2005-07-01,108.8,8.4,0
PRD-17,2005-08-01,90.2,7,0
PRD-17,2005-09-01,93.6,7.3,0
PRD-17,2005-10-01,96.5,7.6,0
PRD-17,2005-11-01,99.1,7.8,0
PRD-17,2005-12-01,85.5,6.8,0
PRD-17,2006-01-01,83.6,6.7,0
PRD-17,2006-02-01,90,7.2,0
PRD-17,2006-03-01,92.9,7.5,0
PRD-17,2006-04-01,92.8,7.5,0
PRD-17,2006-05-01,87.1,7.1,0
PRD-17,2006-06-01,85.8,7,0
PRD-17,2006-07-01,85.8,7.1,0
PRD-17,2006-08-01,90,7.5,0
PRD-17,2006-09-01,84.9,7.1,0
PRD-17,2006-10-01,84.8,7.1,0
PRD-17,2006-11-01,87.6,7.4,0
PRD-17,2006-12-01,82.1,6.9,0
PRD-17,2007-01-01,84.3,7.2,0
PRD-17,2007-02-01,81.3,6.9,0
PRD-17,2007-03-01,86,7.4,0
PRD-17,2007-04-01,82.4,7.1,0
PRD-17,2007-05-01,79.1,6.9,0
PRD-17,2007-06-01,84.8,7.4,0
PRD-17,2007-07-01,76.1,6.7,0
PRD-17,2007-08-01,86.9,7.6,0
PRD-17,2007-09-01,68.9,6.1,0
PRD-17,2007-10-01,74.9,6.6,0
PRD-17,2007-11-01,72.4,6.5,0
PRD-17,2007-12-01,76.5,6.9,0
PRD-17,2008-01-01,75.4,6.8,0
PRD-17,2008-02-01,69.6,6.3,0
PRD-17,2008-03-01,75.2,6.8,0
PRD-17,2008-04-01,73.2,6.7,0
PRD-17,2008-05-01,67.1,6.1,0
PRD-17,2008-06-01,70.6,6.5,0
PRD-17,2008-07-01,71,6.6,0
PRD-17,2008-08-01,62.4,5.8,0
PRD-17,2008-09-01,60.7,5.7,0
PRD-17,2008-10-01,68.7,6.4,0
PRD-17,2008-11-01,59.1,5.6,0
PRD-17,2008-12-01,72.7,6.9,0
PRD-17,2009-01-01,69.4,6.6,0
PRD-17,2009-02-01,29.8,2.8,0
PRD-17,2009-03-01,67.8,6.5,0
PRD-17,2009-04-01,57.2,5.5,0
PRD-17,2009-05-01,60,5.8,0
PRD-17,2009-06-01,67.5,6.5,0
PRD-17,2009-07-01,62.7,6.1,0
PRD-17,2009-08-01,62,6.1,0
PRD-17,2009-09-01,63.5,6.2,0
PRD-17,2009-10-01,58.2,5.7,0
PRD-17,2009-11-01,66.8,6.6,0
PRD-17,2009-12-01,29.8,3,0
PRD-17,2010-01-01,62.9,6.3,0
PRD-17,2010-02-01,56.4,5.7,0
PRD-17,2010-03-01,52.5,5.3,0
PRD-17,2010-04-01,54.9,5.6,0
PRD-17,2010-05-01,53,5.4,0
PRD-17,2010-06-01,54.2,5.5,0
PRD-17,2010-07-01,52.6,5.4,0
PRD-17,2010-08-01,54,5.6,0
PRD-17,2010-09-01,50.5,5.2,0
PRD-17,2010-10-01,45.6,4.7,0
PRD-17,2010-11-01,48.2,5,0
PRD-17,2010-12-01,49.3,5.2,0
PRD-17,2011-01-01,56.6,5.9,0
PRD-17,2011-02-01,53,5.6,0
PRD-17,2011-03-01,48.7,5.2,0
PRD-17,2011-04-01,51.4,5.5,0
PRD-17,2011-05-01,48.7,8.8,0
PRD-17,2011-06-01,52.3,20.3,0
PRD-17,2011-07-01,47.5,31.9,0
PRD-17,2011-08-01,64,56.4,0
PRD-17,2011-09-01,75.8,76.2,0
PRD-17,2011-10-01,80.1,85.2,0
PRD-17,2011-11-01,110.2,122,0
PRD-17,2011-12-01,126,139.2,0
PRD-17,2012-01-01,155.5,160.9,0
PRD-17,2012-02-01,165.1,198.1,0
PRD-17,2012-03-01,197,210.7,0
PRD-17,2012-04-01,187.1,209.8,0
PRD-17,2012-05-01,218.4,255.3,0
PRD-17,2012-06-01,107.8,126.7,0
PRD-17,2012-07-01,202.8,248.7,0
PRD-17,2012-08-01,205.4,235.2,0
PRD-17,2012-09-01,204.7,232.9,0
PRD-17,2012-10-01,226.3,270.2,0
PRD-17,2012-11-01,248.8,278.5,0
PRD-17,2012-12-01,247,254.6,0
PRD-17,2013-01-01,217,258.3,0
PRD-17,2013-02-01,253,311.8,0
PRD-17,2013-03-01,297.4,297.7,0
PRD-17,2013-04-01,137,133.8,0
PRD-17,2013-05-01,255.4,269.8,0
PRD-17,2013-06-01,288.7,300.9,0
PRD-17,2013-07-01,301.7,271.5,0
PRD-17,2013-08-01,223.6,300.1,0
PRD-17,2013-09-01,226.8,355.2,0
PRD-17,2013-10-01,236.8,333.1,0
PRD-17,2013-11-01,230.7,410.3,0
PRD-17,2013-12-01,111.8,173.7,0
PRD-17,2014-01-01,218.6,340.7,0
PRD-17,2014-02-01,233.7,403.7,0
PRD-17,2014-03-01,236.6,346.6,0
PRD-17,2014-04-01,227.6,381.5,0
PRD-17,2014-05-01,223.6,360.3,0
PRD-17,2014-06-01,220.9,381.7,0
PRD-17,2014-07-01,200.4,373.6,0
PRD-17,2014-08-01,186.3,396.2,0
PRD-17,2014-09-01,175.6,415.2,0
PRD-17,2014-10-01,189.1,423.6,0
PRD-17,2014-11-01,181.6,430.3,0
PRD-17,2014-12-01,173.3,433.2,0
PRD-17,2015-01-01,159,392.9,0
PRD-17,2015-02-01,165.4,462.4,0
PRD-17,2015-03-01,182.6,435.1,0
PRD-17,2015-04-01,169.8,458.9,0
PRD-17,2015-05-01,149.9,441,0
PRD-17,2015-06-01,146.4,399.8,0
PRD-17,2015-07-01,175.4,456.1,0
PRD-17,2015-08-01,155.7,434,0
PRD-17,2015-09-01,142,493.3,0
PRD-17,2015-10-01,133.9,478.6,0
PRD-17,2015-11-01,141.7,504.7,0
PRD-17,2015-12-01,132.9,465.5,0
PRD-17,2016-01-01,138.4,464.8,0
PRD-17,2016-02-01,135.7,552.4,0
PRD-17,2016-03-01,121.6,443.4,0
PRD-17,2016-04-01,115.4,460.4,0
PRD-17,2016-05-01,123.7,497.8,0
PRD-17,2016-06-01,110.6,516.7,0
PRD-17,2016-07-01,113.9,489.4,0
PRD-17,2016-08-01,136.5,517.7,0
PRD-17,2016-09-01,175.6,621.3,0
PRD-17,2016-10-01,187.7,579.2,0
PRD-17,2016-11-01,235.1,682.8,0
PRD-17,2016-12-01,278.7,633.9,0
PRD-17,2017-01-01,370.1,774.2,0
PRD-17,2017-02-01,381.1,804,0
PRD-17,2017-03-01,452.4,730.6,0
PRD-17,2017-04-01,569.4,913,0
PRD-17,2017-05-01,612.3,929.6,0
PRD-17,2017-06-01,595,849.6,0
PRD-17,2017-07-01,691.2,911.2,0
PRD-17,2017-08-01,795.5,1011,0
PRD-17,2017-09-01,800.9,1018.1,0
PRD-17,2017-10-01,835.5,955.7,0
PRD-17,2017-11-01,861.9,993.6,0
PRD-17,2017-12-01,865.6,957.2,0
PRD-17,2018-01-01,847.5,888.2,0
PRD-17,2018-02-01,812.1,1139,0
PRD-17,2018-03-01,824.6,992.4,0
PRD-17,2018-04-01,778.3,1105.4,0
PRD-17,2018-05-01,775.2,986.6,0
PRD-17,2018-06-01,809,1059.4,0
PRD-17,2018-07-01,760.7,1015.9,0
PRD-17,2018-08-01,815,1254.6,0
PRD-17,2018-09-01,772.7,1234.4,0
PRD-17,2018-10-01,776.8,1201.1,0
PRD-17,2018-11-01,730.1,1214.6,0
PRD-17,2018-12-01,703.5,1269.2,0
PRD-17,2019-01-01,717.2,1383.5,0
PRD-17,2019-02-01,684.9,1524.7,0
PRD-17,2019-03-01,634.7,1316,0
PRD-17,2019-04-01,614.1,1419.4,0
PRD-17,2019-05-01,605.3,1354.2,0
PRD-17,2019-06-01,520.3,1420.7,0
PRD-17,2019-07-01,444.4,1194.2,0
PRD-17,2019-08-01,442.8,1241.8,0
PRD-17,2019-09-01,505.6,1450.8,0
PRD-17,2019-10-01,473.7,1361.9,0
PRD-17,2019-11-01,475.1,1483.9,0
PRD-17,2019-12-01,437.4,1477.2,0
PRD-17,2020-01-01,427.6,1431.5,0
PRD-17,2020-02-01,459.6,1770.9,0
PRD-17,2020-03-01,459.2,1622.1,0
PRD-17,2020-04-01,396.9,1541.4,0
PRD-17,2020-05-01,370.7,1423.2,0
PRD-17,2020-06-01,414.8,1699.3,0
PRD-17,2020-07-01,378.1,1453.6,0
PRD-17,2020-08-01,381.5,1593.6,0
PRD-17,2020-09-01,402.1,1778.8,0
PRD-17,2020-10-01,346.8,1495.9,0
PRD-17,2020-11-01,382.2,1706.7,0
PRD-17,2020-12-01,326,1462.4,0
PRD-17,2021-01-01,338.3,1600,0
PRD-17,2021-02-01,328.7,1768.7,0
PRD-17,2021-03-01,344.3,1682.1,0
PRD-17,2021-04-01,303.7,1578.8,0
PRD-17,2021-05-01,301.8,1519.8,0
PRD-17,2021-06-01,337,1795,0
PRD-17,2021-07-01,313.7,1561.6,0
PRD-17,2021-08-01,280.3,1507.6,0
PRD-17,2021-09-01,299.7,1705,0
PRD-17,2021-10-01,321,1817.7,0
PRD-17,2021-11-01,283.9,1692.5,0
PRD-17,2021-12-01,243.4,1438.4,0
PRD-17,2022-01-01,301.1,1729.4,0
PRD-17,2022-02-01,293.8,1874.9,0
PRD-17,2022-03-01,275.1,1680.5,0
PRD-17,2022-04-01,294.7,1809,0
PRD-17,2022-05-01,285.5,1829.5,0
PRD-17,2022-06-01,242.8,1525.8,0
PRD-17,2022-07-01,257.9,1616.2,0
PRD-17,2022-08-01,236.3,1511.8,0
PRD-17,2022-09-01,243.9,1661.8,0
PRD-17,2022-10-01,272.7,1755.5,0
PRD-17,2022-11-01,222.9,1622.3,0
PRD-17,2022-12-01,254.6,1745.4,0
PRD-17,2023-01-01,225.9,1685.5,0
PRD-17,2023-02-01,232.2,1924.3,0
PRD-17,2023-03-01,219.8,1627.3,0
PRD-17,2023-04-01,118.7,940.3,0
PRD-17,2023-05-01,233,1778.4,0
PRD-17,2023-06-01,211.2,1756,0
PRD-17,2023-07-01,206.1,1608.6,0
PRD-17,2023-08-01,219.4,1890.2,0
PRD-17,2023-09-01,209.7,1784.3,0
PRD-17,2023-10-01,181.1,1500.5,0
PRD-17,2023-11-01,206.3,1780.5,0
PRD-17,2023-12-01,212.2,1898.8,0
PRD-17,2024-01-01,206.3,1855.1,0
PRD-17,2024-02-01,203.8,1996.4,0
PRD-17,2024-03-01,183.2,1762.6,0
PRD-17,2024-04-01,172.3,1710.6,0
PRD-17,2024-05-01,188,1734.1,0
PRD-17,2024-06-01,193.6,1793.8,0
PRD-17,2024-07-01,187.1,1849.6,0
PRD-17,2024-08-01,181.7,1835.1,0
PRD-17,2024-09-01,172.1,1777.9,0
PRD-17,2024-10-01,181.9,1859.3,0
PRD-17,2024-11-01,189.6,1990.5,0
PRD-17,2024-12-01,184.3,1968.4,0
PRD-17,2025-01-01,163.4,1759.3,0
PRD-17,2025-02-01,160.3,1885,0
PRD-17,2025-03-01,149.3,1584.8,0
PRD-17,2025-04-01,159.4,1702.3,0
PRD-17,2025-05-01,159.6,1730.4,0
PRD-17,2025-06-01,170.6,1907.3,0
PRD-17,2025-07-01,171.4,1849.4,0
PRD-17,2025-08-01,156,1787.7,0
PRD-17,2025-09-01,139.5,1651.3,0
PRD-17,2025-10-01,133,1778.8,0
PRD-17,2025-11-01,139.9,1821.4,0
PRD-17,2025-12-01,131.6,1687.1,0
PRD-17,2026-01-01,119,1591.9,0
PRD-17,2026-02-01,57.5,819.6,0
PRD-17,2026-03-01,110.5,1459,0
PRD-17,2026-04-01,123.7,1652.2,0
PRD-17,2026-05-01,123.8,1611.2,0
PRD-17,2026-06-01,113.8,1532.1,0
PRD-17,2026-07-01,111.9,1450.5,0
PRD-17,2026-08-01,110.9,1515.2,0
PRD-18,2000-03-01,204.7,10.4,0
PRD-18,2000-04-01,216.7,11.1,0
PRD-18,2000-05-01,184.1,9.5,0
PRD-18,2000-06-01,193.8,10.1,0
PRD-18,2000-07-01,197.7,10.4,0
PRD-18,2000-08-01,175.9,9.3,0
PRD-18,2000-09-01,190.8,10.2,0
PRD-18,2000-10-01,185.7,10,0
PRD-18,2000-11-01,91.7,5,0
PRD-18,2000-12-01,188.8,10.3,0
PRD-18,2001-01-01,178.1,9.8,0
PRD-18,2001-02-01,89.5,5,0
PRD-18,2001-03-01,172.2,9.6,0
PRD-18,2001-04-01,165.3,9.3,0
PRD-18,2001-05-01,164.4,9.3,0
PRD-18,2001-06-01,160.5,9.2,0
PRD-18,2001-07-01,88.2,5.1,0
PRD-18,2001-08-01,178.8,10.4,0
PRD-18,2001-09-01,166.6,9.7,0
PRD-18,2001-10-01,183.3,10.8,0
PRD-18,2001-11-01,84.5,5,0
PRD-18,2001-12-01,169.5,10.1,0
PRD-18,2002-01-01,158.1,9.5,0
PRD-18,2002-02-01,171.2,10.3,0
PRD-18,2002-03-01,139.3,8.5,0
PRD-18,2002-04-01,78.8,4.8,0
PRD-18,2002-05-01,143.6,8.9,0
PRD-18,2002-06-01,151.7,9.4,0
PRD-18,2002-07-01,161.2,10.1,0
PRD-18,2002-08-01,153.8,9.7,0
PRD-18,2002-09-01,146.7,9.3,0
PRD-18,2002-10-01,153.6,9.8,0
PRD-18,2002-11-01,153.6,9.9,0
PRD-18,2002-12-01,148.8,9.6,0
PRD-18,2003-01-01,145.8,9.5,0
PRD-18,2003-02-01,151.6,9.9,0
PRD-18,2003-03-01,142.5,9.4,0
PRD-18,2003-04-01,146.9,9.7,0
PRD-18,2003-05-01,141.1,9.4,0
PRD-18,2003-06-01,129.6,8.7,0
PRD-18,2003-07-01,129.1,8.7,0
PRD-18,2003-08-01,128.3,8.7,0
PRD-18,2003-09-01,72.9,5,0
PRD-18,2003-10-01,142.4,9.8,0
PRD-18,2003-11-01,129,8.9,0
PRD-18,2003-12-01,127.4,8.9,0
PRD-18,2004-01-01,119.8,8.4,0
PRD-18,2004-02-01,128,9,0
PRD-18,2004-03-01,114.9,8.1,0
PRD-18,2004-04-01,122,8.7,0
PRD-18,2004-05-01,130.2,9.3,0
PRD-18,2004-06-01,124.3,9,0
PRD-18,2004-07-01,119.9,8.7,0
PRD-18,2004-08-01,119.9,8.7,0
PRD-18,2004-09-01,117.9,8.6,0
PRD-18,2004-10-01,117.4,8.7,0
PRD-18,2004-11-01,113.8,8.4,0
PRD-18,2004-12-01,114.9,8.6,0
PRD-18,2005-01-01,112.2,8.4,0
PRD-18,2005-02-01,98.3,7.4,0
PRD-18,2005-03-01,118.2,9,0
PRD-18,2005-04-01,102.8,7.8,0
PRD-18,2005-05-01,104.2,8,0
PRD-18,2005-06-01,108.9,8.4,0
PRD-18,2005-07-01,103,8,0
PRD-18,2005-08-01,114.9,9,0
PRD-18,2005-09-01,98.5,7.7,0
PRD-18,2005-10-01,103,8.1,0
PRD-18,2005-11-01,89.8,7.1,0
PRD-18,2005-12-01,94.9,7.6,0
PRD-18,2006-01-01,98.1,7.8,0
PRD-18,2006-02-01,88.3,7.1,0
PRD-18,2006-03-01,45.5,3.7,0
PRD-18,2006-04-01,98,8,0
PRD-18,2006-05-01,98.2,8,0
PRD-18,2006-06-01,90.6,7.4,0
PRD-18,2006-07-01,92.2,7.6,0
PRD-18,2006-08-01,91.1,7.6,0
PRD-18,2006-09-01,93.1,7.8,0
PRD-18,2006-10-01,99.4,8.3,0
PRD-18,2006-11-01,91.8,7.7,0
PRD-18,2006-12-01,90.5,7.7,0
PRD-18,2007-01-01,83.4,7.1,0
PRD-18,2007-02-01,81.7,7,0
PRD-18,2007-03-01,87.5,7.5,0
PRD-18,2007-04-01,93,8,0
PRD-18,2007-05-01,89.3,7.7,0
PRD-18,2007-06-01,87.9,7.7,0
PRD-18,2007-07-01,83.8,7.3,0
PRD-18,2007-08-01,81.3,7.1,0
PRD-18,2007-09-01,88.8,7.8,0
PRD-18,2007-10-01,83.6,7.4,0
PRD-18,2007-11-01,78.6,7,0
PRD-18,2007-12-01,74.3,6.7,0
PRD-18,2008-01-01,80.1,7.2,0
PRD-18,2008-02-01,70.5,6.4,0
PRD-18,2008-03-01,79.7,7.2,0
PRD-18,2008-04-01,88,8,0
PRD-18,2008-05-01,75.5,6.9,0
PRD-18,2008-06-01,81.2,7.5,0
PRD-18,2008-07-01,77.4,7.2,0
PRD-18,2008-08-01,71.7,6.7,0
PRD-18,2008-09-01,75.4,7,0
PRD-18,2008-10-01,83.4,7.8,0
PRD-18,2008-11-01,75.3,7.1,0
PRD-18,2008-12-01,72,6.8,0
PRD-18,2009-01-01,70.6,6.7,0
PRD-18,2009-02-01,66.1,6.3,0
PRD-18,2009-03-01,64.9,6.2,0
PRD-18,2009-04-01,65.8,6.3,0
PRD-18,2009-05-01,62.6,6,0
PRD-18,2009-06-01,68.5,6.7,0
PRD-18,2009-07-01,34.6,3.4,0
PRD-18,2009-08-01,64,6.3,0
PRD-18,2009-09-01,69.1,6.8,0
PRD-18,2009-10-01,60.3,6,0
PRD-18,2009-11-01,60.9,6,0
PRD-18,2009-12-01,60.2,6,0
PRD-18,2010-01-01,66.6,6.7,0
PRD-18,2010-02-01,55.6,5.6,0
PRD-18,2010-03-01,59.2,6,0
PRD-18,2010-04-01,63.6,6.4,0
PRD-18,2010-05-01,60.9,6.2,0
PRD-18,2010-06-01,61.4,6.3,0
PRD-18,2010-07-01,28.9,3,0
PRD-18,2010-08-01,58.6,6,0
PRD-18,2010-09-01,54.3,5.6,0
PRD-18,2010-10-01,56.9,5.9,0
PRD-18,2010-11-01,52,5.4,0
PRD-18,2010-12-01,54.8,5.7,0
PRD-18,2011-01-01,65.2,6.8,0
PRD-18,2011-02-01,56.4,5.9,0
PRD-18,2011-03-01,52.4,5.5,0
PRD-18,2011-04-01,49.4,5.2,0
PRD-18,2011-05-01,52.5,9.3,0
PRD-18,2011-06-01,53.8,20,0
PRD-18,2011-07-01,51.2,32.8,0
PRD-18,2011-08-01,61.9,52.5,0
PRD-18,2011-09-01,88.9,90.8,0
PRD-18,2011-10-01,100.7,121.4,0
PRD-18,2011-11-01,138.4,167.9,0
PRD-18,2011-12-01,202.1,221.8,0
PRD-18,2012-01-01,284,281.1,0
PRD-18,2012-02-01,337.1,372.3,0
PRD-18,2012-03-01,345.7,329.3,0
PRD-18,2012-04-01,491,457.8,0
PRD-18,2012-05-01,510.1,447.2,0
PRD-18,2012-06-01,533.6,462.9,0
PRD-18,2012-07-01,610.2,496.5,0
PRD-18,2012-08-01,614.1,498,0
PRD-18,2012-09-01,608.3,496.2,0
PRD-18,2012-10-01,623,542.6,0
PRD-18,2012-11-01,675.6,513.9,0
PRD-18,2012-12-01,703.9,472.2,0
PRD-18,2013-01-01,619.8,526,0
PRD-18,2013-02-01,546.7,562.8,0
PRD-18,2013-03-01,562.7,535.2,0
PRD-18,2013-04-01,344.3,293.1,0
PRD-18,2013-05-01,566,516.1,0
PRD-18,2013-06-01,689.9,625.1,0
PRD-18,2013-07-01,332.9,299.9,0
PRD-18,2013-08-01,657.8,661.5,0
PRD-18,2013-09-01,580.7,697.7,0
PRD-18,2013-10-01,568.4,774.6,0
PRD-18,2013-11-01,450.9,783.2,0
PRD-18,2013-12-01,514,791.5,0
PRD-18,2014-01-01,544.3,908,0
PRD-18,2014-02-01,473.4,874.6,0
PRD-18,2014-03-01,395.3,672.2,0
PRD-18,2014-04-01,509.4,865.1,0
PRD-18,2014-05-01,472.2,910.4,0
PRD-18,2014-06-01,436.4,887.2,0
PRD-18,2014-07-01,386.9,802.7,0
PRD-18,2014-08-01,403.6,943,0
PRD-18,2014-09-01,365.2,945.5,0
PRD-18,2014-10-01,357.2,887.5,0
PRD-18,2014-11-01,367.5,996.4,0
PRD-18,2014-12-01,348,978.2,0
PRD-18,2015-01-01,326.5,933.1,0
PRD-18,2015-02-01,318.7,1016.8,0
PRD-18,2015-03-01,302.3,868.2,0
PRD-18,2015-04-01,350.4,1114,0
PRD-18,2015-05-01,295.3,986.4,0
PRD-18,2015-06-01,324,1076.9,0
PRD-18,2015-07-01,317.6,989.2,0
PRD-18,2015-08-01,302.5,1010.9,0
PRD-18,2015-09-01,238,988,0
PRD-18,2015-10-01,290.7,1137.2,0
PRD-18,2015-11-01,258.6,1026.6,0
PRD-18,2015-12-01,237.9,945,0
PRD-18,2016-01-01,254.8,979.5,0
PRD-18,2016-02-01,222.2,1061.8,0
PRD-18,2016-03-01,248.3,997.2,0
PRD-18,2016-04-01,249,1145.7,0
PRD-18,2016-05-01,247.1,1194.7,0
PRD-18,2016-06-01,230.5,1131.2,0
PRD-18,2016-07-01,267.3,1108.5,0
PRD-18,2016-08-01,320.6,1121.9,0
PRD-18,2016-09-01,311.4,1081.6,0
PRD-18,2016-10-01,355.2,1099.8,0
PRD-18,2016-11-01,406.9,1262.9,0
PRD-18,2016-12-01,507.4,1381.9,0
PRD-18,2017-01-01,493.3,1318.5,0
PRD-18,2017-02-01,555.5,1523.7,0
PRD-18,2017-03-01,580.2,1350.1,0
PRD-18,2017-04-01,709,1570.7,0
PRD-18,2017-05-01,649.3,1465.2,0
PRD-18,2017-06-01,718.7,1528.8,0
PRD-18,2017-07-01,808.5,1560.7,0
PRD-18,2017-08-01,871.3,1578.5,0
PRD-18,2017-09-01,742.7,1603.8,0
PRD-18,2017-10-01,754.8,1666.7,0
PRD-18,2017-11-01,692.6,1646.2,0
PRD-18,2017-12-01,669.9,1545.2,0
PRD-18,2018-01-01,636.9,1495,0
PRD-18,2018-02-01,682.1,1790.9,0
PRD-18,2018-03-01,583.7,1402.6,0
PRD-18,2018-04-01,633.2,1730.8,0
PRD-18,2018-05-01,648.8,1629.3,0
PRD-18,2018-06-01,543.8,1579.5,0
PRD-18,2018-07-01,578.7,1709.7,0
PRD-18,2018-08-01,544,1540.8,0
PRD-18,2018-09-01,509.4,1685.1,0
PRD-18,2018-10-01,523.4,1668.7,0
PRD-18,2018-11-01,571.5,1955,0
PRD-18,2018-12-01,519.9,1783.6,0
PRD-18,2019-01-01,473.1,1749.9,0
PRD-18,2019-02-01,486.9,1890,0
PRD-18,2019-03-01,498,1774.6,0
PRD-18,2019-04-01,533.5,2020.1,0
PRD-18,2019-05-01,511.8,1918.9,0
PRD-18,2019-06-01,428,1833.6,0
PRD-18,2019-07-01,391.1,1768.8,0
PRD-18,2019-08-01,381.9,1782,0
PRD-18,2019-09-01,346.2,1644.3,0
PRD-18,2019-10-01,404.3,1840.2,0
PRD-18,2019-11-01,425.7,2082,0
PRD-18,2019-12-01,340.1,1707.9,0
PRD-18,2020-01-01,359.1,1931.3,0
PRD-18,2020-02-01,350.6,2106.7,0
PRD-18,2020-03-01,331,1867.9,0
PRD-18,2020-04-01,321,1814.6,0
PRD-18,2020-05-01,341.7,1949.8,0
PRD-18,2020-06-01,354.9,2216.8,0
PRD-18,2020-07-01,333.1,1883.1,0
PRD-18,2020-08-01,323,2094.1,0
PRD-18,2020-09-01,321.9,2078.8,0
PRD-18,2020-10-01,274.1,1824.6,0
PRD-18,2020-11-01,285.8,1966.4,0
PRD-18,2020-12-01,260.3,1742.5,0
PRD-18,2021-01-01,305.7,1973.3,0
PRD-18,2021-02-01,297.5,2353,0
PRD-18,2021-03-01,262.3,1767.3,0
PRD-18,2021-04-01,261.3,1910.1,0
PRD-18,2021-05-01,299.5,2090.8,0
PRD-18,2021-06-01,257.1,1932.8,0
PRD-18,2021-07-01,259,1847.5,0
PRD-18,2021-08-01,255.7,2013.6,0
PRD-18,2021-09-01,269.4,2188.5,0
PRD-18,2021-10-01,246.9,2098.6,0
PRD-18,2021-11-01,272.9,2336.3,0
PRD-18,2021-12-01,263.8,2169.2,0
PRD-18,2022-01-01,244.8,2016.5,0
PRD-18,2022-02-01,269.1,2431.1,0
PRD-18,2022-03-01,221.3,1880.6,0
PRD-18,2022-04-01,263.1,2309.6,0
PRD-18,2022-05-01,263.6,2225.4,0
PRD-18,2022-06-01,261.2,2168.5,0
PRD-18,2022-07-01,226.5,2009,0
PRD-18,2022-08-01,239.3,2061.7,0
PRD-18,2022-09-01,231.3,2279.6,0
PRD-18,2022-10-01,209.8,1960.3,0
PRD-18,2022-11-01,190.1,2024.1,0
PRD-18,2022-12-01,217.8,2087.2,0
PRD-18,2023-01-01,209.7,2137.6,0
PRD-18,2023-02-01,211.7,2276.4,0
PRD-18,2023-03-01,219.4,2196.8,0
PRD-18,2023-04-01,196.5,2118.8,0
PRD-18,2023-05-01,178.2,1899.1,0
PRD-18,2023-06-01,203,2222.9,0
PRD-18,2023-07-01,200.6,2124.5,0
PRD-18,2023-08-01,177.1,2045.7,0
PRD-18,2023-09-01,190.9,2169.7,0
PRD-18,2023-10-01,179.1,2014.3,0
PRD-18,2023-11-01,194.5,2236.2,0
PRD-18,2023-12-01,146.5,1778.5,0
PRD-18,2024-01-01,161,1928.5,0
PRD-18,2024-02-01,175.8,2337.7,0
PRD-18,2024-03-01,170.4,2163.9,0
PRD-18,2024-04-01,166.1,2133.1,0
PRD-18,2024-05-01,163.1,2028,0
PRD-18,2024-06-01,196.6,2481.5,0
PRD-18,2024-07-01,162.4,2058.8,0
PRD-18,2024-08-01,159.4,2186,0
PRD-18,2024-09-01,161.7,2273.3,0
PRD-18,2024-10-01,165.2,2244.3,0
PRD-18,2024-11-01,145.6,2116,0
PRD-18,2024-12-01,140,2083.1,0
PRD-18,2025-01-01,154.8,2154.6,0
PRD-18,2025-02-01,138.3,2281.8,0
PRD-18,2025-03-01,150.8,2254.1,0
PRD-18,2025-04-01,150.5,2301.8,0
PRD-18,2025-05-01,151.1,2301.4,0
PRD-18,2025-06-01,134,2060.4,0
PRD-18,2025-07-01,152.4,2264.2,0
PRD-18,2025-08-01,118.2,1800.5,0
PRD-18,2025-09-01,139,2288.5,0
PRD-18,2025-10-01,131.1,2110.3,0
PRD-18,2025-11-01,147.5,2289.3,0
PRD-18,2025-12-01,140.9,2293.8,0
PRD-18,2026-01-01,144.8,2448.9,0
PRD-18,2026-02-01,130.3,2390.1,0
PRD-18,2026-03-01,116.2,2000.7,0
PRD-18,2026-04-01,147.8,2551.8,0
PRD-18,2026-05-01,113.4,2009.4,0
PRD-18,2026-06-01,121.5,2222.5,0
PRD-18,2026-07-01,118,2002.3,0
PRD-18,2026-08-01,109.2,1994.5,0
PRD-19,2000-04-01,209.6,10.7,0
PRD-19,2000-05-01,229.6,11.9,0
PRD-19,2000-06-01,205.8,10.7,0
PRD-19,2000-07-01,188.5,9.9,0
PRD-19,2000-08-01,237.8,12.6,0
PRD-19,2000-09-01,212.4,11.3,0
PRD-19,2000-10-01,197.8,10.6,0
PRD-19,2000-11-01,202.3,11,0
PRD-19,2000-12-01,216.4,11.8,0
PRD-19,2001-01-01,92.5,5.1,0
PRD-19,2001-02-01,199.6,11.1,0
PRD-19,2001-03-01,201.3,11.2,0
PRD-19,2001-04-01,193.3,10.9,0
PRD-19,2001-05-01,187.2,10.6,0
PRD-19,2001-06-01,183.7,10.5,0
PRD-19,2001-07-01,210.1,12.1,0
PRD-19,2001-08-01,200.9,11.6,0
PRD-19,2001-09-01,177.9,10.4,0
PRD-19,2001-10-01,168.5,9.9,0
PRD-19,2001-11-01,178.7,10.6,0
PRD-19,2001-12-01,178.9,10.7,0
PRD-19,2002-01-01,165.1,9.9,0
PRD-19,2002-02-01,162.9,9.8,0
PRD-19,2002-03-01,182.3,11.1,0
PRD-19,2002-04-01,168.9,10.3,0
PRD-19,2002-05-01,187.1,11.5,0
PRD-19,2002-06-01,76.9,4.8,0
PRD-19,2002-07-01,162.7,10.2,0
PRD-19,2002-08-01,153.4,9.7,0
PRD-19,2002-09-01,165,10.5,0
PRD-19,2002-10-01,163.9,10.4,0
PRD-19,2002-11-01,151.7,9.7,0
PRD-19,2002-12-01,139.6,9,0
PRD-19,2003-01-01,147.7,9.6,0
PRD-19,2003-02-01,157.3,10.3,0
PRD-19,2003-03-01,159.7,10.5,0
PRD-19,2003-04-01,147.9,9.8,0
PRD-19,2003-05-01,162.6,10.8,0
PRD-19,2003-06-01,152.8,10.3,0
PRD-19,2003-07-01,145,9.8,0
PRD-19,2003-08-01,145.8,9.9,0
PRD-19,2003-09-01,152.6,10.4,0
PRD-19,2003-10-01,142.4,9.8,0
PRD-19,2003-11-01,143.4,9.9,0
PRD-19,2003-12-01,140.1,9.7,0
PRD-19,2004-01-01,157.5,11,0
PRD-19,2004-02-01,134.9,9.5,0
PRD-19,2004-03-01,138.7,9.8,0
PRD-19,2004-04-01,126.5,9,0
PRD-19,2004-05-01,147.9,10.6,0
PRD-19,2004-06-01,130.3,9.4,0
PRD-19,2004-07-01,142.5,10.3,0
PRD-19,2004-08-01,130.5,9.5,0
PRD-19,2004-09-01,125.5,9.2,0
PRD-19,2004-10-01,118.3,8.7,0
PRD-19,2004-11-01,121.6,9,0
PRD-19,2004-12-01,110.2,8.2,0
PRD-19,2005-01-01,131.7,9.9,0
PRD-19,2005-02-01,111.3,8.4,0
PRD-19,2005-03-01,114.8,8.7,0
PRD-19,2005-04-01,123.4,9.4,0
PRD-19,2005-05-01,118.7,9.1,0
PRD-19,2005-06-01,130.5,10.1,0
PRD-19,2005-07-01,122.8,9.5,0
PRD-19,2005-08-01,117.9,9.2,0
PRD-19,2005-09-01,122.2,9.6,0
PRD-19,2005-10-01,109.9,8.7,0
PRD-19,2005-11-01,111,8.8,0
PRD-19,2005-12-01,119.7,9.5,0
PRD-19,2006-01-01,118.2,9.5,0
PRD-19,2006-02-01,117.1,9.4,0
PRD-19,2006-03-01,115.3,9.3,0
PRD-19,2006-04-01,120.4,9.8,0
PRD-19,2006-05-01,103.5,8.5,0
PRD-19,2006-06-01,101.1,8.3,0
PRD-19,2006-07-01,105.1,8.7,0
PRD-19,2006-08-01,98.7,8.2,0
PRD-19,2006-09-01,96.2,8,0
PRD-19,2006-10-01,98.6,8.3,0
PRD-19,2006-11-01,98.7,8.3,0
PRD-19,2006-12-01,99.7,8.4,0
PRD-19,2007-01-01,98.4,8.4,0
PRD-19,2007-02-01,97,8.3,0
PRD-19,2007-03-01,48.6,4.2,0
PRD-19,2007-04-01,88,7.6,0
PRD-19,2007-05-01,102.8,8.9,0
PRD-19,2007-06-01,95.9,8.3,0
PRD-19,2007-07-01,103.6,9.1,0
PRD-19,2007-08-01,90.8,9.1,0
PRD-19,2007-09-01,91.9,21.6,0
PRD-19,2007-10-01,115.6,58,0
PRD-19,2007-11-01,187.7,144.3,0
PRD-19,2007-12-01,219,219.3,0
PRD-19,2008-01-01,292.9,296.6,0
PRD-19,2008-02-01,174.6,228.4,0
PRD-19,2008-03-01,453.5,546.9,0
PRD-19,2008-04-01,469.9,602.2,0
PRD-19,2008-05-01,460,558.9,0
PRD-19,2008-06-01,475.6,657,0
PRD-19,2008-07-01,553.8,559.3,0
PRD-19,2008-08-01,513.4,604.1,0
PRD-19,2008-09-01,502.7,697.1,0
PRD-19,2008-10-01,477.1,728.9,0
PRD-19,2008-11-01,481.3,766.2,0
PRD-19,2008-12-01,446,782.2,0
PRD-19,2009-01-01,503.9,720.2,0
PRD-19,2009-02-01,436,818.6,0
PRD-19,2009-03-01,421.9,703.9,0
PRD-19,2009-04-01,449,747.8,0
PRD-19,2009-05-01,419.6,733.6,0
PRD-19,2009-06-01,431.1,742.5,0
PRD-19,2009-07-01,392.2,694.7,0
PRD-19,2009-08-01,395.2,784.7,0
PRD-19,2009-09-01,327.8,731.5,0
PRD-19,2009-10-01,350.9,896.7,0
PRD-19,2009-11-01,328.7,890.6,0
PRD-19,2009-12-01,320.6,811.8,0
PRD-19,2010-01-01,306.1,876.4,0
PRD-19,2010-02-01,282.9,993.9,0
PRD-19,2010-03-01,277.5,819.6,0
PRD-19,2010-04-01,245,876.8,0
PRD-19,2010-05-01,256.8,936.6,0
PRD-19,2010-06-01,238.2,965.7,0
PRD-19,2010-07-01,218,824.7,0
PRD-19,2010-08-01,203.2,937.3,0
PRD-19,2010-09-01,194.6,928.9,0
PRD-19,2010-10-01,200.2,1011.1,0
PRD-19,2010-11-01,203.8,1091.1,0
PRD-19,2010-12-01,187.5,1047.7,0
PRD-19,2011-01-01,185.6,981.3,0
PRD-19,2011-02-01,164.5,968.3,0
PRD-19,2011-03-01,164.9,913.6,0
PRD-19,2011-04-01,173.8,1012.5,0
PRD-19,2011-05-01,145.3,866.7,0
PRD-19,2011-06-01,139.5,885.5,0
PRD-19,2011-07-01,79,489.9,0
PRD-19,2011-08-01,146.5,955.1,0
PRD-19,2011-09-01,62.8,451.7,0
PRD-19,2011-10-01,132,938.9,0
PRD-19,2011-11-01,166.2,1077.5,0
PRD-19,2011-12-01,213.1,1096.5,0
PRD-19,2012-01-01,231.9,1028,0
PRD-19,2012-02-01,277.1,1177.4,0
PRD-19,2012-03-01,400,1408.3,0
PRD-19,2012-04-01,409.7,1324.6,0
PRD-19,2012-05-01,441.7,1261.9,0
PRD-19,2012-06-01,464.2,1280,0
PRD-19,2012-07-01,430.5,1084.6,0
PRD-19,2012-08-01,561.8,1426.7,0
PRD-19,2012-09-01,561.8,1439.3,0
PRD-19,2012-10-01,513.7,1353.6,0
PRD-19,2012-11-01,566.4,1375.8,0
PRD-19,2012-12-01,615.6,1387.2,0
PRD-19,2013-01-01,455.9,1170.4,0
PRD-19,2013-02-01,438.5,1350.8,0
PRD-19,2013-03-01,503.6,1541.5,0
PRD-19,2013-04-01,529.1,1479.4,0
PRD-19,2013-05-01,481.9,1388,0
PRD-19,2013-06-01,489,1444.3,0
PRD-19,2013-07-01,438.8,1362.4,0
PRD-19,2013-08-01,475.4,1395.9,0
PRD-19,2013-09-01,433.6,1399.5,0
PRD-19,2013-10-01,422.5,1592.6,0
PRD-19,2013-11-01,374.1,1609.8,0
PRD-19,2013-12-01,329.1,1317.1,0
PRD-19,2014-01-01,362.4,1582.7,0
PRD-19,2014-02-01,362.9,1755.6,0
PRD-19,2014-03-01,311.1,1491.3,0
PRD-19,2014-04-01,348.8,1600.5,0
PRD-19,2014-05-01,299.5,1605.7,0
PRD-19,2014-06-01,287,1604.3,0
PRD-19,2014-07-01,282.5,1526.9,0
PRD-19,2014-08-01,280.9,1627.6,0
PRD-19,2014-09-01,264.9,1654.4,0
PRD-19,2014-10-01,260.2,1576.5,0
PRD-19,2014-11-01,239.9,1577.5,0
PRD-19,2014-12-01,249,1652.7,0
PRD-19,2015-01-01,246.7,1696.8,0
PRD-19,2015-02-01,215.9,1589.6,0
PRD-19,2015-03-01,213.6,1493.5,0
PRD-19,2015-04-01,232,1741.6,0
PRD-19,2015-05-01,211.8,1579.9,0
PRD-19,2015-06-01,207.6,1623.4,0
PRD-19,2015-07-01,223.5,1677.7,0
PRD-19,2015-08-01,218.4,1744.1,0
PRD-19,2015-09-01,179.2,1667.8,0
PRD-19,2015-10-01,189.6,1586.9,0
PRD-19,2015-11-01,175.6,1537.9,0
PRD-19,2015-12-01,192.2,1680.2,0
PRD-19,2016-01-01,202.1,1709.6,0
PRD-19,2016-02-01,157.5,1588.1,0
PRD-19,2016-03-01,186.2,1578.4,0
PRD-19,2016-04-01,170.5,1626.5,0
PRD-19,2016-05-01,163.3,1653.4,0
PRD-19,2016-06-01,206.2,2003.6,0
PRD-19,2016-07-01,229.9,1894.5,0
PRD-19,2016-08-01,266.6,1770,0
PRD-19,2016-09-01,301,1873.6,0
PRD-19,2016-10-01,347.7,1904.1,0
PRD-19,2016-11-01,355.1,1883.6,0
PRD-19,2016-12-01,350,1675.4,0
PRD-19,2017-01-01,424.5,1969.8,0
PRD-19,2017-02-01,405.5,1944.3,0
PRD-19,2017-03-01,423.9,1801.4,0
PRD-19,2017-04-01,461,1882.9,0
PRD-19,2017-05-01,381,1631.5,0
PRD-19,2017-06-01,439.7,1735.4,0
PRD-19,2017-07-01,549.6,2017.5,0
PRD-19,2017-08-01,508.9,1734.7,0
PRD-19,2017-09-01,496.8,2067.3,0
PRD-19,2017-10-01,440.8,1972.8,0
PRD-19,2017-11-01,427.3,2057.7,0
PRD-19,2017-12-01,392.7,1839.3,0
PRD-19,2018-01-01,439.9,2152.4,0
PRD-19,2018-02-01,416.1,2268.9,0
PRD-19,2018-03-01,407.3,2084.4,0
PRD-19,2018-04-01,358.2,1972.9,0
PRD-19,2018-05-01,400.3,1943,0
PRD-19,2018-06-01,331.8,1948.2,0
PRD-19,2018-07-01,313.4,1969.3,0
PRD-19,2018-08-01,383.4,2265.2,0
PRD-19,2018-09-01,288.8,1991.9,0
PRD-19,2018-10-01,320.1,2066.4,0
PRD-19,2018-11-01,295.8,2075.1,0
PRD-19,2018-12-01,323.4,2277.7,0
PRD-19,2019-01-01,280.1,2082.1,0
PRD-19,2019-02-01,273.2,2131.4,0
PRD-19,2019-03-01,287.9,2178.9,0
PRD-19,2019-04-01,283.5,2313.5,0
PRD-19,2019-05-01,248.6,2035.7,0
PRD-19,2019-06-01,239,1997.1,0
PRD-19,2019-07-01,244.3,2116.7,0
PRD-19,2019-08-01,222.7,2002.2,0
PRD-19,2019-09-01,225.4,2140.9,0
PRD-19,2019-10-01,222.7,2058.1,0
PRD-19,2019-11-01,233.5,2198.6,0
PRD-19,2019-12-01,232.4,2126.4,0
PRD-19,2020-01-01,212.3,2190.9,0
PRD-19,2020-02-01,214.6,2385.7,0
PRD-19,2020-03-01,225.3,2327.8,0
PRD-19,2020-04-01,208.1,2164.7,0
PRD-19,2020-05-01,219.8,2262.1,0
PRD-19,2020-06-01,186.7,2113.7,0
PRD-19,2020-07-01,213.9,2202.3,0
PRD-19,2020-08-01,88.8,1097.7,0
PRD-19,2020-09-01,214.4,2574.1,0
PRD-19,2020-10-01,169.5,2074.3,0
PRD-19,2020-11-01,168.1,2178.3,0
PRD-19,2020-12-01,171.4,2181,0
PRD-19,2021-01-01,191.3,2259.1,0
PRD-19,2021-02-01,165,2396.2,0
PRD-19,2021-03-01,170.6,2111.9,0
PRD-19,2021-04-01,154.7,2038.2,0
PRD-19,2021-05-01,160.6,2023.2,0
PRD-19,2021-06-01,163.2,2160.8,0
PRD-19,2021-07-01,169.5,2171.2,0
PRD-19,2021-08-01,172.3,2418.5,0
PRD-19,2021-09-01,164.4,2281.1,0
PRD-19,2021-10-01,151.8,2260.2,0
PRD-19,2021-11-01,162.6,2414.1,0
PRD-19,2021-12-01,155.2,2278.4,0
PRD-19,2022-01-01,164.1,2356.9,0
PRD-19,2022-02-01,141.5,2200.6,0
PRD-19,2022-03-01,150.7,2208.9,0
PRD-19,2022-04-01,159.4,2481.1,0
PRD-19,2022-05-01,164.7,2375.3,0
PRD-19,2022-06-01,160.9,2346.2,0
PRD-19,2022-07-01,141.1,2215.3,0
PRD-19,2022-08-01,163,2347,0
PRD-19,2022-09-01,127.6,2111.1,0
PRD-19,2022-10-01,141,2306.4,0
PRD-19,2022-11-01,121.8,2332.1,0
PRD-19,2022-12-01,135.3,2310.8,0
PRD-19,2023-01-01,67.8,1170.4,0
PRD-19,2023-02-01,124.7,2282.6,0
PRD-19,2023-03-01,128.2,2333.4,0
PRD-19,2023-04-01,124.6,2358.2,0
PRD-19,2023-05-01,116,2205.7,0
PRD-19,2023-06-01,124.1,2328.5,0
PRD-19,2023-07-01,116.8,2183.9,0
PRD-19,2023-08-01,128.4,2492.4,0
PRD-19,2023-09-01,117.9,2300,0
PRD-19,2023-10-01,115.7,2208.2,0
PRD-19,2023-11-01,126.5,2484.4,0
PRD-19,2023-12-01,47.4,1010.1,0
PRD-19,2024-01-01,100,2083.2,0
PRD-19,2024-02-01,116,2600.1,0
PRD-19,2024-03-01,98.9,2118.5,0
PRD-19,2024-04-01,114.1,2362.2,0
PRD-19,2024-05-01,101.7,2243.6,0
PRD-19,2024-06-01,103.9,2295.5,0
PRD-19,2024-07-01,93.1,1970.9,0
PRD-19,2024-08-01,96.2,2237,0
PRD-19,2024-09-01,91,2202.6,0
PRD-19,2024-10-01,99.1,2215.4,0
PRD-19,2024-11-01,100.1,2381.5,0
PRD-19,2024-12-01,99.2,2472.1,0
PRD-19,2025-01-01,97.3,2222.9,0
PRD-19,2025-02-01,96.6,2638.6,0
PRD-19,2025-03-01,98.1,2440,0
PRD-19,2025-04-01,86.5,2221.3,0
PRD-19,2025-05-01,88.4,2319.2,0
PRD-19,2025-06-01,94.2,2465,0
PRD-19,2025-07-01,94.9,2358.5,0
PRD-19,2025-08-01,91.3,2421.4,0
PRD-19,2025-09-01,80.1,2223.8,0
PRD-19,2025-10-01,81.3,2212.8,0
PRD-19,2025-11-01,93.5,2467.8,0
PRD-19,2025-12-01,85.8,2369.7,0
PRD-19,2026-01-01,82.5,2405.6,0
PRD-19,2026-02-01,80.1,2504.7,0
PRD-19,2026-03-01,74.8,2108.2,0
PRD-19,2026-04-01,83.9,2349.8,0
PRD-19,2026-05-01,85.1,2454.9,0
PRD-19,2026-06-01,81.2,2426.2,0
PRD-19,2026-07-01,83.9,2354.5,0
PRD-19,2026-08-01,72.8,2193.4,0
PRD-20,2000-05-01,115.8,6,0
PRD-20,2000-06-01,112.6,5.9,0
PRD-20,2000-07-01,118,6.2,0
PRD-20,2000-08-01,104.2,5.5,0
PRD-20,2000-09-01,101.2,5.4,0
PRD-20,2000-10-01,111,6,0
PRD-20,2000-11-01,96.4,5.2,0
PRD-20,2000-12-01,107.4,5.9,0
PRD-20,2001-01-01,92.7,5.1,0
PRD-20,2001-02-01,101.1,5.6,0
PRD-20,2001-03-01,92.3,5.2,0
PRD-20,2001-04-01,101.8,5.7,0
PRD-20,2001-05-01,103.7,5.9,0
PRD-20,2001-06-01,113.1,6.5,0
PRD-20,2001-07-01,89.8,5.2,0
PRD-20,2001-08-01,98.8,5.7,0
PRD-20,2001-09-01,94.1,5.5,0
PRD-20,2001-10-01,102.9,6,0
PRD-20,2001-11-01,93.5,5.5,0
PRD-20,2001-12-01,87.6,5.2,0
PRD-20,2002-01-01,86.4,5.2,0
PRD-20,2002-02-01,88.7,5.4,0
PRD-20,2002-03-01,87.7,5.3,0
PRD-20,2002-04-01,87.2,5.3,0
PRD-20,2002-05-01,94.4,5.8,0
PRD-20,2002-06-01,92.7,5.8,0
PRD-20,2002-07-01,90.3,5.6,0
PRD-20,2002-08-01,85.4,5.4,0
PRD-20,2002-09-01,83.9,5.3,0
PRD-20,2002-10-01,43.4,2.8,0
PRD-20,2002-11-01,83.6,5.4,0
PRD-20,2002-12-01,78.5,5.1,0
PRD-20,2003-01-01,77,5,0
PRD-20,2003-02-01,82.4,5.4,0
PRD-20,2003-03-01,83.6,5.5,0
PRD-20,2003-04-01,79.8,5.3,0
PRD-20,2003-05-01,74.5,5,0
PRD-20,2003-06-01,79.9,5.4,0
PRD-20,2003-07-01,85.7,5.8,0
PRD-20,2003-08-01,75.4,5.1,0
PRD-20,2003-09-01,78.2,5.3,0
PRD-20,2003-10-01,84.2,5.8,0
PRD-20,2003-11-01,74.6,5.2,0
PRD-20,2003-12-01,74.3,5.2,0
PRD-20,2004-01-01,68.8,4.8,0
PRD-20,2004-02-01,69.2,4.9,0
PRD-20,2004-03-01,65.6,4.6,0
PRD-20,2004-04-01,70.8,5,0
PRD-20,2004-05-01,68.6,4.9,0
PRD-20,2004-06-01,76.5,5.5,0
PRD-20,2004-07-01,72.1,5.2,0
PRD-20,2004-08-01,59.3,4.3,0
PRD-20,2004-09-01,73.1,5.4,0
PRD-20,2004-10-01,66.3,4.9,0
PRD-20,2004-11-01,62.8,4.7,0
PRD-20,2004-12-01,63.8,4.8,0
PRD-20,2005-01-01,65.9,4.9,0
PRD-20,2005-02-01,68.4,5.2,0
PRD-20,2005-03-01,66.3,5,0
PRD-20,2005-04-01,59.7,4.5,0
PRD-20,2005-05-01,59.9,4.6,0
PRD-20,2005-06-01,59.5,4.6,0
PRD-20,2005-07-01,53.8,4.2,0
PRD-20,2005-08-01,58.1,4.5,0
PRD-20,2005-09-01,60.3,4.7,0
PRD-20,2005-10-01,55.1,4.3,0
PRD-20,2005-11-01,63.1,5,0
PRD-20,2005-12-01,55.5,4.4,0
PRD-20,2006-01-01,57.8,4.6,0
PRD-20,2006-02-01,60,4.8,0
PRD-20,2006-03-01,52.4,4.2,0
PRD-20,2006-04-01,54.9,4.5,0
PRD-20,2006-05-01,52.4,4.3,0
PRD-20,2006-06-01,52,4.3,0
PRD-20,2006-07-01,54.3,4.5,0
PRD-20,2006-08-01,52.3,4.3,0
PRD-20,2006-09-01,57.3,4.8,0
PRD-20,2006-10-01,49.5,4.1,0
PRD-20,2006-11-01,54.5,4.6,0
PRD-20,2006-12-01,52.4,4.4,0
PRD-20,2007-01-01,45.4,3.9,0
PRD-20,2007-02-01,54,4.6,0
PRD-20,2007-03-01,22.6,1.9,0
PRD-20,2007-04-01,53.4,4.6,0
PRD-20,2007-05-01,45.4,3.9,0
PRD-20,2007-06-01,52,4.5,0
PRD-20,2007-07-01,45.8,4,0
PRD-20,2007-08-01,49.3,5.5,0
PRD-20,2007-09-01,49.2,18.3,0
PRD-20,2007-10-01,63.8,49.9,0
PRD-20,2007-11-01,119.5,119.5,0
PRD-20,2007-12-01,174.5,213.2,0
PRD-20,2008-01-01,270.5,311.8,0
PRD-20,2008-02-01,299.2,440.4,0
PRD-20,2008-03-01,412.8,548.3,0
PRD-20,2008-04-01,431.3,602.6,0
PRD-20,2008-05-01,440,579.7,0
PRD-20,2008-06-01,477.4,716.3,0
PRD-20,2008-07-01,511.5,553.2,0
PRD-20,2008-08-01,451.4,571.2,0
PRD-20,2008-09-01,479.6,718,0
PRD-20,2008-10-01,380.5,631.6,0
PRD-20,2008-11-01,402.7,695.7,0
PRD-20,2008-12-01,364.2,697.8,0
PRD-20,2009-01-01,428.5,660.4,0
PRD-20,2009-02-01,433.1,882.6,0
PRD-20,2009-03-01,387.3,702.8,0
PRD-20,2009-04-01,402.3,726.3,0
PRD-20,2009-05-01,403.9,769.6,0
PRD-20,2009-06-01,399.1,745.3,0
PRD-20,2009-07-01,341.7,659.9,0
PRD-20,2009-08-01,377.3,822.1,0
PRD-20,2009-09-01,317.3,779.3,0
PRD-20,2009-10-01,299.9,854.8,0
PRD-20,2009-11-01,272.7,824.5,0
PRD-20,2009-12-01,270.8,761.1,0
PRD-20,2010-01-01,238.4,764.3,0
PRD-20,2010-02-01,257.2,1019.6,0
PRD-20,2010-03-01,246,814.8,0
PRD-20,2010-04-01,202.7,825.5,0
PRD-20,2010-05-01,209.6,872.6,0
PRD-20,2010-06-01,205.9,960.9,0
PRD-20,2010-07-01,203.2,877.8,0
PRD-20,2010-08-01,166.9,897,0
PRD-20,2010-09-01,205.2,1139.6,0
PRD-20,2010-10-01,168.2,999.2,0
PRD-20,2010-11-01,155.8,984.4,0
PRD-20,2010-12-01,141.6,946.2,0
PRD-20,2011-01-01,147.1,924.6,0
PRD-20,2011-02-01,154,1077.2,0
PRD-20,2011-03-01,129.1,856.6,0
PRD-20,2011-04-01,139.3,972.8,0
PRD-20,2011-05-01,121.2,873.5,0
PRD-20,2011-06-01,131.4,1009,0
PRD-20,2011-07-01,152.2,1140.5,0
PRD-20,2011-08-01,117.5,929.3,0
PRD-20,2011-09-01,130.8,1149,0
PRD-20,2011-10-01,58.5,502.5,0
PRD-20,2011-11-01,124.6,1112.6,0
PRD-20,2011-12-01,56.3,492,0
PRD-20,2012-01-01,107.1,1023.3,0
PRD-20,2012-02-01,114.1,1181.2,0
PRD-20,2012-03-01,105.5,1058.8,0
PRD-20,2012-04-01,97.4,1035.5,0
PRD-20,2012-05-01,109.1,1119.2,0
PRD-20,2012-06-01,100.4,1089.6,0
PRD-20,2012-07-01,88.4,954.5,0
PRD-20,2012-08-01,93,1051.5,0
PRD-20,2012-09-01,86.8,1077.2,0
PRD-20,2012-10-01,85.4,1019.1,0
PRD-20,2012-11-01,92.7,1160.1,0
PRD-20,2012-12-01,84.6,1053.4,0
PRD-20,2013-01-01,88.7,1070.1,0
PRD-20,2013-02-01,80.4,1180.4,0
PRD-20,2013-03-01,87.7,1142.1,0
PRD-20,2013-04-01,82.4,1092.2,0
PRD-20,2013-05-01,83,1058.9,0
PRD-20,2013-06-01,78.3,1101.8,0
PRD-20,2013-07-01,68.1,991,0
PRD-20,2013-08-01,73.9,1141.8,0
PRD-20,2013-09-01,66.8,1086.9,0
PRD-20,2013-10-01,80,1264.7,0
PRD-20,2013-11-01,72.7,1138.3,0
PRD-20,2013-12-01,74,1133.7,0
PRD-20,2014-01-01,67.5,1030.3,0
PRD-20,2014-02-01,77.8,1344.2,0
PRD-20,2014-03-01,67.7,1059.7,0
PRD-20,2014-04-01,62.3,1098.4,0
PRD-20,2014-05-01,54.5,924.3,0
PRD-20,2014-06-01,61.7,1099.6,0
PRD-20,2014-07-01,61.6,1063,0
PRD-20,2014-08-01,64.2,1109.2,0
PRD-20,2014-09-01,55.1,1080.2,0
PRD-20,2014-10-01,58,1054,0
PRD-20,2014-11-01,57.7,1100.2,0
PRD-20,2014-12-01,59.1,1127.5,0
PRD-20,2015-01-01,54.1,1075.6,0
PRD-20,2015-02-01,54.5,1138.6,0
PRD-20,2015-03-01,59.3,1124.1,0
PRD-20,2015-04-01,51.8,1080,0
PRD-20,2015-05-01,53.9,1071,0
PRD-20,2015-06-01,62,1224.1,0
PRD-20,2015-07-01,55.8,1125,0
PRD-20,2015-08-01,48.6,1031.3,0
PRD-20,2015-09-01,48.5,1111.3,0
PRD-20,2015-10-01,49.5,1045.4,0
PRD-20,2015-11-01,50.3,1165.2,0
PRD-20,2015-12-01,46.1,1078.2,0
PRD-20,2016-01-01,46.9,1038.8,0
PRD-20,2016-02-01,46.3,1101,0
PRD-20,2016-03-01,44.9,1003,0
PRD-20,2016-04-01,49,1132.2,0
PRD-20,2016-05-01,44.6,1007.9,0
PRD-20,2016-06-01,44,1073.2,0
PRD-20,2016-07-01,38.5,938.6,0
PRD-20,2016-08-01,45,1093.9,0
PRD-20,2016-09-01,40.7,1071.8,0
PRD-20,2016-10-01,40.5,1055.9,0
PRD-20,2016-11-01,42.8,1088.1,0
PRD-20,2016-12-01,46.4,1197.1,0
PRD-20,2017-01-01,39.6,1051.2,0
PRD-20,2017-02-01,41.8,1178.2,0
PRD-20,2017-03-01,37.1,971.2,0
PRD-20,2017-04-01,44.9,1196.8,0
PRD-20,2017-05-01,35.7,1044.5,0
PRD-20,2017-06-01,38.5,1053.3,0
PRD-20,2017-07-01,39,1063,0
PRD-20,2017-08-01,39,1089.2,0
PRD-20,2017-09-01,38.2,1082.8,0
PRD-20,2017-10-01,40.1,1081.9,0
PRD-20,2017-11-01,38.6,1163.6,0
PRD-20,2017-12-01,35.8,1008.5,0
PRD-20,2018-01-01,39.8,1116.3,0
PRD-20,2018-02-01,36.4,1234.7,0
PRD-20,2018-03-01,34.1,1043.2,0
PRD-20,2018-04-01,36.5,1141.8,0
PRD-20,2018-05-01,36.5,1149.6,0
PRD-20,2018-06-01,33.2,1064.9,0
PRD-20,2018-07-01,33.3,1046.2,0
PRD-20,2018-08-01,34.6,1076.5,0
PRD-20,2018-09-01,31.6,1031.4,0
PRD-20,2018-10-01,34,1038.6,0
PRD-20,2018-11-01,32.3,1103.8,0
PRD-20,2018-12-01,32.7,1121.5,0
PRD-20,2019-01-01,31.3,1051,0
PRD-20,2019-02-01,34.8,1306,0
PRD-20,2019-03-01,34.4,1135.9,0
PRD-20,2019-04-01,31.9,1129.1,0
PRD-20,2019-05-01,33.3,1079,0
PRD-20,2019-06-01,26.7,974.6,0
PRD-20,2019-07-01,30,1046.5,0
PRD-20,2019-08-01,32.7,1148.7,0
PRD-20,2019-09-01,30.5,1094.4,0
PRD-20,2019-10-01,31.5,1109.8,0
PRD-20,2019-11-01,29.9,1117.2,0
PRD-20,2019-12-01,30.2,1100.7,0
PRD-20,2020-01-01,30,1102.7,0
PRD-20,2020-02-01,30.1,1272.1,0
PRD-20,2020-03-01,28.9,1033,0
PRD-20,2020-04-01,31,1152.5,0
PRD-20,2020-05-01,29.4,1092.6,0
PRD-20,2020-06-01,28.8,1161.5,0
PRD-20,2020-07-01,29.8,1162.5,0
PRD-20,2020-08-01,31.2,1211.9,0
PRD-20,2020-09-01,23.9,972.4,0
PRD-20,2020-10-01,27.8,1143.4,0
PRD-20,2020-11-01,28.6,1181.2,0
PRD-20,2020-12-01,26.4,1095.6,0
PRD-20,2021-01-01,24.5,976.5,0
PRD-20,2021-02-01,24.4,1122.9,0
PRD-20,2021-03-01,32.1,1268.8,0
PRD-20,2021-04-01,26.3,1158.5,0
PRD-20,2021-05-01,27.2,1186.7,0
PRD-20,2021-06-01,27.8,1238.9,0
PRD-20,2021-07-01,25.2,1026.1,0
PRD-20,2021-08-01,26,1122.9,0
PRD-20,2021-09-01,23.9,1070.9,0
PRD-20,2021-10-01,23.3,1022.5,0
PRD-20,2021-11-01,26.1,1164.9,0
PRD-20,2021-12-01,23.9,1076.2,0
PRD-20,2022-01-01,25.3,1174.7,0
PRD-20,2022-02-01,25.3,1210.9,0
PRD-20,2022-03-01,22.7,995.3,0
PRD-20,2022-04-01,23.6,1057.9,0
PRD-20,2022-05-01,23.8,1120.2,0
PRD-20,2022-06-01,22.4,1074.3,0
PRD-20,2022-07-01,22.6,1038.2,0
PRD-20,2022-08-01,22.4,1118.4,0
PRD-20,2022-09-01,22.3,1130.6,0
PRD-20,2022-10-01,23.5,1146.8,0
PRD-20,2022-11-01,24.4,1226.1,0
PRD-20,2022-12-01,21.3,1020.5,0
PRD-20,2023-01-01,22.4,1017.7,0
PRD-20,2023-02-01,22.1,1181.3,0
PRD-20,2023-03-01,21.4,1093.7,0
PRD-20,2023-04-01,19.6,984.9,0
PRD-20,2023-05-01,20.1,1069.5,0
PRD-20,2023-06-01,19.9,1017.8,0
PRD-20,2023-07-01,23.5,1206.7,0
PRD-20,2023-08-01,23.1,1133.3,0
PRD-20,2023-09-01,20.2,1089.3,0
PRD-20,2023-10-01,19.9,987.5,0
PRD-20,2023-11-01,21.9,1202.3,0
PRD-20,2023-12-01,20.5,1110.9,0
PRD-20,2024-01-01,22.7,1205.4,0
PRD-20,2024-02-01,20.6,1207.1,0
PRD-20,2024-03-01,21,1158.7,0
PRD-20,2024-04-01,19.4,1118,0
PRD-20,2024-05-01,19.2,1083.2,0
PRD-20,2024-06-01,19.8,1159,0
PRD-20,2024-07-01,20.3,1121,0
PRD-20,2024-08-01,17.7,1041.1,0
PRD-20,2024-09-01,19.9,1171,0
PRD-20,2024-10-01,18.2,1090.9,0
PRD-20,2024-11-01,18.1,1099,0
PRD-20,2024-12-01,18.9,1136.2,0
PRD-20,2025-01-01,18.1,1005,0
PRD-20,2025-02-01,18.7,1143.3,0
PRD-20,2025-03-01,17.5,997.2,0
PRD-20,2025-04-01,17,955.6,0
PRD-20,2025-05-01,17.4,1055.2,0
PRD-20,2025-06-01,16.8,1124.9,0
PRD-20,2025-07-01,17.1,1073.6,0
PRD-20,2025-08-01,19.6,1250.2,0
PRD-20,2025-09-01,19.7,1235.3,0
PRD-20,2025-10-01,17.5,1071.2,0
PRD-20,2025-11-01,17.9,1212.4,0
PRD-20,2025-12-01,17.2,1117.4,0
PRD-20,2026-01-01,18.8,1223.4,0
PRD-20,2026-02-01,16.6,1240.3,0
PRD-20,2026-03-01,8.2,530.2,0
PRD-20,2026-04-01,18.8,1204.6,0
PRD-20,2026-05-01,16.8,1081,0
PRD-20,2026-06-01,15.8,1112.1,0
PRD-20,2026-07-01,17,1112.1,0
PRD-20,2026-08-01,15.7,1066.1,0
PRD-21,2002-01-01,34.4,2.1,0
PRD-21,2002-02-01,36.3,2.2,0
PRD-21,2002-03-01,34.7,2.1,0
PRD-21,2002-04-01,36.9,2.3,0
PRD-21,2002-05-01,38.4,2.4,0
PRD-21,2002-06-01,35.5,2.2,0
PRD-21,2002-07-01,34.8,2.2,0
PRD-21,2002-08-01,33.2,2.1,0
PRD-21,2002-09-01,40,2.5,0
PRD-21,2002-10-01,34.3,2.2,0
PRD-21,2002-11-01,33.4,2.1,0
PRD-21,2002-12-01,32,2.1,0
PRD-21,2003-01-01,31,2,0
PRD-21,2003-02-01,31.6,2.1,0
PRD-21,2003-03-01,34.4,2.3,0
PRD-21,2003-04-01,33.1,2.2,0
PRD-21,2003-05-01,29.1,1.9,0
PRD-21,2003-06-01,29.8,2,0
PRD-21,2003-07-01,28.8,1.9,0
PRD-21,2003-08-01,30.6,2.1,0
PRD-21,2003-09-01,30.4,2.1,0
PRD-21,2003-10-01,29,2,0
PRD-21,2003-11-01,29.1,2,0
PRD-21,2003-12-01,27.9,1.9,0
PRD-21,2004-01-01,28,2,0
PRD-21,2004-02-01,27.5,1.9,0
PRD-21,2004-03-01,27.8,2,0
PRD-21,2004-04-01,29,2.1,0
PRD-21,2004-05-01,25.4,1.8,0
PRD-21,2004-06-01,25.9,1.9,0
PRD-21,2004-07-01,27.1,2,0
PRD-21,2004-08-01,25.5,1.9,0
PRD-21,2004-09-01,25.1,1.8,0
PRD-21,2004-10-01,25,1.8,0
PRD-21,2004-11-01,24.4,1.8,0
PRD-21,2004-12-01,25.8,1.9,0
PRD-21,2005-01-01,25.7,1.9,0
PRD-21,2005-02-01,24.6,1.9,0
PRD-21,2005-03-01,23.4,1.8,0
PRD-21,2005-04-01,23.5,1.8,0
PRD-21,2005-05-01,23.9,1.8,0
PRD-21,2005-06-01,22.6,1.7,0
PRD-21,2005-07-01,24.6,1.9,0
PRD-21,2005-08-01,22.6,1.8,0
PRD-21,2005-09-01,24.7,1.9,0
PRD-21,2005-10-01,23.3,1.8,0
PRD-21,2005-11-01,11.4,0.9,0
PRD-21,2005-12-01,22.4,1.8,0
PRD-21,2006-01-01,21.9,1.7,0
PRD-21,2006-02-01,23.3,1.9,0
PRD-21,2006-03-01,21.4,1.7,0
PRD-21,2006-04-01,11.8,1,0
PRD-21,2006-05-01,22.2,1.8,0
PRD-21,2006-06-01,21.9,1.8,0
PRD-21,2006-07-01,20.4,1.7,0
PRD-21,2006-08-01,22.4,1.9,0
PRD-21,2006-09-01,20.4,1.7,0
PRD-21,2006-10-01,19.6,1.6,0
PRD-21,2006-11-01,19.3,1.6,0
PRD-21,2006-12-01,18,1.5,0
PRD-21,2007-01-01,20.8,1.8,0
PRD-21,2007-02-01,20.6,1.8,0
PRD-21,2007-03-01,18.4,1.6,0
PRD-21,2007-04-01,18.5,1.6,0
PRD-21,2007-05-01,20,1.7,0
PRD-21,2007-06-01,20.5,1.8,0
PRD-21,2007-07-01,19,1.7,0
PRD-21,2007-08-01,17.9,1.6,0
PRD-21,2007-09-01,19.5,1.7,0
PRD-21,2007-10-01,18.5,1.6,0
PRD-21,2007-11-01,18.7,1.7,0
PRD-21,2007-12-01,18.3,1.6,0
PRD-21,2008-01-01,15.3,1.4,0
PRD-21,2008-02-01,18.3,1.7,0
PRD-21,2008-03-01,20.3,1.8,0
PRD-21,2008-04-01,18.5,1.7,0
PRD-21,2008-05-01,17.1,1.6,0
PRD-21,2008-06-01,16.6,1.5,0
PRD-21,2008-07-01,18,1.7,0
PRD-21,2008-08-01,17,1.6,0
PRD-21,2008-09-01,16,1.5,0
PRD-21,2008-10-01,15.8,1.5,0
PRD-21,2008-11-01,15.3,1.4,0
PRD-21,2008-12-01,16.1,1.5,0
PRD-21,2009-01-01,15.2,1.4,0
PRD-21,2009-02-01,16.1,1.5,0
PRD-21,2009-03-01,15.1,1.5,0
PRD-21,2009-04-01,15.4,1.5,0
PRD-21,2009-05-01,16,1.5,0
PRD-21,2009-06-01,15.2,1.5,0
PRD-21,2009-07-01,15.8,1.5,0
PRD-21,2009-08-01,16,1.6,0
PRD-21,2009-09-01,13.9,1.4,0
PRD-21,2009-10-01,15.7,1.5,0
PRD-21,2009-11-01,13.1,1.3,0
PRD-21,2009-12-01,16.2,1.6,0
PRD-21,2010-01-01,12.9,1.3,0
PRD-21,2010-02-01,14.6,1.5,0
PRD-21,2010-03-01,12.5,1.3,0
PRD-21,2010-04-01,13.1,1.3,0
PRD-21,2010-05-01,12.7,1.3,0
PRD-21,2010-06-01,12.4,1.3,0
PRD-21,2010-07-01,13.1,1.3,0
PRD-21,2010-08-01,13,1.3,0
PRD-21,2010-09-01,13,1.3,0
PRD-21,2010-10-01,12.5,1.3,0
PRD-21,2010-11-01,12.5,1.3,0
PRD-21,2010-12-01,13.1,1.4,0
PRD-21,2011-01-01,13.4,1.4,0
PRD-21,2011-02-01,12.4,1.3,0
PRD-21,2011-03-01,12.5,1.3,0
PRD-21,2011-04-01,11.2,1.2,0
PRD-21,2011-05-01,11.8,1.3,0
PRD-21,2011-06-01,11.2,1.2,0
PRD-21,2011-07-01,12.4,1.3,0
PRD-21,2011-08-01,12.8,1.4,0
PRD-21,2011-09-01,5.6,0.6,0
PRD-21,2011-10-01,12.1,1.3,0
PRD-21,2011-11-01,9.7,1.1,0
PRD-21,2011-12-01,11.1,1.2,0
PRD-21,2012-01-01,11.6,1.3,0
PRD-21,2012-02-01,10.1,1.1,0
PRD-21,2012-03-01,11.5,1.3,0
PRD-21,2012-04-01,9.2,1,0
PRD-21,2012-05-01,11,1.2,0
PRD-21,2012-06-01,10.1,1.1,0
PRD-21,2012-07-01,9.8,1.1,0
PRD-21,2012-08-01,10.3,1.2,0
PRD-21,2012-09-01,10.2,1.2,0
PRD-21,2012-10-01,9.8,1.1,0
PRD-21,2012-11-01,10.7,1.2,0
PRD-21,2012-12-01,9.7,1.1,0
PRD-21,2013-01-01,8.9,1,0
PRD-21,2013-02-01,9.7,1.1,0
PRD-21,2013-03-01,10,1.2,0
PRD-21,2013-04-01,9.3,1.1,0
PRD-21,2013-05-01,9.6,1.1,0
PRD-21,2013-06-01,8.9,1,0
PRD-21,2013-07-01,8.7,1,0
PRD-21,2013-08-01,9,1.1,0
PRD-21,2013-09-01,9.2,1.1,0
PRD-21,2013-10-01,9,1.1,0
PRD-21,2013-11-01,8.3,1,0
PRD-21,2013-12-01,8.6,1,0
PRD-21,2014-01-01,8,1,0
PRD-21,2014-02-01,8.3,1,0
PRD-21,2014-03-01,8.5,1,0
PRD-21,2014-04-01,8.1,1,0
PRD-21,2014-05-01,8.9,1.1,0
PRD-21,2014-06-01,8.5,1,0
PRD-21,2014-07-01,8.3,1,0
PRD-21,2014-08-01,9,1.1,0
PRD-21,2014-09-01,7.6,0.9,0
PRD-21,2014-10-01,3.7,0.5,0
PRD-21,2014-11-01,8.3,1,0
PRD-21,2014-12-01,8.3,1,0
PRD-21,2015-01-01,8.4,1.1,0
PRD-21,2015-02-01,7.4,0.9,0
PRD-21,2015-03-01,7.4,0.9,0
PRD-21,2015-04-01,8.3,1,0
PRD-21,2015-05-01,3.6,0.5,0
PRD-21,2015-06-01,6.9,0.9,0
PRD-21,2015-07-01,7.2,0.9,0
PRD-21,2015-08-01,7.3,0.9,0
PRD-21,2015-09-01,7.4,1,0
PRD-21,2015-10-01,7.6,1,0
PRD-21,2015-11-01,6.4,0.8,0
PRD-21,2015-12-01,6.4,0.8,0
PRD-21,2016-01-01,6.8,0.9,0
PRD-21,2016-02-01,7.1,0.9,0
PRD-21,2016-03-01,6.8,0.9,0
PRD-21,2016-04-01,6.4,0.8,0
PRD-21,2016-05-01,6.7,0.9,0
PRD-21,2016-06-01,6.3,0.8,0
PRD-21,2016-07-01,7,0.9,0
PRD-21,2016-08-01,6.5,0.9,0
PRD-21,2016-09-01,5.8,2.6,0
PRD-21,2016-10-01,5.8,8.9,0
PRD-21,2016-11-01,15.5,25.7,0
PRD-21,2016-12-01,36.7,42.6,0
PRD-21,2017-01-01,65.2,70.8,0
PRD-21,2017-02-01,95.4,101.1,0
PRD-21,2017-03-01,126.7,114.8,0
PRD-21,2017-04-01,151.7,138.9,0
PRD-21,2017-05-01,172.2,147,0
PRD-21,2017-06-01,212.2,175.9,0
PRD-21,2017-07-01,218.4,173,0
PRD-21,2017-08-01,200.7,177,0
PRD-21,2017-09-01,273.2,207.3,0
PRD-21,2017-10-01,227.4,168.4,0
PRD-21,2017-11-01,270.2,184.1,0
PRD-21,2017-12-01,286.8,178.8,0
PRD-21,2018-01-01,280.8,162.3,0
PRD-21,2018-02-01,290,260.8,0
PRD-21,2018-03-01,220.5,178.6,0
PRD-21,2018-04-01,238.6,262,0
PRD-21,2018-05-01,227.5,254,0
PRD-21,2018-06-01,239.5,234.2,0
PRD-21,2018-07-01,222.4,236,0
PRD-21,2018-08-01,224.1,306.3,0
PRD-21,2018-09-01,239.3,297.3,0
PRD-21,2018-10-01,208,256.3,0
PRD-21,2018-11-01,213.3,278.3,0
PRD-21,2018-12-01,194.4,261.4,0
PRD-21,2019-01-01,221.3,274,0
PRD-21,2019-02-01,196.6,330.2,0
PRD-21,2019-03-01,88.4,150.8,0
PRD-21,2019-04-01,167.1,323,0
PRD-21,2019-05-01,175.9,330.7,0
PRD-21,2019-06-01,159.1,354.7,0
PRD-21,2019-07-01,186.6,375.7,0
PRD-21,2019-08-01,142.3,305.8,0
PRD-21,2019-09-01,70.6,172,0
PRD-21,2019-10-01,145.3,366.6,0
PRD-21,2019-11-01,141.9,379.7,0
PRD-21,2019-12-01,138.6,379.3,0
PRD-21,2020-01-01,146.3,410.6,0
PRD-21,2020-02-01,112.6,386.5,0
PRD-21,2020-03-01,124.5,364.2,0
PRD-21,2020-04-01,125.6,429.4,0
PRD-21,2020-05-01,107.3,409.1,0
PRD-21,2020-06-01,115.3,398.3,0
PRD-21,2020-07-01,122,424.4,0
PRD-21,2020-08-01,106.1,407.2,0
PRD-21,2020-09-01,101,394.3,0
PRD-21,2020-10-01,92.8,345.8,0
PRD-21,2020-11-01,98.2,378.2,0
PRD-21,2020-12-01,108.5,422.5,0
PRD-21,2021-01-01,95.2,404.7,0
PRD-21,2021-02-01,93.1,473.6,0
PRD-21,2021-03-01,102.1,440.1,0
PRD-21,2021-04-01,89.3,417.1,0
PRD-21,2021-05-01,89.7,429.2,0
PRD-21,2021-06-01,75.4,387.7,0
PRD-21,2021-07-01,94.3,402.7,0
PRD-21,2021-08-01,86.6,414.6,0
PRD-21,2021-09-01,76.7,418.4,0
PRD-21,2021-10-01,83.8,416.6,0
PRD-21,2021-11-01,82.7,429.8,0
PRD-21,2021-12-01,80.6,450.5,0
PRD-21,2022-01-01,83.9,418.6,0
PRD-21,2022-02-01,87.2,485.3,0
PRD-21,2022-03-01,79.5,440.4,0
PRD-21,2022-04-01,71.9,381.9,0
PRD-21,2022-05-01,69.6,445.2,0
PRD-21,2022-06-01,76.6,428.7,0
PRD-21,2022-07-01,77.7,443.4,0
PRD-21,2022-08-01,66.7,392,0
PRD-21,2022-09-01,73.5,450.4,0
PRD-21,2022-10-01,67.3,411.5,0
PRD-21,2022-11-01,68.1,442.3,0
PRD-21,2022-12-01,79.5,491.2,0
PRD-21,2023-01-01,33.7,226.6,0
PRD-21,2023-02-01,59.4,475.3,0
PRD-21,2023-03-01,53,392.9,0
PRD-21,2023-04-01,58.3,463.6,0
PRD-21,2023-05-01,53.2,410.1,0
PRD-21,2023-06-01,59.6,506.5,0
PRD-21,2023-07-01,53.8,425.2,0
PRD-21,2023-08-01,54.1,463.7,0
PRD-21,2023-09-01,55.3,473.3,0
PRD-21,2023-10-01,46.3,394.2,0
PRD-21,2023-11-01,55.6,487.6,0
PRD-21,2023-12-01,49,426.7,0
PRD-21,2024-01-01,48.8,441.2,0
PRD-21,2024-02-01,53.8,479.3,0
PRD-21,2024-03-01,53,501.6,0
PRD-21,2024-04-01,41.5,427.6,0
PRD-21,2024-05-01,48.9,459.1,0
PRD-21,2024-06-01,53,478.4,0
PRD-21,2024-07-01,39.6,420.2,0
PRD-21,2024-08-01,46.1,450.6,0
PRD-21,2024-09-01,46.3,501.1,0
PRD-21,2024-10-01,47.8,465.2,0
PRD-21,2024-11-01,45.9,450.2,0
PRD-21,2024-12-01,44,469.7,0
PRD-21,2025-01-01,44.8,491.3,0
PRD-21,2025-02-01,43.6,514.7,0
PRD-21,2025-03-01,47.8,523.4,0
PRD-21,2025-04-01,44,493.9,0
PRD-21,2025-05-01,42.4,468.3,0
PRD-21,2025-06-01,43.7,484,0
PRD-21,2025-07-01,41.7,479.4,0
PRD-21,2025-08-01,43.4,507.4,0
PRD-21,2025-09-01,40.5,501.5,0
PRD-21,2025-10-01,16,452.4,0
PRD-21,2025-11-01,17.1,434.8,0
PRD-21,2025-12-01,16,345.4,0
PRD-21,2026-01-01,14,258.9,0
PRD-21,2026-02-01,14.2,228.2,0
PRD-21,2026-03-01,16.2,177.2,0
PRD-21,2026-04-01,15.3,175.9,0
PRD-21,2026-05-01,14.9,162.2,0
PRD-21,2026-06-01,13,162.4,0
PRD-21,2026-07-01,13.6,146.3,0
PRD-21,2026-08-01,14.8,164.2,0
PRD-22,2001-01-01,81.6,4.5,0
PRD-22,2001-02-01,81.3,4.5,0
PRD-22,2001-03-01,76.4,4.3,0
PRD-22,2001-04-01,81,4.6,0
PRD-22,2001-05-01,76.2,4.3,0
PRD-22,2001-06-01,78.9,4.5,0
PRD-22,2001-07-01,70.6,4.1,0
PRD-22,2001-08-01,68.6,4,0
PRD-22,2001-09-01,71,4.1,0
PRD-22,2001-10-01,73.8,4.3,0
PRD-22,2001-11-01,78.6,4.7,0
PRD-22,2001-12-01,36.2,2.2,0
PRD-22,2002-01-01,68.5,4.1,0
PRD-22,2002-02-01,65.9,4,0
PRD-22,2002-03-01,73.7,4.5,0
PRD-22,2002-04-01,66.7,4.1,0
PRD-22,2002-05-01,67.8,4.2,0
PRD-22,2002-06-01,70.7,4.4,0
PRD-22,2002-07-01,64.7,4,0
PRD-22,2002-08-01,60.3,3.8,0
PRD-22,2002-09-01,69.8,4.4,0
PRD-22,2002-10-01,57.8,3.7,0
PRD-22,2002-11-01,66.5,4.3,0
PRD-22,2002-12-01,62.8,4.1,0
PRD-22,2003-01-01,71.9,4.7,0
PRD-22,2003-02-01,62.9,4.1,0
PRD-22,2003-03-01,57.8,3.8,0
PRD-22,2003-04-01,57.5,3.8,0
PRD-22,2003-05-01,57.9,3.9,0
PRD-22,2003-06-01,64.5,4.3,0
PRD-22,2003-07-01,57.2,3.9,0
PRD-22,2003-08-01,65.3,4.4,0
PRD-22,2003-09-01,53.7,3.7,0
PRD-22,2003-10-01,61.1,4.2,0
PRD-22,2003-11-01,59,4.1,0
PRD-22,2003-12-01,53.1,3.7,0
PRD-22,2004-01-01,56.3,3.9,0
PRD-22,2004-02-01,59.7,4.2,0
PRD-22,2004-03-01,55.9,4,0
PRD-22,2004-04-01,52.9,3.8,0
PRD-22,2004-05-01,54.8,3.9,0
PRD-22,2004-06-01,53.9,3.9,0
PRD-22,2004-07-01,51.8,3.8,0
PRD-22,2004-08-01,58.2,4.2,0
PRD-22,2004-09-01,52.4,3.8,0
PRD-22,2004-10-01,57.1,4.2,0
PRD-22,2004-11-01,47.2,3.5,0
PRD-22,2004-12-01,47.2,3.5,0
PRD-22,2005-01-01,50.4,3.8,0
PRD-22,2005-02-01,49.3,3.7,0
PRD-22,2005-03-01,46.5,3.5,0
PRD-22,2005-04-01,45.6,3.5,0
PRD-22,2005-05-01,50.1,3.8,0
PRD-22,2005-06-01,44.1,3.4,0
PRD-22,2005-07-01,45.2,3.5,0
PRD-22,2005-08-01,45.5,3.5,0
PRD-22,2005-09-01,49.5,3.9,0
PRD-22,2005-10-01,44.9,3.5,0
PRD-22,2005-11-01,44.3,3.5,0
PRD-22,2005-12-01,43.6,3.5,0
PRD-22,2006-01-01,43,3.4,0
PRD-22,2006-02-01,47.5,3.8,0
PRD-22,2006-03-01,43,3.5,0
PRD-22,2006-04-01,39.5,3.2,0
PRD-22,2006-05-01,43.3,3.5,0
PRD-22,2006-06-01,44.8,3.7,0
PRD-22,2006-07-01,40.8,3.4,0
PRD-22,2006-08-01,39.6,3.3,0
PRD-22,2006-09-01,40.7,3.4,0
PRD-22,2006-10-01,37.3,3.1,0
PRD-22,2006-11-01,43,3.6,0
PRD-22,2006-12-01,38.1,3.2,0
PRD-22,2007-01-01,40.2,3.4,0
PRD-22,2007-02-01,38.3,3.3,0
PRD-22,2007-03-01,38.8,3.3,0
PRD-22,2007-04-01,41.4,3.6,0
PRD-22,2007-05-01,33.8,2.9,0
PRD-22,2007-06-01,35.2,3.1,0
PRD-22,2007-07-01,39.2,3.4,0
PRD-22,2007-08-01,39.4,3.5,0
PRD-22,2007-09-01,38.4,3.4,0
PRD-22,2007-10-01,35.5,3.2,0
PRD-22,2007-11-01,33.4,3,0
PRD-22,2007-12-01,34.6,3.1,0
PRD-22,2008-01-01,31.4,2.8,0
PRD-22,2008-02-01,35.4,3.2,0
PRD-22,2008-03-01,35.9,3.3,0
PRD-22,2008-04-01,34.5,3.1,0
PRD-22,2008-05-01,34,3.1,0
PRD-22,2008-06-01,32.8,3,0
PRD-22,2008-07-01,34.9,3.2,0
PRD-22,2008-08-01,32.4,3,0
PRD-22,2008-09-01,33.4,3.1,0
PRD-22,2008-10-01,31.9,3,0
PRD-22,2008-11-01,31.6,3,0
PRD-22,2008-12-01,30.6,2.9,0
PRD-22,2009-01-01,28.9,2.7,0
PRD-22,2009-02-01,29.8,2.8,0
PRD-22,2009-03-01,30.2,2.9,0
PRD-22,2009-04-01,26,2.5,0
PRD-22,2009-05-01,28.6,2.8,0
PRD-22,2009-06-01,29.1,2.8,0
PRD-22,2009-07-01,30.7,3,0
PRD-22,2009-08-01,27.9,2.7,0
PRD-22,2009-09-01,28.4,2.8,0
PRD-22,2009-10-01,27.7,2.7,0
PRD-22,2009-11-01,27.3,2.7,0
PRD-22,2009-12-01,27.5,2.7,0
PRD-22,2010-01-01,24.7,2.5,0
PRD-22,2010-02-01,26.3,2.6,0
PRD-22,2010-03-01,26.4,2.7,0
PRD-22,2010-04-01,27.8,2.8,0
PRD-22,2010-05-01,25.6,2.6,0
PRD-22,2010-06-01,26.4,2.7,0
PRD-22,2010-07-01,24.6,2.5,0
PRD-22,2010-08-01,24,2.5,0
PRD-22,2010-09-01,28,2.9,0
PRD-22,2010-10-01,24.7,2.6,0
PRD-22,2010-11-01,24,2.5,0
PRD-22,2010-12-01,23.3,2.4,0
PRD-22,2011-01-01,25.2,2.7,0
PRD-22,2011-02-01,22.7,2.4,0
PRD-22,2011-03-01,25.7,2.7,0
PRD-22,2011-04-01,24.7,2.6,0
PRD-22,2011-05-01,21.8,2.3,0
PRD-22,2011-06-01,20.9,2.2,0
PRD-22,2011-07-01,20.2,2.2,0
PRD-22,2011-08-01,22.3,2.4,0
PRD-22,2011-09-01,23.3,2.5,0
PRD-22,2011-10-01,22.3,2.4,0
PRD-22,2011-11-01,22.2,2.4,0
PRD-22,2011-12-01,22.7,2.5,0
PRD-22,2012-01-01,22.2,2.4,0
PRD-22,2012-02-01,22.4,2.5,0
PRD-22,2012-03-01,22.6,2.5,0
PRD-22,2012-04-01,20.3,2.3,0
PRD-22,2012-05-01,21.5,2.4,0
PRD-22,2012-06-01,21.4,2.4,0
PRD-22,2012-07-01,20.3,2.3,0
PRD-22,2012-08-01,19.3,2.2,0
PRD-22,2012-09-01,10.7,1.2,0
PRD-22,2012-10-01,19.3,2.2,0
PRD-22,2012-11-01,9.9,1.1,0
PRD-22,2012-12-01,17,1.9,0
PRD-22,2013-01-01,16.8,1.9,0
PRD-22,2013-02-01,17.6,2,0
PRD-22,2013-03-01,18.8,2.2,0
PRD-22,2013-04-01,16.8,1.9,0
PRD-22,2013-05-01,18.6,2.2,0
PRD-22,2013-06-01,17.1,2,0
PRD-22,2013-07-01,18.2,2.1,0
PRD-22,2013-08-01,17.7,2.1,0
PRD-22,2013-09-01,16.3,1.9,0
PRD-22,2013-10-01,16.8,2,0
PRD-22,2013-11-01,15.7,1.9,0
PRD-22,2013-12-01,16.6,2,0
PRD-22,2014-01-01,17.1,2.1,0
PRD-22,2014-02-01,15.8,1.9,0
PRD-22,2014-03-01,15.1,1.8,0
PRD-22,2014-04-01,16,1.9,0
PRD-22,2014-05-01,16.1,2,0
PRD-22,2014-06-01,16.1,2,0
PRD-22,2014-07-01,16,2,0
PRD-22,2014-08-01,14.2,1.7,0
PRD-22,2014-09-01,16.2,2,0
PRD-22,2014-10-01,15,1.9,0
PRD-22,2014-11-01,15.4,1.9,0
PRD-22,2014-12-01,16.1,2,0
PRD-22,2015-01-01,14.5,1.8,0
PRD-22,2015-02-01,15.6,2,0
PRD-22,2015-03-01,15.8,2,0
PRD-22,2015-04-01,14.7,1.9,0
PRD-22,2015-05-01,14.6,1.9,0
PRD-22,2015-06-01,14.6,1.9,0
PRD-22,2015-07-01,12,1.5,0
PRD-22,2015-08-01,15.1,1.9,0
PRD-22,2015-09-01,13.8,1.8,0
PRD-22,2015-10-01,12.7,1.6,0
PRD-22,2015-11-01,7.2,0.9,0
PRD-22,2015-12-01,14,1.8,0
PRD-22,2016-01-01,13.1,1.7,0
PRD-22,2016-02-01,13,1.7,0
PRD-22,2016-03-01,13.3,1.7,0
PRD-22,2016-04-01,14,1.8,0
PRD-22,2016-05-01,11,1.4,0
PRD-22,2016-06-01,13,1.7,0
PRD-22,2016-07-01,12.9,1.7,0
PRD-22,2016-08-01,13.1,1.7,0
PRD-22,2016-09-01,12.9,5.7,0
PRD-22,2016-10-01,11.3,16.1,0
PRD-22,2016-11-01,25.8,44.5,0
PRD-22,2016-12-01,69,80.7,0
PRD-22,2017-01-01,123.4,134.8,0
PRD-22,2017-02-01,184.2,197.1,0
PRD-22,2017-03-01,230.7,214.3,0
PRD-22,2017-04-01,272.9,262.5,0
PRD-22,2017-05-01,322.8,287.4,0
PRD-22,2017-06-01,323.4,294.3,0
PRD-22,2017-07-01,403.7,334.2,0
PRD-22,2017-08-01,379.7,319.8,0
PRD-22,2017-09-01,424.2,351.7,0
PRD-22,2017-10-01,480.8,354.2,0
PRD-22,2017-11-01,533.7,413.5,0
PRD-22,2017-12-01,497.4,354,0
PRD-22,2018-01-01,522.1,346.9,0
PRD-22,2018-02-01,490,439.7,0
PRD-22,2018-03-01,469.4,374.8,0
PRD-22,2018-04-01,447.3,482.8,0
PRD-22,2018-05-01,418.1,470.2,0
PRD-22,2018-06-01,461.2,489.5,0
PRD-22,2018-07-01,408.1,431,0
PRD-22,2018-08-01,468.3,562.7,0
PRD-22,2018-09-01,427.1,539.3,0
PRD-22,2018-10-01,386.3,494.8,0
PRD-22,2018-11-01,412.7,554.7,0
PRD-22,2018-12-01,419.4,574.2,0
PRD-22,2019-01-01,387.2,537.9,0
PRD-22,2019-02-01,356.5,593.8,0
PRD-22,2019-03-01,376.9,556.9,0
PRD-22,2019-04-01,337.2,549.1,0
PRD-22,2019-05-01,351.5,553.2,0
PRD-22,2019-06-01,296.1,633.7,0
PRD-22,2019-07-01,296.8,630.2,0
PRD-22,2019-08-01,289.3,641.3,0
PRD-22,2019-09-01,266.6,624.3,0
PRD-22,2019-10-01,253.9,589.9,0
PRD-22,2019-11-01,229.4,594,0
PRD-22,2019-12-01,250.1,684.9,0
PRD-22,2020-01-01,223.4,605.4,0
PRD-22,2020-02-01,224.8,744.8,0
PRD-22,2020-03-01,251.6,757.3,0
PRD-22,2020-04-01,228.5,744.4,0
PRD-22,2020-05-01,212,753,0
PRD-22,2020-06-01,227.6,811.7,0
PRD-22,2020-07-01,208.1,692.9,0
PRD-22,2020-08-01,196.4,709.3,0
PRD-22,2020-09-01,208.7,767.1,0
PRD-22,2020-10-01,193,746.9,0
PRD-22,2020-11-01,172.5,651.3,0
PRD-22,2020-12-01,187.9,729.5,0
PRD-22,2021-01-01,182,749.1,0
PRD-22,2021-02-01,185.6,901.3,0
PRD-22,2021-03-01,173.5,717.8,0
PRD-22,2021-04-01,165.4,748.5,0
PRD-22,2021-05-01,172,769.3,0
PRD-22,2021-06-01,155.2,750.1,0
PRD-22,2021-07-01,194.6,826.1,0
PRD-22,2021-08-01,179.8,844.6,0
PRD-22,2021-09-01,164.6,862.7,0
PRD-22,2021-10-01,145.6,741.4,0
PRD-22,2021-11-01,76.9,399.6,0
PRD-22,2021-12-01,150,793.3,0
PRD-22,2022-01-01,151.3,762.6,0
PRD-22,2022-02-01,159.7,876.1,0
PRD-22,2022-03-01,136.5,733.6,0
PRD-22,2022-04-01,150.9,792.4,0
PRD-22,2022-05-01,127.1,753.9,0
PRD-22,2022-06-01,150.4,803.6,0
PRD-22,2022-07-01,138,771.6,0
PRD-22,2022-08-01,135,818.4,0
PRD-22,2022-09-01,140.6,886.5,0
PRD-22,2022-10-01,130,765.2,0
PRD-22,2022-11-01,150.3,957,0
PRD-22,2022-12-01,134.2,800,0
PRD-22,2023-01-01,135.9,882.1,0
PRD-22,2023-02-01,123.6,907.8,0
PRD-22,2023-03-01,123,799.8,0
PRD-22,2023-04-01,135,984.1,0
PRD-22,2023-05-01,115.6,846.3,0
PRD-22,2023-06-01,104.9,816.8,0
PRD-22,2023-07-01,107.9,780.3,0
PRD-22,2023-08-01,100.3,825,0
PRD-22,2023-09-01,108.2,862.1,0
PRD-22,2023-10-01,98.4,784.5,0
PRD-22,2023-11-01,92.7,787.5,0
PRD-22,2023-12-01,91.3,768.1,0
PRD-22,2024-01-01,98.2,837.3,0
PRD-22,2024-02-01,104.5,969,0
PRD-22,2024-03-01,92.4,867.3,0
PRD-22,2024-04-01,89.2,872.4,0
PRD-22,2024-05-01,92,808,0
PRD-22,2024-06-01,107.6,933.8,0
PRD-22,2024-07-01,89.2,884.6,0
PRD-22,2024-08-01,81,785.8,0
PRD-22,2024-09-01,80.7,805.7,0
PRD-22,2024-10-01,89,870.2,0
PRD-22,2024-11-01,90.3,909.2,0
PRD-22,2024-12-01,82.3,874.4,0
PRD-22,2025-01-01,90.6,945.5,0
PRD-22,2025-02-01,83.6,998.2,0
PRD-22,2025-03-01,77.3,812.8,0
PRD-22,2025-04-01,83.5,911.6,0
PRD-22,2025-05-01,75.2,812.4,0
PRD-22,2025-06-01,76.3,843.2,0
PRD-22,2025-07-01,87,947.9,0
PRD-22,2025-08-01,75.6,835.1,0
PRD-22,2025-09-01,69.2,824,0
PRD-22,2025-10-01,45.9,774.6,0
PRD-22,2025-11-01,57,851.2,0
PRD-22,2025-12-01,49.1,743.3,0
PRD-22,2026-01-01,50.4,674.1,0
PRD-22,2026-02-01,55.9,777.1,0
PRD-22,2026-03-01,46.5,578.5,0
PRD-22,2026-04-01,48.5,593.5,0
PRD-22,2026-05-01,45.8,548.2,0
PRD-22,2026-06-01,47.7,613.9,0
PRD-22,2026-07-01,45.5,517.3,0
PRD-22,2026-08-01,48.7,575.8,0
PRD-23,2001-01-01,72.3,4,0
PRD-23,2001-02-01,84.8,4.7,0
PRD-23,2001-03-01,81.8,4.6,0
PRD-23,2001-04-01,87.1,4.9,0
PRD-23,2001-05-01,83,4.7,0
PRD-23,2001-06-01,72.5,4.1,0
PRD-23,2001-07-01,37.3,2.1,0
PRD-23,2001-08-01,73.1,4.2,0
PRD-23,2001-09-01,78.3,4.6,0
PRD-23,2001-10-01,79.3,4.7,0
PRD-23,2001-11-01,72.7,4.3,0
PRD-23,2001-12-01,67.3,4,0
PRD-23,2002-01-01,70.3,4.2,0
PRD-23,2002-02-01,65.5,4,0
PRD-23,2002-03-01,74,4.5,0
PRD-23,2002-04-01,77,4.7,0
PRD-23,2002-05-01,68.7,4.2,0
PRD-23,2002-06-01,63.8,4,0
PRD-23,2002-07-01,66.4,4.1,0
PRD-23,2002-08-01,61.6,3.9,0
PRD-23,2002-09-01,36.5,2.3,0
PRD-23,2002-10-01,70.1,4.5,0
PRD-23,2002-11-01,64.8,4.2,0
PRD-23,2002-12-01,68.3,4.4,0
PRD-23,2003-01-01,66.7,4.3,0
PRD-23,2003-02-01,64.5,4.2,0
PRD-23,2003-03-01,63.3,4.2,0
PRD-23,2003-04-01,64,4.2,0
PRD-23,2003-05-01,61.9,4.1,0
PRD-23,2003-06-01,63.5,4.3,0
PRD-23,2003-07-01,55.8,3.8,0
PRD-23,2003-08-01,54.6,3.7,0
PRD-23,2003-09-01,60.1,4.1,0
PRD-23,2003-10-01,60.1,4.1,0
PRD-23,2003-11-01,51.5,3.6,0
PRD-23,2003-12-01,55.1,3.8,0
PRD-23,2004-01-01,60.1,4.2,0
PRD-23,2004-02-01,62,4.4,0
PRD-23,2004-03-01,53.1,3.8,0
PRD-23,2004-04-01,53.4,3.8,0
PRD-23,2004-05-01,59,4.2,0
PRD-23,2004-06-01,52.9,3.8,0
PRD-23,2004-07-01,63.3,4.6,0
PRD-23,2004-08-01,51.9,3.8,0
PRD-23,2004-09-01,51.8,3.8,0
PRD-23,2004-10-01,52.3,3.9,0
PRD-23,2004-11-01,49.2,3.7,0
PRD-23,2004-12-01,49.8,3.7,0
PRD-23,2005-01-01,51.5,3.9,0
PRD-23,2005-02-01,48.6,3.7,0
PRD-23,2005-03-01,45.7,3.5,0
PRD-23,2005-04-01,48.6,3.7,0
PRD-23,2005-05-01,46.3,3.5,0
PRD-23,2005-06-01,44.2,3.4,0
PRD-23,2005-07-01,49.9,3.9,0
PRD-23,2005-08-01,40.8,3.2,0
PRD-23,2005-09-01,51.2,4,0
PRD-23,2005-10-01,45.4,3.6,0
PRD-23,2005-11-01,43.3,3.4,0
PRD-23,2005-12-01,44.4,3.5,0
PRD-23,2006-01-01,40.6,3.2,0
PRD-23,2006-02-01,48.3,3.9,0
PRD-23,2006-03-01,50.9,4.1,0
PRD-23,2006-04-01,42.4,3.4,0
PRD-23,2006-05-01,43.9,3.6,0
PRD-23,2006-06-01,42.4,3.5,0
PRD-23,2006-07-01,41.5,3.4,0
PRD-23,2006-08-01,42.5,3.5,0
PRD-23,2006-09-01,41.1,3.4,0
PRD-23,2006-10-01,38.7,3.2,0
PRD-23,2006-11-01,40.4,3.4,0
PRD-23,2006-12-01,38,3.2,0
PRD-23,2007-01-01,38.6,3.3,0
PRD-23,2007-02-01,43.2,3.7,0
PRD-23,2007-03-01,37.7,3.2,0
PRD-23,2007-04-01,40.2,3.5,0
PRD-23,2007-05-01,36.9,3.2,0
PRD-23,2007-06-01,40.9,3.6,0
PRD-23,2007-07-01,39.9,3.5,0
PRD-23,2007-08-01,41.2,3.6,0
PRD-23,2007-09-01,36,3.2,0
PRD-23,2007-10-01,36.8,3.3,0
PRD-23,2007-11-01,35.2,3.1,0
PRD-23,2007-12-01,30.1,2.7,0
PRD-23,2008-01-01,33.3,3,0
PRD-23,2008-02-01,34.9,3.2,0
PRD-23,2008-03-01,34.2,3.1,0
PRD-23,2008-04-01,32.8,3,0
PRD-23,2008-05-01,32.8,3,0
PRD-23,2008-06-01,32,3,0
PRD-23,2008-07-01,36.3,3.4,0
PRD-23,2008-08-01,30.7,2.9,0
PRD-23,2008-09-01,33.7,3.1,0
PRD-23,2008-10-01,31.4,2.9,0
PRD-23,2008-11-01,32.6,3.1,0
PRD-23,2008-12-01,32.5,3.1,0
PRD-23,2009-01-01,32.2,3.1,0
PRD-23,2009-02-01,29.4,2.8,0
PRD-23,2009-03-01,30.3,2.9,0
PRD-23,2009-04-01,32.8,3.2,0
PRD-23,2009-05-01,28,2.7,0
PRD-23,2009-06-01,31.7,3.1,0
PRD-23,2009-07-01,28.1,2.7,0
PRD-23,2009-08-01,31.4,3.1,0
PRD-23,2009-09-01,27.3,2.7,0
PRD-23,2009-10-01,28.5,2.8,0
PRD-23,2009-11-01,29.4,2.9,0
PRD-23,2009-12-01,26.4,2.6,0
PRD-23,2010-01-01,30,3,0
PRD-23,2010-02-01,28.7,2.9,0
PRD-23,2010-03-01,27.2,2.7,0
PRD-23,2010-04-01,26.7,2.7,0
PRD-23,2010-05-01,26.6,2.7,0
PRD-23,2010-06-01,28.3,2.9,0
PRD-23,2010-07-01,24.6,2.5,0
PRD-23,2010-08-01,24.1,2.5,0
PRD-23,2010-09-01,26.1,2.7,0
PRD-23,2010-10-01,27.6,2.9,0
PRD-23,2010-11-01,29.3,3.1,0
PRD-23,2010-12-01,24.8,2.6,0
PRD-23,2011-01-01,25.3,2.7,0
PRD-23,2011-02-01,24.8,2.6,0
PRD-23,2011-03-01,23.1,2.4,0
PRD-23,2011-04-01,25.5,2.7,0
PRD-23,2011-05-01,12.3,1.3,0
PRD-23,2011-06-01,25.9,2.8,0
PRD-23,2011-07-01,25.1,2.7,0
PRD-23,2011-08-01,25.5,2.8,0
PRD-23,2011-09-01,22.2,2.4,0
PRD-23,2011-10-01,24.9,2.7,0
PRD-23,2011-11-01,21.2,2.3,0
PRD-23,2011-12-01,23.5,2.6,0
PRD-23,2012-01-01,22.7,2.5,0
PRD-23,2012-02-01,19.3,2.1,0
PRD-23,2012-03-01,22.5,2.5,0
PRD-23,2012-04-01,19.6,2.2,0
PRD-23,2012-05-01,22,2.5,0
PRD-23,2012-06-01,19.6,2.2,0
PRD-23,2012-07-01,21,2.4,0
PRD-23,2012-08-01,20.8,2.4,0
PRD-23,2012-09-01,20.8,2.4,0
PRD-23,2012-10-01,20.5,2.3,0
PRD-23,2012-11-01,21,2.4,0
PRD-23,2012-12-01,20.2,2.3,0
PRD-23,2013-01-01,20.3,2.3,0
PRD-23,2013-02-01,19.5,2.3,0
PRD-23,2013-03-01,18.9,2.2,0
PRD-23,2013-04-01,18.2,2.1,0
PRD-23,2013-05-01,19.4,2.3,0
PRD-23,2013-06-01,19.3,2.3,0
PRD-23,2013-07-01,19.7,2.3,0
PRD-23,2013-08-01,17.5,2.1,0
PRD-23,2013-09-01,16.9,2,0
PRD-23,2013-10-01,9.3,1.1,0
PRD-23,2013-11-01,16.9,2,0
PRD-23,2013-12-01,16.3,1.9,0
PRD-23,2014-01-01,16.9,2,0
PRD-23,2014-02-01,16.5,2,0
PRD-23,2014-03-01,17.3,2.1,0
PRD-23,2014-04-01,15.8,1.9,0
PRD-23,2014-05-01,16.1,2,0
PRD-23,2014-06-01,15.7,1.9,0
PRD-23,2014-07-01,15.6,1.9,0
PRD-23,2014-08-01,16.2,2,0
PRD-23,2014-09-01,14.4,1.8,0
PRD-23,2014-10-01,17.5,2.2,0
PRD-23,2014-11-01,16.6,2.1,0
PRD-23,2014-12-01,14.4,1.8,0
PRD-23,2015-01-01,14.5,1.8,0
PRD-23,2015-02-01,15,1.9,0
PRD-23,2015-03-01,15.9,2,0
PRD-23,2015-04-01,13.8,1.7,0
PRD-23,2015-05-01,16,2,0
PRD-23,2015-06-01,14.1,1.8,0
PRD-23,2015-07-01,14.1,1.8,0
PRD-23,2015-08-01,13.6,1.7,0
PRD-23,2015-09-01,12.9,1.7,0
PRD-23,2015-10-01,13.8,1.8,0
PRD-23,2015-11-01,14,1.8,0
PRD-23,2015-12-01,13.1,1.7,0
PRD-23,2016-01-01,13.7,1.8,0
PRD-23,2016-02-01,13.7,1.8,0
PRD-23,2016-03-01,14.2,1.9,0
PRD-23,2016-04-01,12.9,5,0
PRD-23,2016-05-01,12.6,13.6,0
PRD-23,2016-06-01,26,33.7,0
PRD-23,2016-07-01,50.2,47.3,0
PRD-23,2016-08-01,108.6,84.3,0
PRD-23,2016-09-01,141,120.7,0
PRD-23,2016-10-01,201.9,161.1,0
PRD-23,2016-11-01,203.1,168.7,0
PRD-23,2016-12-01,242.3,190.6,0
PRD-23,2017-01-01,298.8,234.9,0
PRD-23,2017-02-01,343.1,261.3,0
PRD-23,2017-03-01,362.5,254.7,0
PRD-23,2017-04-01,416.4,270.3,0
PRD-23,2017-05-01,433.4,304.1,0
PRD-23,2017-06-01,468.9,318.1,0
PRD-23,2017-07-01,586.3,316.4,0
PRD-23,2017-08-01,581.3,259.7,0
PRD-23,2017-09-01,514.9,359.5,0
PRD-23,2017-10-01,485.3,345.9,0
PRD-23,2017-11-01,493.9,426,0
PRD-23,2017-12-01,534.9,430.5,0
PRD-23,2018-01-01,497.1,400.1,0
PRD-23,2018-02-01,565.4,506.1,0
PRD-23,2018-03-01,498.5,414.5,0
PRD-23,2018-04-01,446.4,463.7,0
PRD-23,2018-05-01,489.1,440.8,0
PRD-23,2018-06-01,427,505,0
PRD-23,2018-07-01,439,538.2,0
PRD-23,2018-08-01,397.8,452.3,0
PRD-23,2018-09-01,459.8,673.1,0
PRD-23,2018-10-01,423.7,595,0
PRD-23,2018-11-01,405.7,633.1,0
PRD-23,2018-12-01,353.2,554.1,0
PRD-23,2019-01-01,372.4,644.4,0
PRD-23,2019-02-01,364.9,654.2,0
PRD-23,2019-03-01,348.9,555.6,0
PRD-23,2019-04-01,334.4,601,0
PRD-23,2019-05-01,360.6,635.8,0
PRD-23,2019-06-01,330.3,734.4,0
PRD-23,2019-07-01,299.1,732.8,0
PRD-23,2019-08-01,271.9,698.5,0
PRD-23,2019-09-01,242.7,637.3,0
PRD-23,2019-10-01,289.8,744.1,0
PRD-23,2019-11-01,278.9,774.6,0
PRD-23,2019-12-01,218.7,629.3,0
PRD-23,2020-01-01,241.1,736,0
PRD-23,2020-02-01,225.4,799.2,0
PRD-23,2020-03-01,200.2,673.3,0
PRD-23,2020-04-01,223.4,718,0
PRD-23,2020-05-01,216.9,716.5,0
PRD-23,2020-06-01,197.7,734,0
PRD-23,2020-07-01,211.8,711.9,0
PRD-23,2020-08-01,191.4,763.8,0
PRD-23,2020-09-01,188,729.1,0
PRD-23,2020-10-01,186.5,761.1,0
PRD-23,2020-11-01,187.6,768.3,0
PRD-23,2020-12-01,220.8,888.9,0
PRD-23,2021-01-01,204.4,810.6,0
PRD-23,2021-02-01,187.1,931,0
PRD-23,2021-03-01,169.5,702.1,0
PRD-23,2021-04-01,186,826.4,0
PRD-23,2021-05-01,185.1,782.7,0
PRD-23,2021-06-01,176.4,825.8,0
PRD-23,2021-07-01,179.6,798.5,0
PRD-23,2021-08-01,159.6,788.3,0
PRD-23,2021-09-01,151.9,771,0
PRD-23,2021-10-01,147.6,819.6,0
PRD-23,2021-11-01,164.8,879,0
PRD-23,2021-12-01,163.1,841.4,0
PRD-23,2022-01-01,161.9,818.2,0
PRD-23,2022-02-01,158.9,865.5,0
PRD-23,2022-03-01,154.2,777.2,0
PRD-23,2022-04-01,71.2,391.7,0
PRD-23,2022-05-01,164.8,850.6,0
PRD-23,2022-06-01,153.4,783.8,0
PRD-23,2022-07-01,148.6,841.4,0
PRD-23,2022-08-01,147.2,816.1,0
PRD-23,2022-09-01,135,866.3,0
PRD-23,2022-10-01,127.5,745.8,0
PRD-23,2022-11-01,142.5,1009.1,0
PRD-23,2022-12-01,137.4,860.2,0
PRD-23,2023-01-01,135,917.2,0
PRD-23,2023-02-01,133.2,908.7,0
PRD-23,2023-03-01,125.8,836.9,0
PRD-23,2023-04-01,123.5,887.8,0
PRD-23,2023-05-01,107.3,794.9,0
PRD-23,2023-06-01,114.9,837.1,0
PRD-23,2023-07-01,123.5,876.6,0
PRD-23,2023-08-01,109.2,888.9,0
PRD-23,2023-09-01,120.3,905.6,0
PRD-23,2023-10-01,108.8,822.7,0
PRD-23,2023-11-01,102.6,848,0
PRD-23,2023-12-01,103.7,897.2,0
PRD-23,2024-01-01,106.2,892.2,0
PRD-23,2024-02-01,91.7,900.8,0
PRD-23,2024-03-01,95.6,868.3,0
PRD-23,2024-04-01,106.2,906.7,0
PRD-23,2024-05-01,95.4,817.8,0
PRD-23,2024-06-01,101.2,883.2,0
PRD-23,2024-07-01,98.6,908.6,0
PRD-23,2024-08-01,87.4,876.5,0
PRD-23,2024-09-01,83.3,837,0
PRD-23,2024-10-01,95.2,914.8,0
PRD-23,2024-11-01,83.4,897.8,0
PRD-23,2024-12-01,66.6,748.5,0
PRD-23,2025-01-01,100.5,1018.2,0
PRD-23,2025-02-01,72.3,891.5,0
PRD-23,2025-03-01,74.9,823.6,0
PRD-23,2025-04-01,73.1,829.5,0
PRD-23,2025-05-01,80.7,891.4,0
PRD-23,2025-06-01,83.1,940,0
PRD-23,2025-07-01,78.5,852.2,0
PRD-23,2025-08-01,91.7,1022.3,0
PRD-23,2025-09-01,75.8,925.7,0
PRD-23,2025-10-01,78.4,943.9,0
PRD-23,2025-11-01,76.8,863,0
PRD-23,2025-12-01,68.9,871.2,0
PRD-23,2026-01-01,70.9,899.2,0
PRD-23,2026-02-01,72.1,989.3,0
PRD-23,2026-03-01,68.2,905.5,0
PRD-23,2026-04-01,72.1,947.7,0
PRD-23,2026-05-01,61.3,825.9,0
PRD-23,2026-06-01,61.1,847.4,0
PRD-23,2026-07-01,69.9,861.6,0
PRD-23,2026-08-01,68.5,923.5,0
PRD-24,2001-08-01,86.1,5,0
PRD-24,2001-09-01,74.6,4.4,0
PRD-24,2001-10-01,79.3,4.7,0
PRD-24,2001-11-01,85.3,5,0
PRD-24,2001-12-01,74.6,4.4,0
PRD-24,2002-01-01,79,4.7,0
PRD-24,2002-02-01,82.2,5,0
PRD-24,2002-03-01,76,4.6,0
PRD-24,2002-04-01,76.3,4.7,0
PRD-24,2002-05-01,69.7,4.3,0
PRD-24,2002-06-01,70.7,4.4,0
PRD-24,2002-07-01,67.3,4.2,0
PRD-24,2002-08-01,80,5,0
PRD-24,2002-09-01,72.7,4.6,0
PRD-24,2002-10-01,64,4.1,0
PRD-24,2002-11-01,66.4,4.3,0
PRD-24,2002-12-01,72,4.6,0
PRD-24,2003-01-01,74.3,4.8,0
PRD-24,2003-02-01,67,4.4,0
PRD-24,2003-03-01,70.6,4.7,0
PRD-24,2003-04-01,63.5,4.2,0
PRD-24,2003-05-01,63.8,4.3,0
PRD-24,2003-06-01,60.7,4.1,0
PRD-24,2003-07-01,66.5,4.5,0
PRD-24,2003-08-01,61.2,4.2,0
PRD-24,2003-09-01,63.2,4.3,0
PRD-24,2003-10-01,60,4.1,0
PRD-24,2003-11-01,62.2,4.3,0
PRD-24,2003-12-01,66.5,4.6,0
PRD-24,2004-01-01,65.1,4.6,0
PRD-24,2004-02-01,63.2,4.5,0
PRD-24,2004-03-01,60.1,4.3,0
PRD-24,2004-04-01,57.3,4.1,0
PRD-24,2004-05-01,63,4.5,0
PRD-24,2004-06-01,65,4.7,0
PRD-24,2004-07-01,55.7,4,0
PRD-24,2004-08-01,66.4,4.8,0
PRD-24,2004-09-01,64.8,4.8,0
PRD-24,2004-10-01,51.8,3.8,0
PRD-24,2004-11-01,58.6,4.3,0
PRD-24,2004-12-01,50.5,3.8,0
PRD-24,2005-01-01,56.7,4.2,0
PRD-24,2005-02-01,25.5,1.9,0
PRD-24,2005-03-01,52.3,4,0
PRD-24,2005-04-01,54.4,4.1,0
PRD-24,2005-05-01,59.1,4.5,0
PRD-24,2005-06-01,52.8,4.1,0
PRD-24,2005-07-01,53.8,4.2,0
PRD-24,2005-08-01,50.5,3.9,0
PRD-24,2005-09-01,49.4,3.9,0
PRD-24,2005-10-01,51.2,4,0
PRD-24,2005-11-01,46.2,3.7,0
PRD-24,2005-12-01,50.1,4,0
PRD-24,2006-01-01,50,4,0
PRD-24,2006-02-01,47.8,3.8,0
PRD-24,2006-03-01,47.3,3.8,0
PRD-24,2006-04-01,49.4,4,0
PRD-24,2006-05-01,47.8,3.9,0
PRD-24,2006-06-01,47.2,3.9,0
PRD-24,2006-07-01,45.2,3.7,0
PRD-24,2006-08-01,45,3.7,0
PRD-24,2006-09-01,45.2,3.8,0
PRD-24,2006-10-01,43.6,3.6,0
PRD-24,2006-11-01,49.9,4.2,0
PRD-24,2006-12-01,46.7,3.9,0
PRD-24,2007-01-01,43.4,3.7,0
PRD-24,2007-02-01,44,3.8,0
PRD-24,2007-03-01,41.1,3.5,0
PRD-24,2007-04-01,43.5,3.7,0
PRD-24,2007-05-01,40.4,3.5,0
PRD-24,2007-06-01,42.6,3.7,0
PRD-24,2007-07-01,41.9,3.7,0
PRD-24,2007-08-01,40.6,3.6,0
PRD-24,2007-09-01,42.5,3.8,0
PRD-24,2007-10-01,36.4,3.2,0
PRD-24,2007-11-01,41.2,3.7,0
PRD-24,2007-12-01,41.1,3.7,0
PRD-24,2008-01-01,39.3,3.5,0
PRD-24,2008-02-01,45.6,4.1,0
PRD-24,2008-03-01,37.5,3.4,0
PRD-24,2008-04-01,40.8,3.7,0
PRD-24,2008-05-01,34.8,3.2,0
PRD-24,2008-06-01,37.4,3.4,0
PRD-24,2008-07-01,36,3.3,0
PRD-24,2008-08-01,33.6,3.1,0
PRD-24,2008-09-01,37.9,3.5,0
PRD-24,2008-10-01,37.1,3.5,0
PRD-24,2008-11-01,40.3,3.8,0
PRD-24,2008-12-01,32.8,3.1,0
PRD-24,2009-01-01,37.4,3.6,0
PRD-24,2009-02-01,33.1,3.2,0
PRD-24,2009-03-01,34.6,3.3,0
PRD-24,2009-04-01,33.6,3.2,0
PRD-24,2009-05-01,34.9,3.4,0
PRD-24,2009-06-01,35.3,3.4,0
PRD-24,2009-07-01,33.7,3.3,0
PRD-24,2009-08-01,29.4,2.9,0
PRD-24,2009-09-01,28.5,2.8,0
PRD-24,2009-10-01,31.6,3.1,0
PRD-24,2009-11-01,29.1,2.9,0
PRD-24,2009-12-01,30.2,3,0
PRD-24,2010-01-01,33.5,3.4,0
PRD-24,2010-02-01,27.7,2.8,0
PRD-24,2010-03-01,29.5,3,0
PRD-24,2010-04-01,28.4,2.9,0
PRD-24,2010-05-01,29.4,3,0
PRD-24,2010-06-01,29,3,0
PRD-24,2010-07-01,14.4,1.5,0
PRD-24,2010-08-01,30.6,3.1,0
PRD-24,2010-09-01,28.4,2.9,0
PRD-24,2010-10-01,27.6,2.9,0
PRD-24,2010-11-01,31.6,3.3,0
PRD-24,2010-12-01,29.3,3.1,0
PRD-24,2011-01-01,30.7,3.2,0
PRD-24,2011-02-01,27,2.8,0
PRD-24,2011-03-01,27.2,2.9,0
PRD-24,2011-04-01,24.5,2.6,0
PRD-24,2011-05-01,26.6,2.8,0
PRD-24,2011-06-01,23.7,2.5,0
PRD-24,2011-07-01,27,2.9,0
PRD-24,2011-08-01,26.5,2.9,0
PRD-24,2011-09-01,25.2,2.7,0
PRD-24,2011-10-01,24.5,2.7,0
PRD-24,2011-11-01,23.6,2.6,0
PRD-24,2011-12-01,24.5,2.7,0
PRD-24,2012-01-01,24.3,2.7,0
PRD-24,2012-02-01,25.6,2.8,0
PRD-24,2012-03-01,23.9,2.6,0
PRD-24,2012-04-01,24.3,2.7,0
PRD-24,2012-05-01,23.6,2.6,0
PRD-24,2012-06-01,22.9,2.6,0
PRD-24,2012-07-01,21.2,2.4,0
PRD-24,2012-08-01,21.5,2.4,0
PRD-24,2012-09-01,19.5,2.2,0
PRD-24,2012-10-01,22.7,2.6,0
PRD-24,2012-11-01,20.4,2.3,0
PRD-24,2012-12-01,20.1,2.3,0
PRD-24,2013-01-01,19.5,2.2,0
PRD-24,2013-02-01,20.4,2.4,0
PRD-24,2013-03-01,19.7,2.3,0
PRD-24,2013-04-01,19.9,2.3,0
PRD-24,2013-05-01,20.5,2.4,0
PRD-24,2013-06-01,19,2.2,0
PRD-24,2013-07-01,20.1,2.4,0
PRD-24,2013-08-01,20,2.4,0
PRD-24,2013-09-01,18.6,2.2,0
PRD-24,2013-10-01,19.5,2.3,0
PRD-24,2013-11-01,20.6,2.5,0
PRD-24,2013-12-01,18.1,2.2,0
PRD-24,2014-01-01,20,2.4,0
PRD-24,2014-02-01,17.8,2.1,0
PRD-24,2014-03-01,16.5,2,0
PRD-24,2014-04-01,18.5,2.2,0
PRD-24,2014-05-01,17.9,2.2,0
PRD-24,2014-06-01,21.7,2.6,0
PRD-24,2014-07-01,17.3,2.1,0
PRD-24,2014-08-01,16.1,2,0
PRD-24,2014-09-01,16.1,2,0
PRD-24,2014-10-01,17,2.1,0
PRD-24,2014-11-01,17.9,2.2,0
PRD-24,2014-12-01,16.3,2,0
PRD-24,2015-01-01,16.6,2.1,0
PRD-24,2015-02-01,15.8,2,0
PRD-24,2015-03-01,15.6,2,0
PRD-24,2015-04-01,17.9,2.3,0
PRD-24,2015-05-01,14.8,1.9,0
PRD-24,2015-06-01,15.6,2,0
PRD-24,2015-07-01,16.6,2.1,0
PRD-24,2015-08-01,14.1,1.8,0
PRD-24,2015-09-01,15.1,1.9,0
PRD-24,2015-10-01,15.3,2,0
PRD-24,2015-11-01,14.3,1.8,0
PRD-24,2015-12-01,14.7,1.9,0
PRD-24,2016-01-01,16,2.1,0
PRD-24,2016-02-01,15.2,2,0
PRD-24,2016-03-01,14.4,1.9,0
PRD-24,2016-04-01,12.6,4.6,0
PRD-24,2016-05-01,13.3,13.4,0
PRD-24,2016-06-01,27.2,34.1,0
PRD-24,2016-07-01,60.1,55.8,0
PRD-24,2016-08-01,105.1,81,0
PRD-24,2016-09-01,154.2,129.4,0
PRD-24,2016-10-01,91.7,69.4,0
PRD-24,2016-11-01,216.3,164.4,0
PRD-24,2016-12-01,255.2,183.3,0
PRD-24,2017-01-01,250.1,176.1,0
PRD-24,2017-02-01,270.5,178.2,0
PRD-24,2017-03-01,286.4,170.9,0
PRD-24,2017-04-01,342.6,170.4,0
PRD-24,2017-05-01,319.4,184.1,0
PRD-24,2017-06-01,321.2,163,0
PRD-24,2017-07-01,329.3,120.8,0
PRD-24,2017-08-01,224.7,59.2,0
PRD-24,2017-09-01,300.5,167.6,0
PRD-24,2017-10-01,293.7,201.6,0
PRD-24,2017-11-01,285.9,235.5,0
PRD-24,2017-12-01,266.8,207.1,0
PRD-24,2018-01-01,262.6,213.7,0
PRD-24,2018-02-01,310.3,273.1,0
PRD-24,2018-03-01,278.8,238.3,0
PRD-24,2018-04-01,240.9,242.1,0
PRD-24,2018-05-01,303.3,223.9,0
PRD-24,2018-06-01,238.7,278.6,0
PRD-24,2018-07-01,231.5,315.2,0
PRD-24,2018-08-01,221,266.1,0
PRD-24,2018-09-01,218.8,350,0
PRD-24,2018-10-01,220,314.5,0
PRD-24,2018-11-01,209.5,352.9,0
PRD-24,2018-12-01,189.5,321,0
PRD-24,2019-01-01,190.2,346.1,0
PRD-24,2019-02-01,209,392.4,0
PRD-24,2019-03-01,159.6,302.3,0
PRD-24,2019-04-01,155.5,349.8,0
PRD-24,2019-05-01,170.5,383,0
PRD-24,2019-06-01,174.9,405.3,0
PRD-24,2019-07-01,148.1,375.9,0
PRD-24,2019-08-01,154.2,420.8,0
PRD-24,2019-09-01,147.7,429,0
PRD-24,2019-10-01,138.8,405.4,0
PRD-24,2019-11-01,135.5,397.6,0
PRD-24,2019-12-01,135.1,391,0
PRD-24,2020-01-01,121.2,408.6,0
PRD-24,2020-02-01,109.1,408.3,0
PRD-24,2020-03-01,110.2,381,0
PRD-24,2020-04-01,140.7,452.5,0
PRD-24,2020-05-01,113.7,365.1,0
PRD-24,2020-06-01,110.2,395.2,0
PRD-24,2020-07-01,107.6,366.7,0
PRD-24,2020-08-01,96,424.1,0
PRD-24,2020-09-01,111.3,458.9,0
PRD-24,2020-10-01,110.7,437,0
PRD-24,2020-11-01,98.5,423.8,0
PRD-24,2020-12-01,100.1,401,0
PRD-24,2021-01-01,91.7,350.3,0
PRD-24,2021-02-01,101.5,517.7,0
PRD-24,2021-03-01,92.7,384.9,0
PRD-24,2021-04-01,101.8,441.6,0
PRD-24,2021-05-01,99.9,413.7,0
PRD-24,2021-06-01,95.1,441.1,0
PRD-24,2021-07-01,103.8,463.9,0
PRD-24,2021-08-01,78,393,0
PRD-24,2021-09-01,85.9,423.1,0
PRD-24,2021-10-01,79.5,443.7,0
PRD-24,2021-11-01,77.6,405,0
PRD-24,2021-12-01,81.4,414.7,0
PRD-24,2022-01-01,83,399.2,0
PRD-24,2022-02-01,93.1,490.3,0
PRD-24,2022-03-01,89.6,423,0
PRD-24,2022-04-01,83.7,465.4,0
PRD-24,2022-05-01,92.1,436.6,0
PRD-24,2022-06-01,91.6,453.2,0
PRD-24,2022-07-01,78.3,438.5,0
PRD-24,2022-08-01,92.3,448.6,0
PRD-24,2022-09-01,77.9,472.8,0
PRD-24,2022-10-01,83.9,484.9,0
PRD-24,2022-11-01,64.4,487.5,0
PRD-24,2022-12-01,69.5,449.5,0
PRD-24,2023-01-01,71,495.7,0
PRD-24,2023-02-01,66.8,444,0
PRD-24,2023-03-01,57.6,424,0
PRD-24,2023-04-01,60.9,448.3,0
PRD-24,2023-05-01,63.2,473.1,0
PRD-24,2023-06-01,68,485.4,0
PRD-24,2023-07-01,61,441.8,0
PRD-24,2023-08-01,59.1,470.3,0
PRD-24,2023-09-01,65.6,480.5,0
PRD-24,2023-10-01,58.1,425.8,0
PRD-24,2023-11-01,59.1,468.7,0
PRD-24,2023-12-01,56,486.6,0
PRD-24,2024-01-01,55.3,460.1,0
PRD-24,2024-02-01,51.1,480.9,0
PRD-24,2024-03-01,57.7,488.7,0
PRD-24,2024-04-01,54.7,420,0
PRD-24,2024-05-01,55.1,468.1,0
PRD-24,2024-06-01,50.9,441.9,0
PRD-24,2024-07-01,47.5,415.6,0
PRD-24,2024-08-01,48.4,475.8,0
PRD-24,2024-09-01,46.7,481.2,0
PRD-24,2024-10-01,51.1,459.6,0
PRD-24,2024-11-01,50,527.5,0
PRD-24,2024-12-01,43.6,488.5,0
PRD-24,2025-01-01,50.4,495.4,0
PRD-24,2025-02-01,46,546.3,0
PRD-24,2025-03-01,43.3,486.3,0
PRD-24,2025-04-01,43.3,493.6,0
PRD-24,2025-05-01,40,435,0
PRD-24,2025-06-01,46.8,511.2,0
PRD-24,2025-07-01,46.7,504,0
PRD-24,2025-08-01,42.5,477.1,0
PRD-24,2025-09-01,36.9,452,0
PRD-24,2025-10-01,44.5,519.4,0
PRD-24,2025-11-01,52.2,580.6,0
PRD-24,2025-12-01,43.1,528.5,0
PRD-24,2026-01-01,41.7,552.5,0
PRD-24,2026-02-01,41,558.5,0
PRD-24,2026-03-01,38.1,481.6,0
PRD-24,2026-04-01,44.9,580.3,0
PRD-24,2026-05-01,35.7,484.3,0
PRD-24,2026-06-01,35.8,493.1,0
PRD-24,2026-07-01,38.9,477.1,0
PRD-24,2026-08-01,37.2,518.4,0
PRD-25,2000-04-01,49.4,2.5,0
PRD-25,2000-05-01,50.7,2.6,0
PRD-25,2000-06-01,46.4,2.4,0
PRD-25,2000-07-01,49.5,2.6,0
PRD-25,2000-08-01,49.4,2.6,0
PRD-25,2000-09-01,46.9,2.5,0
PRD-25,2000-10-01,46.3,2.5,0
PRD-25,2000-11-01,42.2,2.3,0
PRD-25,2000-12-01,51.5,2.8,0
PRD-25,2001-01-01,45.2,2.5,0
PRD-25,2001-02-01,43.7,2.4,0
PRD-25,2001-03-01,43.2,2.4,0
PRD-25,2001-04-01,46.6,2.6,0
PRD-25,2001-05-01,45.3,2.6,0
PRD-25,2001-06-01,47.6,2.7,0
PRD-25,2001-07-01,41.4,2.4,0
PRD-25,2001-08-01,44,2.5,0
PRD-25,2001-09-01,42.5,2.5,0
PRD-25,2001-10-01,41.6,2.4,0
PRD-25,2001-11-01,38.8,2.3,0
PRD-25,2001-12-01,37.6,2.2,0
PRD-25,2002-01-01,37.9,2.3,0
PRD-25,2002-02-01,38.1,2.3,0
PRD-25,2002-03-01,34.4,2.1,0
PRD-25,2002-04-01,40.8,2.5,0
PRD-25,2002-05-01,36.2,2.2,0
PRD-25,2002-06-01,37.9,2.4,0
PRD-25,2002-07-01,34,2.1,0
PRD-25,2002-08-01,34.3,2.2,0
PRD-25,2002-09-01,36.9,2.3,0
PRD-25,2002-10-01,35.3,2.2,0
PRD-25,2002-11-01,39.2,2.5,0
PRD-25,2002-12-01,36.5,2.4,0
PRD-25,2003-01-01,33.5,2.2,0
PRD-25,2003-02-01,35,2.3,0
PRD-25,2003-03-01,32.1,2.1,0
PRD-25,2003-04-01,33.8,2.2,0
PRD-25,2003-05-01,30.6,2,0
PRD-25,2003-06-01,35,2.3,0
PRD-25,2003-07-01,33.4,2.3,0
PRD-25,2003-08-01,31.5,2.1,0
PRD-25,2003-09-01,31,2.1,0
PRD-25,2003-10-01,31.3,2.2,0
PRD-25,2003-11-01,31.6,2.2,0
PRD-25,2003-12-01,28.9,2,0
PRD-25,2004-01-01,14.7,1,0
PRD-25,2004-02-01,27.1,1.9,0
PRD-25,2004-03-01,33.1,2.3,0
PRD-25,2004-04-01,30.9,2.2,0
PRD-25,2004-05-01,28.4,2,0
PRD-25,2004-06-01,32,2.3,0
PRD-25,2004-07-01,29.6,2.1,0
PRD-25,2004-08-01,31.1,2.3,0
PRD-25,2004-09-01,26.1,1.9,0
PRD-25,2004-10-01,29.9,2.2,0
PRD-25,2004-11-01,30.1,2.2,0
PRD-25,2004-12-01,27.6,2.1,0
PRD-25,2005-01-01,27.9,2.1,0
PRD-25,2005-02-01,28.7,2.2,0
PRD-25,2005-03-01,28.2,2.1,0
PRD-25,2005-04-01,24.2,1.8,0
PRD-25,2005-05-01,25.2,1.9,0
PRD-25,2005-06-01,25.3,1.9,0
PRD-25,2005-07-01,25.1,1.9,0
PRD-25,2005-08-01,26.9,2.1,0
PRD-25,2005-09-01,27.1,2.1,0
PRD-25,2005-10-01,25.5,2,0
PRD-25,2005-11-01,27.9,2.2,0
PRD-25,2005-12-01,25.7,2,0
PRD-25,2006-01-01,25.9,2.1,0
PRD-25,2006-02-01,26.8,2.2,0
PRD-25,2006-03-01,21.4,1.7,0
PRD-25,2006-04-01,22.4,1.8,0
PRD-25,2006-05-01,23.6,1.9,0
PRD-25,2006-06-01,24.7,2,0
PRD-25,2006-07-01,22.7,1.9,0
PRD-25,2006-08-01,25.3,2.1,0
PRD-25,2006-09-01,22,1.8,0
PRD-25,2006-10-01,22.6,1.9,0
PRD-25,2006-11-01,21.4,1.8,0
PRD-25,2006-12-01,21.3,1.8,0
PRD-25,2007-01-01,22.1,1.9,0
PRD-25,2007-02-01,21,1.8,0
PRD-25,2007-03-01,11.1,1,0
PRD-25,2007-04-01,23.4,2,0
PRD-25,2007-05-01,18.9,1.6,0
PRD-25,2007-06-01,22.4,1.9,0
PRD-25,2007-07-01,19.3,1.7,0
PRD-25,2007-08-01,20.2,1.8,0
PRD-25,2007-09-01,19.6,1.7,0
PRD-25,2007-10-01,18.9,1.7,0
PRD-25,2007-11-01,17.8,1.6,0
PRD-25,2007-12-01,20.5,1.8,0
PRD-25,2008-01-01,17.4,1.6,0
PRD-25,2008-02-01,18.3,1.7,0
PRD-25,2008-03-01,20.2,1.8,0
PRD-25,2008-04-01,17.2,1.6,0
PRD-25,2008-05-01,18.2,1.7,0
PRD-25,2008-06-01,18.9,1.7,0
PRD-25,2008-07-01,18,1.7,0
PRD-25,2008-08-01,17.2,1.6,0
PRD-25,2008-09-01,19.1,1.8,0
PRD-25,2008-10-01,17.4,1.6,0
PRD-25,2008-11-01,18.2,1.7,0
PRD-25,2008-12-01,16.7,1.6,0
PRD-25,2009-01-01,8.5,0.8,0
PRD-25,2009-02-01,17.9,1.7,0
PRD-25,2009-03-01,16.5,1.6,0
PRD-25,2009-04-01,18.4,1.8,0
PRD-25,2009-05-01,16.7,1.6,0
PRD-25,2009-06-01,16.3,1.6,0
PRD-25,2009-07-01,16.1,1.6,0
PRD-25,2009-08-01,16.3,1.6,0
PRD-25,2009-09-01,15.4,1.5,0
PRD-25,2009-10-01,17.4,1.7,0
PRD-25,2009-11-01,15.4,1.5,0
PRD-25,2009-12-01,15.5,1.5,0
PRD-25,2010-01-01,15.9,1.6,0
PRD-25,2010-02-01,16.4,1.6,0
PRD-25,2010-03-01,14.6,1.5,0
PRD-25,2010-04-01,8.3,0.8,0
PRD-25,2010-05-01,15.5,1.6,0
PRD-25,2010-06-01,14.2,1.4,0
PRD-25,2010-07-01,13.7,1.4,0
PRD-25,2010-08-01,14.2,1.5,0
PRD-25,2010-09-01,14.8,1.5,0
PRD-25,2010-10-01,15.8,1.6,0
PRD-25,2010-11-01,13.5,1.4,0
PRD-25,2010-12-01,12.8,1.3,0
PRD-25,2011-01-01,11.9,1.3,0
PRD-25,2011-02-01,12.6,1.3,0
PRD-25,2011-03-01,13.3,1.4,0
PRD-25,2011-04-01,12.5,1.3,0
PRD-25,2011-05-01,13.8,1.5,0
PRD-25,2011-06-01,12,1.3,0
PRD-25,2011-07-01,13,1.4,0
PRD-25,2011-08-01,12.5,1.4,0
PRD-25,2011-09-01,11.8,1.3,0
PRD-25,2011-10-01,11.7,1.3,0
PRD-25,2011-11-01,13.7,1.5,0
PRD-25,2011-12-01,12.1,1.3,0
PRD-25,2012-01-01,12.1,1.3,0
PRD-25,2012-02-01,12.1,1.3,0
PRD-25,2012-03-01,11.3,1.3,0
PRD-25,2012-04-01,11.3,1.3,0
PRD-25,2012-05-01,11.9,1.3,0
PRD-25,2012-06-01,11.5,1.3,0
PRD-25,2012-07-01,10.5,1.2,0
PRD-25,2012-08-01,10.7,1.2,0
PRD-25,2012-09-01,11.7,1.3,0
PRD-25,2012-10-01,11.3,1.3,0
PRD-25,2012-11-01,10.7,1.2,0
PRD-25,2012-12-01,11,1.3,0
PRD-25,2013-01-01,10.6,1.2,0
PRD-25,2013-02-01,6.2,0.7,0
PRD-25,2013-03-01,10.7,1.2,0
PRD-25,2013-04-01,10.1,1.2,0
PRD-25,2013-05-01,9.9,1.2,0
PRD-25,2013-06-01,9.9,1.2,0
PRD-25,2013-07-01,9.8,1.1,0
PRD-25,2013-08-01,11.7,1.4,0
PRD-25,2013-09-01,10.3,1.2,0
PRD-25,2013-10-01,9.4,1.1,0
PRD-25,2013-11-01,9.9,1.2,0
PRD-25,2013-12-01,10.5,1.3,0
PRD-25,2014-01-01,9.1,1.1,0
PRD-25,2014-02-01,10.5,1.3,0
PRD-25,2014-03-01,9.5,1.1,0
PRD-25,2014-04-01,9.6,1.2,0
PRD-25,2014-05-01,10,1.2,0
PRD-25,2014-06-01,7.9,1,0
PRD-25,2014-07-01,8.8,1.1,0
PRD-25,2014-08-01,8.4,1,0
PRD-25,2014-09-01,8.3,1,0
PRD-25,2014-10-01,8.8,1.1,0
PRD-25,2014-11-01,8.5,1.1,0
PRD-25,2014-12-01,9.3,1.2,0
PRD-25,2015-01-01,8.7,1.1,0
PRD-25,2015-02-01,7,0.9,0
PRD-25,2015-03-01,8.5,1.1,0
PRD-25,2015-04-01,8.9,1.1,0
PRD-25,2015-05-01,7.6,1,0
PRD-25,2015-06-01,8.1,1,0
PRD-25,2015-07-01,7,0.9,0
PRD-25,2015-08-01,8.1,1,0
PRD-25,2015-09-01,7.5,1,0
PRD-25,2015-10-01,7,0.9,0
PRD-25,2015-11-01,7.4,1,0
PRD-25,2015-12-01,8.2,1.1,0
PRD-25,2016-01-01,8.3,1.1,0
PRD-25,2016-02-01,7.1,0.9,0
PRD-25,2016-03-01,7.1,0.9,0
PRD-25,2016-04-01,7,0.9,0
PRD-25,2016-05-01,7,0.9,0
PRD-25,2016-06-01,8.2,1.1,0
PRD-25,2016-07-01,7.1,0.9,0
PRD-25,2016-08-01,7.1,0.9,0
PRD-25,2016-09-01,6.5,0.9,0
PRD-25,2016-10-01,7.3,1,0
PRD-25,2016-11-01,6.4,0.9,0
PRD-25,2016-12-01,7.2,1,0
PRD-25,2017-01-01,6.6,0.9,0
PRD-25,2017-02-01,7.4,1,0
PRD-25,2017-03-01,6.7,0.9,0
PRD-25,2017-04-01,6.3,0.9,0
PRD-25,2017-05-01,6.4,0.9,0
PRD-25,2017-06-01,6.8,0.9,0
PRD-25,2017-07-01,6.3,0.9,0
PRD-25,2017-08-01,6.1,0.8,0
PRD-25,2017-09-01,6.1,0.8,0
PRD-25,2017-10-01,5.9,0.8,0
PRD-25,2017-11-01,6.2,0.9,0
PRD-25,2017-12-01,5.8,0.8,0
PRD-25,2018-01-01,5.6,0.8,0
PRD-25,2018-02-01,5.5,0.8,0
PRD-25,2018-03-01,5.5,0.8,0
PRD-25,2018-04-01,2.8,0.4,0
PRD-25,2018-05-01,5.5,0.8,0
PRD-25,2018-06-01,5.1,0.7,0
PRD-25,2018-07-01,5,0.7,0
PRD-25,2018-08-01,5.3,0.8,0
PRD-25,2018-09-01,5.5,0.8,0
PRD-25,2018-10-01,5.3,0.8,0
PRD-25,2018-11-01,5.2,0.8,0
PRD-25,2018-12-01,4.9,0.7,0
PRD-25,2019-01-01,5.5,0.8,0
PRD-25,2019-02-01,4.8,0.7,0
PRD-25,2019-03-01,4.7,0.7,0
PRD-25,2019-04-01,4.8,0.7,0
PRD-25,2019-05-01,4.9,0.7,0
PRD-25,2019-06-01,5.1,0.8,0
PRD-25,2019-07-01,4.9,0.7,0
PRD-25,2019-08-01,4.4,0.7,0
PRD-25,2019-09-01,5.4,0.8,0
PRD-25,2019-10-01,4.9,0.7,0
PRD-25,2019-11-01,5.1,0.8,0
PRD-25,2019-12-01,4.6,0.7,0
PRD-25,2020-01-01,4.6,0.7,0
PRD-25,2020-02-01,5,0.7,0
PRD-25,2020-03-01,4.7,0.7,0
PRD-25,2020-04-01,4.5,0.7,0
PRD-25,2020-05-01,4.9,0.7,0
PRD-25,2020-06-01,4.6,0.7,0
PRD-25,2020-07-01,4.1,0.6,0
PRD-25,2020-08-01,2.2,0.3,0
PRD-25,2020-09-01,3.7,0.6,0
PRD-25,2020-10-01,4.4,0.7,0
PRD-25,2020-11-01,4.2,0.6,0
PRD-25,2020-12-01,4.1,0.6,0
PRD-25,2021-01-01,4,0.6,0
PRD-25,2021-02-01,4.1,0.6,0
PRD-25,2021-03-01,3.7,0.6,0
PRD-25,2021-04-01,4.2,0.6,0
PRD-25,2021-05-01,3.5,0.5,0
PRD-25,2021-06-01,4.1,0.6,0
PRD-25,2021-07-01,1.9,0.3,0
PRD-25,2021-08-01,3.9,0.6,0
PRD-25,2021-09-01,3.8,0.6,0
PRD-25,2021-10-01,3.6,0.5,0
PRD-25,2021-11-01,4.2,0.6,0
PRD-25,2021-12-01,3.6,0.5,0
PRD-25,2022-01-01,3.7,0.5,0
PRD-25,2022-02-01,3.9,0.6,0
PRD-25,2022-03-01,3.6,0.5,0
PRD-25,2022-04-01,3.8,0.6,0
PRD-25,2022-05-01,3.2,0.5,0
PRD-25,2022-06-01,3.5,0.5,0
PRD-25,2022-07-01,3.2,0.5,0
PRD-25,2022-08-01,3.5,0.5,0
PRD-25,2022-09-01,3.1,0.5,0
PRD-25,2022-10-01,3.2,0.5,0
PRD-25,2022-11-01,3.3,0.5,0
PRD-25,2022-12-01,3.2,0.5,0
PRD-25,2023-01-01,2.8,0.4,0
PRD-25,2023-02-01,3.4,0.5,0
PRD-25,2023-03-01,3.2,0.5,0
PRD-25,2023-04-01,3.1,0.5,0
PRD-25,2023-05-01,3.1,0.5,0
PRD-25,2023-06-01,3,0.5,0
PRD-25,2023-07-01,3.3,0.5,0
PRD-25,2023-08-01,3,0.5,0
PRD-25,2023-09-01,3,0.4,0
PRD-25,2023-10-01,2.9,0.4,0
PRD-25,2023-11-01,2.7,0.4,0
PRD-25,2023-12-01,3,0.4,0
PRD-25,2024-01-01,2.9,0.4,0
PRD-25,2024-02-01,2.7,0.4,0
PRD-25,2024-03-01,1.3,0.2,0
PRD-25,2024-04-01,2.5,0.4,0
PRD-25,2024-05-01,3.1,0.5,0
PRD-25,2024-06-01,2.8,0.4,0
PRD-25,2024-07-01,2.8,0.4,0
PRD-25,2024-08-01,2.8,0.4,0
PRD-25,2024-09-01,2.7,0.4,0
PRD-25,2024-10-01,3,0.4,0
PRD-25,2024-11-01,2.5,0.4,0
PRD-25,2024-12-01,2.6,0.4,0
PRD-25,2025-01-01,2.4,0.4,0
PRD-25,2025-02-01,2.6,0.4,0
PRD-25,2025-03-01,2.3,0.3,0
PRD-25,2025-04-01,2.5,0.4,0
PRD-25,2025-05-01,2.2,0.3,0
PRD-25,2025-06-01,2.6,0.4,0
PRD-25,2025-07-01,2.5,0.4,0
PRD-25,2025-08-01,2.4,0.4,0
PRD-25,2025-09-01,2.3,0.3,0
PRD-25,2025-10-01,2.3,0.3,0
PRD-25,2025-11-01,2,0.3,0
PRD-25,2025-12-01,2.4,0.4,0
PRD-25,2026-01-01,2.2,0.3,0
PRD-25,2026-02-01,2.2,0.3,0
PRD-25,2026-03-01,2.4,0.4,0
PRD-25,2026-04-01,1.9,0.3,0
PRD-25,2026-05-01,2,0.3,0
PRD-25,2026-06-01,2.2,0.3,0
PRD-25,2026-07-01,2,0.3,0
PRD-25,2026-08-01,2.4,0.4,0
